region_count,nuclei_count,weak_count,medium_count,strong_count,positive_nuclei_count,tissue_pixels,positive_pixels,positive_area_pct,positive_nuclei_pct,weak_1plus_pct,medium_2plus_pct,strong_3plus_pct,pred_intensity_score,pred_percent_score,pred_final_score,pred_expression,relative_dir,file,source_image,image_path
55,66,37,15,3,66,61884,16801,27.15,100.0,67.27,27.27,5.45,2,3,6,high,0,DNMT3A_1874_block1.jpg_x1024_y1280.jpg,DNMT3A_1874_block1.jpg,260509-HPA_DNMT3a_Patches影像檔案\256\0\DNMT3A_1874_block1.jpg_x1024_y1280.jpg
57,61,49,8,0,61,60390,16552,27.41,100.0,85.96,14.04,0.0,2,3,6,high,0,DNMT3A_1874_block1.jpg_x1024_y1792.jpg,DNMT3A_1874_block1.jpg,260509-HPA_DNMT3a_Patches影像檔案\256\0\DNMT3A_1874_block1.jpg_x1024_y1792.jpg
58,53,46,9,3,53,61174,16583,27.11,100.0,79.31,15.52,5.17,2,3,6,high,0,DNMT3A_1874_block1.jpg_x1024_y2048.jpg,DNMT3A_1874_block1.jpg,260509-HPA_DNMT3a_Patches影像檔案\256\0\DNMT3A_1874_block1.jpg_x1024_y2048.jpg
62,72,48,12,2,72,61066,17144,28.07,100.0,77.42,19.35,3.23,2,3,6,high,0,DNMT3A_1874_block1.jpg_x1024_y2304.jpg,DNMT3A_1874_block1.jpg,260509-HPA_DNMT3a_Patches影像檔案\256\0\DNMT3A_1874_block1.jpg_x1024_y2304.jpg
32,68,30,2,0,66,59847,17000,28.41,97.06,93.75,6.25,0.0,1,3,3,low,0,DNMT3A_1874_block1.jpg_x1280_y1536.jpg,DNMT3A_1874_block1.jpg,260509-HPA_DNMT3a_Patches影像檔案\256\0\DNMT3A_1874_block1.jpg_x1280_y1536.jpg
65,76,58,6,1,76,61111,16735,27.38,100.0,89.23,9.23,1.54,1,3,3,low,0,DNMT3A_1874_block1.jpg_x1280_y2304.jpg,DNMT3A_1874_block1.jpg,260509-HPA_DNMT3a_Patches影像檔案\256\0\DNMT3A_1874_block1.jpg_x1280_y2304.jpg
54,62,47,7,0,62,60992,16378,26.85,100.0,87.04,12.96,0.0,2,3,6,high,0,DNMT3A_1874_block1.jpg_x1280_y2560.jpg,DNMT3A_1874_block1.jpg,260509-HPA_DNMT3a_Patches影像檔案\256\0\DNMT3A_1874_block1.jpg_x1280_y2560.jpg
39,72,17,17,5,72,62250,17430,28.0,100.0,43.59,43.59,12.82,3,3,9,high,0,DNMT3A_1874_block1.jpg_x1536_y1024.jpg,DNMT3A_1874_block1.jpg,260509-HPA_DNMT3a_Patches影像檔案\256\0\DNMT3A_1874_block1.jpg_x1536_y1024.jpg
43,50,29,13,1,50,59528,16719,28.09,100.0,67.44,30.23,2.33,2,3,6,high,0,DNMT3A_1874_block1.jpg_x1536_y1280.jpg,DNMT3A_1874_block1.jpg,260509-HPA_DNMT3a_Patches影像檔案\256\0\DNMT3A_1874_block1.jpg_x1536_y1280.jpg
53,69,50,2,1,68,61556,17047,27.69,98.55,94.34,3.77,1.89,1,3,3,low,0,DNMT3A_1874_block1.jpg_x1536_y2304.jpg,DNMT3A_1874_block1.jpg,260509-HPA_DNMT3a_Patches影像檔案\256\0\DNMT3A_1874_block1.jpg_x1536_y2304.jpg
74,59,65,8,1,59,62175,15979,25.7,100.0,87.84,10.81,1.35,2,3,6,high,0,DNMT3A_1874_block1.jpg_x1536_y2560.jpg,DNMT3A_1874_block1.jpg,260509-HPA_DNMT3a_Patches影像檔案\256\0\DNMT3A_1874_block1.jpg_x1536_y2560.jpg
58,63,33,20,5,63,62238,17072,27.43,100.0,56.9,34.48,8.62,2,3,6,high,0,DNMT3A_1874_block1.jpg_x1792_y1536.jpg,DNMT3A_1874_block1.jpg,260509-HPA_DNMT3a_Patches影像檔案\256\0\DNMT3A_1874_block1.jpg_x1792_y1536.jpg
48,54,36,10,2,54,62082,17520,28.22,100.0,75.0,20.83,4.17,2,3,6,high,0,DNMT3A_1874_block1.jpg_x1792_y1792.jpg,DNMT3A_1874_block1.jpg,260509-HPA_DNMT3a_Patches影像檔案\256\0\DNMT3A_1874_block1.jpg_x1792_y1792.jpg
64,69,33,25,6,69,62227,16731,26.89,100.0,51.56,39.06,9.38,2,3,6,high,0,DNMT3A_1874_block1.jpg_x1792_y2048.jpg,DNMT3A_1874_block1.jpg,260509-HPA_DNMT3a_Patches影像檔案\256\0\DNMT3A_1874_block1.jpg_x1792_y2048.jpg
69,66,50,15,4,66,62224,16963,27.26,100.0,72.46,21.74,5.8,2,3,6,high,0,DNMT3A_1874_block1.jpg_x1792_y2304.jpg,DNMT3A_1874_block1.jpg,260509-HPA_DNMT3a_Patches影像檔案\256\0\DNMT3A_1874_block1.jpg_x1792_y2304.jpg
64,60,57,4,3,60,62233,17336,27.86,100.0,89.06,6.25,4.69,2,3,6,high,0,DNMT3A_1874_block1.jpg_x2048_y1792.jpg,DNMT3A_1874_block1.jpg,260509-HPA_DNMT3a_Patches影像檔案\256\0\DNMT3A_1874_block1.jpg_x2048_y1792.jpg
60,58,46,12,2,57,62251,16807,27.0,98.28,76.67,20.0,3.33,2,3,6,high,0,DNMT3A_1874_block1.jpg_x2048_y2048.jpg,DNMT3A_1874_block1.jpg,260509-HPA_DNMT3a_Patches影像檔案\256\0\DNMT3A_1874_block1.jpg_x2048_y2048.jpg
61,58,44,15,2,58,62097,17206,27.71,100.0,72.13,24.59,3.28,2,3,6,high,0,DNMT3A_1874_block1.jpg_x2048_y2304.jpg,DNMT3A_1874_block1.jpg,260509-HPA_DNMT3a_Patches影像檔案\256\0\DNMT3A_1874_block1.jpg_x2048_y2304.jpg
55,68,51,3,1,68,61442,16816,27.37,100.0,92.73,5.45,1.82,1,3,3,low,0,DNMT3A_1874_block1.jpg_x256_y1280.jpg,DNMT3A_1874_block1.jpg,260509-HPA_DNMT3a_Patches影像檔案\256\0\DNMT3A_1874_block1.jpg_x256_y1280.jpg
40,69,36,2,2,69,61258,17508,28.58,100.0,90.0,5.0,5.0,1,3,3,low,0,DNMT3A_1874_block1.jpg_x768_y1280.jpg,DNMT3A_1874_block1.jpg,260509-HPA_DNMT3a_Patches影像檔案\256\0\DNMT3A_1874_block1.jpg_x768_y1280.jpg
52,56,40,12,0,56,60424,16355,27.07,100.0,76.92,23.08,0.0,2,3,6,high,0,DNMT3A_1874_block1.jpg_x768_y1536.jpg,DNMT3A_1874_block1.jpg,260509-HPA_DNMT3a_Patches影像檔案\256\0\DNMT3A_1874_block1.jpg_x768_y1536.jpg
14,19,9,4,1,19,22848,3384,14.81,100.0,64.29,28.57,7.14,2,3,6,high,0,DNMT3A_1882_block1.jpg_x1024_y1792.jpg,DNMT3A_1882_block1.jpg,260509-HPA_DNMT3a_Patches影像檔案\256\0\DNMT3A_1882_block1.jpg_x1024_y1792.jpg
19,28,14,3,2,28,42669,6650,15.59,100.0,73.68,15.79,10.53,2,3,6,high,0,DNMT3A_1882_block1.jpg_x1280_y1792.jpg,DNMT3A_1882_block1.jpg,260509-HPA_DNMT3a_Patches影像檔案\256\0\DNMT3A_1882_block1.jpg_x1280_y1792.jpg
26,36,23,3,0,36,45806,7875,17.19,100.0,88.46,11.54,0.0,2,3,6,high,0,DNMT3A_1882_block1.jpg_x1280_y2048.jpg,DNMT3A_1882_block1.jpg,260509-HPA_DNMT3a_Patches影像檔案\256\0\DNMT3A_1882_block1.jpg_x1280_y2048.jpg
19,24,11,5,3,24,36246,5117,14.12,100.0,57.89,26.32,15.79,3,3,9,high,0,DNMT3A_1882_block1.jpg_x1280_y2304.jpg,DNMT3A_1882_block1.jpg,260509-HPA_DNMT3a_Patches影像檔案\256\0\DNMT3A_1882_block1.jpg_x1280_y2304.jpg
17,17,10,3,4,17,23002,2287,9.94,100.0,58.82,17.65,23.53,3,3,9,high,0,DNMT3A_1882_block1.jpg_x1280_y2560.jpg,DNMT3A_1882_block1.jpg,260509-HPA_DNMT3a_Patches影像檔案\256\0\DNMT3A_1882_block1.jpg_x1280_y2560.jpg
17,21,11,2,4,21,30898,4980,16.12,100.0,64.71,11.76,23.53,3,3,9,high,0,DNMT3A_1882_block1.jpg_x1280_y512.jpg,DNMT3A_1882_block1.jpg,260509-HPA_DNMT3a_Patches影像檔案\256\0\DNMT3A_1882_block1.jpg_x1280_y512.jpg
16,24,13,1,2,24,41611,5909,14.2,100.0,81.25,6.25,12.5,3,3,9,high,0,DNMT3A_1882_block1.jpg_x1280_y768.jpg,DNMT3A_1882_block1.jpg,260509-HPA_DNMT3a_Patches影像檔案\256\0\DNMT3A_1882_block1.jpg_x1280_y768.jpg
12,16,7,3,2,16,21676,3232,14.91,100.0,58.33,25.0,16.67,3,3,9,high,0,DNMT3A_1882_block1.jpg_x1536_y1024.jpg,DNMT3A_1882_block1.jpg,260509-HPA_DNMT3a_Patches影像檔案\256\0\DNMT3A_1882_block1.jpg_x1536_y1024.jpg
16,24,14,1,1,24,30185,9036,29.94,100.0,87.5,6.25,6.25,2,3,6,high,0,DNMT3A_1882_block1.jpg_x1536_y1792.jpg,DNMT3A_1882_block1.jpg,260509-HPA_DNMT3a_Patches影像檔案\256\0\DNMT3A_1882_block1.jpg_x1536_y1792.jpg
18,25,12,2,4,25,33027,8220,24.89,100.0,66.67,11.11,22.22,3,3,9,high,0,DNMT3A_1882_block1.jpg_x1536_y2048.jpg,DNMT3A_1882_block1.jpg,260509-HPA_DNMT3a_Patches影像檔案\256\0\DNMT3A_1882_block1.jpg_x1536_y2048.jpg
24,32,16,6,2,32,39059,8448,21.63,100.0,66.67,25.0,8.33,2,3,6,high,0,DNMT3A_1882_block1.jpg_x1536_y2304.jpg,DNMT3A_1882_block1.jpg,260509-HPA_DNMT3a_Patches影像檔案\256\0\DNMT3A_1882_block1.jpg_x1536_y2304.jpg
12,20,6,2,4,20,32173,5167,16.06,100.0,50.0,16.67,33.33,3,3,9,high,0,DNMT3A_1882_block1.jpg_x1536_y256.jpg,DNMT3A_1882_block1.jpg,260509-HPA_DNMT3a_Patches影像檔案\256\0\DNMT3A_1882_block1.jpg_x1536_y256.jpg
10,16,8,1,1,16,28862,4171,14.45,100.0,80.0,10.0,10.0,2,3,6,high,0,DNMT3A_1882_block1.jpg_x1536_y2560.jpg,DNMT3A_1882_block1.jpg,260509-HPA_DNMT3a_Patches影像檔案\256\0\DNMT3A_1882_block1.jpg_x1536_y2560.jpg
22,28,12,7,3,28,38962,4488,11.52,100.0,54.55,31.82,13.64,3,3,9,high,0,DNMT3A_1882_block1.jpg_x1536_y512.jpg,DNMT3A_1882_block1.jpg,260509-HPA_DNMT3a_Patches影像檔案\256\0\DNMT3A_1882_block1.jpg_x1536_y512.jpg
10,14,7,2,1,13,19869,2120,10.67,92.86,70.0,20.0,10.0,2,3,6,high,0,DNMT3A_1882_block1.jpg_x1792_y2048.jpg,DNMT3A_1882_block1.jpg,260509-HPA_DNMT3a_Patches影像檔案\256\0\DNMT3A_1882_block1.jpg_x1792_y2048.jpg
8,11,7,0,1,11,18531,2587,13.96,100.0,87.5,0.0,12.5,2,3,6,high,0,DNMT3A_1882_block1.jpg_x1792_y2304.jpg,DNMT3A_1882_block1.jpg,260509-HPA_DNMT3a_Patches影像檔案\256\0\DNMT3A_1882_block1.jpg_x1792_y2304.jpg
15,13,9,1,5,13,34679,3076,8.87,100.0,60.0,6.67,33.33,3,3,9,high,0,DNMT3A_1882_block1.jpg_x1792_y256.jpg,DNMT3A_1882_block1.jpg,260509-HPA_DNMT3a_Patches影像檔案\256\0\DNMT3A_1882_block1.jpg_x1792_y256.jpg
18,24,9,3,6,24,39970,4384,10.97,100.0,50.0,16.67,33.33,3,3,9,high,0,DNMT3A_1882_block1.jpg_x1792_y512.jpg,DNMT3A_1882_block1.jpg,260509-HPA_DNMT3a_Patches影像檔案\256\0\DNMT3A_1882_block1.jpg_x1792_y512.jpg
17,19,9,1,7,19,33198,4684,14.11,100.0,52.94,5.88,41.18,3,3,9,high,0,DNMT3A_1882_block1.jpg_x1792_y768.jpg,DNMT3A_1882_block1.jpg,260509-HPA_DNMT3a_Patches影像檔案\256\0\DNMT3A_1882_block1.jpg_x1792_y768.jpg
13,20,8,4,1,20,26089,5847,22.41,100.0,61.54,30.77,7.69,2,3,6,high,0,DNMT3A_1882_block1.jpg_x2048_y1024.jpg,DNMT3A_1882_block1.jpg,260509-HPA_DNMT3a_Patches影像檔案\256\0\DNMT3A_1882_block1.jpg_x2048_y1024.jpg
11,14,8,2,1,14,18161,5078,27.96,100.0,72.73,18.18,9.09,2,3,6,high,0,DNMT3A_1882_block1.jpg_x2048_y1280.jpg,DNMT3A_1882_block1.jpg,260509-HPA_DNMT3a_Patches影像檔案\256\0\DNMT3A_1882_block1.jpg_x2048_y1280.jpg
7,8,5,2,0,8,12828,3813,29.72,100.0,71.43,28.57,0.0,2,3,6,high,0,DNMT3A_1882_block1.jpg_x2048_y1792.jpg,DNMT3A_1882_block1.jpg,260509-HPA_DNMT3a_Patches影像檔案\256\0\DNMT3A_1882_block1.jpg_x2048_y1792.jpg
14,8,2,7,5,8,15691,4642,29.58,100.0,14.29,50.0,35.71,3,3,9,high,0,DNMT3A_1882_block1.jpg_x2048_y2048.jpg,DNMT3A_1882_block1.jpg,260509-HPA_DNMT3a_Patches影像檔案\256\0\DNMT3A_1882_block1.jpg_x2048_y2048.jpg
9,10,7,1,1,10,13515,4011,29.68,100.0,77.78,11.11,11.11,2,3,6,high,0,DNMT3A_1882_block1.jpg_x2048_y2304.jpg,DNMT3A_1882_block1.jpg,260509-HPA_DNMT3a_Patches影像檔案\256\0\DNMT3A_1882_block1.jpg_x2048_y2304.jpg
10,13,1,4,5,13,23091,4020,17.41,100.0,10.0,40.0,50.0,3,3,9,high,0,DNMT3A_1882_block1.jpg_x2048_y768.jpg,DNMT3A_1882_block1.jpg,260509-HPA_DNMT3a_Patches影像檔案\256\0\DNMT3A_1882_block1.jpg_x2048_y768.jpg
11,9,8,3,0,9,9996,2804,28.05,100.0,72.73,27.27,0.0,2,3,6,high,0,DNMT3A_1882_block1.jpg_x2304_y2304.jpg,DNMT3A_1882_block1.jpg,260509-HPA_DNMT3a_Patches影像檔案\256\0\DNMT3A_1882_block1.jpg_x2304_y2304.jpg
8,5,6,1,1,5,13183,3932,29.83,100.0,75.0,12.5,12.5,3,3,9,high,0,DNMT3A_1882_block1.jpg_x2304_y768.jpg,DNMT3A_1882_block1.jpg,260509-HPA_DNMT3a_Patches影像檔案\256\0\DNMT3A_1882_block1.jpg_x2304_y768.jpg
17,9,15,2,0,9,19184,5076,26.46,100.0,88.24,11.76,0.0,2,3,6,high,0,DNMT3A_1882_block1.jpg_x2560_y1280.jpg,DNMT3A_1882_block1.jpg,260509-HPA_DNMT3a_Patches影像檔案\256\0\DNMT3A_1882_block1.jpg_x2560_y1280.jpg
10,11,8,0,2,11,18001,5328,29.6,100.0,80.0,0.0,20.0,3,3,9,high,0,DNMT3A_1882_block1.jpg_x2560_y1536.jpg,DNMT3A_1882_block1.jpg,260509-HPA_DNMT3a_Patches影像檔案\256\0\DNMT3A_1882_block1.jpg_x2560_y1536.jpg
10,12,6,3,1,12,9782,2853,29.17,100.0,60.0,30.0,10.0,2,3,6,high,0,DNMT3A_1882_block1.jpg_x256_y1280.jpg,DNMT3A_1882_block1.jpg,260509-HPA_DNMT3a_Patches影像檔案\256\0\DNMT3A_1882_block1.jpg_x256_y1280.jpg
9,9,1,6,2,9,11703,3473,29.68,100.0,11.11,66.67,22.22,3,3,9,high,0,DNMT3A_1882_block1.jpg_x256_y1536.jpg,DNMT3A_1882_block1.jpg,260509-HPA_DNMT3a_Patches影像檔案\256\0\DNMT3A_1882_block1.jpg_x256_y1536.jpg
10,15,8,0,2,15,29904,4109,13.74,100.0,80.0,0.0,20.0,3,3,9,high,0,DNMT3A_1882_block1.jpg_x512_y1536.jpg,DNMT3A_1882_block1.jpg,260509-HPA_DNMT3a_Patches影像檔案\256\0\DNMT3A_1882_block1.jpg_x512_y1536.jpg
17,27,17,0,0,27,39270,8910,22.69,100.0,100.0,0.0,0.0,1,3,3,low,0,DNMT3A_1882_block1.jpg_x512_y1792.jpg,DNMT3A_1882_block1.jpg,260509-HPA_DNMT3a_Patches影像檔案\256\0\DNMT3A_1882_block1.jpg_x512_y1792.jpg
15,22,10,4,1,22,33261,5848,17.58,100.0,66.67,26.67,6.67,2,3,6,high,0,DNMT3A_1882_block1.jpg_x768_y2304.jpg,DNMT3A_1882_block1.jpg,260509-HPA_DNMT3a_Patches影像檔案\256\0\DNMT3A_1882_block1.jpg_x768_y2304.jpg
9,12,3,2,4,12,22315,3097,13.88,100.0,33.33,22.22,44.44,3,3,9,high,0,DNMT3A_1882_block1.jpg_x768_y768.jpg,DNMT3A_1882_block1.jpg,260509-HPA_DNMT3a_Patches影像檔案\256\0\DNMT3A_1882_block1.jpg_x768_y768.jpg
50,25,40,8,2,24,57819,16450,28.45,96.0,80.0,16.0,4.0,2,3,6,high,0,DNMT3A_1939_block1.jpg_x1024_y1024.jpg,DNMT3A_1939_block1.jpg,260509-HPA_DNMT3a_Patches影像檔案\256\0\DNMT3A_1939_block1.jpg_x1024_y1024.jpg
28,28,26,1,1,28,57470,16871,29.36,100.0,92.86,3.57,3.57,1,3,3,low,0,DNMT3A_1939_block1.jpg_x1024_y1280.jpg,DNMT3A_1939_block1.jpg,260509-HPA_DNMT3a_Patches影像檔案\256\0\DNMT3A_1939_block1.jpg_x1024_y1280.jpg
23,20,17,4,2,20,54651,5915,10.82,100.0,73.91,17.39,8.7,2,3,6,high,0,DNMT3A_1939_block1.jpg_x1024_y1536.jpg,DNMT3A_1939_block1.jpg,260509-HPA_DNMT3a_Patches影像檔案\256\0\DNMT3A_1939_block1.jpg_x1024_y1536.jpg
36,24,26,7,3,24,56499,16310,28.87,100.0,72.22,19.44,8.33,2,3,6,high,0,DNMT3A_1939_block1.jpg_x1024_y1792.jpg,DNMT3A_1939_block1.jpg,260509-HPA_DNMT3a_Patches影像檔案\256\0\DNMT3A_1939_block1.jpg_x1024_y1792.jpg
25,30,21,2,2,30,54751,13911,25.41,100.0,84.0,8.0,8.0,2,3,6,high,0,DNMT3A_1939_block1.jpg_x1024_y2048.jpg,DNMT3A_1939_block1.jpg,260509-HPA_DNMT3a_Patches影像檔案\256\0\DNMT3A_1939_block1.jpg_x1024_y2048.jpg
25,34,20,4,1,34,55997,12217,21.82,100.0,80.0,16.0,4.0,2,3,6,high,0,DNMT3A_1939_block1.jpg_x1024_y2304.jpg,DNMT3A_1939_block1.jpg,260509-HPA_DNMT3a_Patches影像檔案\256\0\DNMT3A_1939_block1.jpg_x1024_y2304.jpg
66,34,44,18,4,34,48242,13158,27.27,100.0,66.67,27.27,6.06,2,3,6,high,0,DNMT3A_1939_block1.jpg_x1024_y256.jpg,DNMT3A_1939_block1.jpg,260509-HPA_DNMT3a_Patches影像檔案\256\0\DNMT3A_1939_block1.jpg_x1024_y256.jpg
50,24,40,9,1,24,53576,15132,28.24,100.0,80.0,18.0,2.0,2,3,6,high,0,DNMT3A_1939_block1.jpg_x1024_y2560.jpg,DNMT3A_1939_block1.jpg,260509-HPA_DNMT3a_Patches影像檔案\256\0\DNMT3A_1939_block1.jpg_x1024_y2560.jpg
42,35,36,5,1,35,55055,16063,29.18,100.0,85.71,11.9,2.38,2,3,6,high,0,DNMT3A_1939_block1.jpg_x1024_y512.jpg,DNMT3A_1939_block1.jpg,260509-HPA_DNMT3a_Patches影像檔案\256\0\DNMT3A_1939_block1.jpg_x1024_y512.jpg
35,31,31,4,0,31,57782,16747,28.98,100.0,88.57,11.43,0.0,2,3,6,high,0,DNMT3A_1939_block1.jpg_x1024_y768.jpg,DNMT3A_1939_block1.jpg,260509-HPA_DNMT3a_Patches影像檔案\256\0\DNMT3A_1939_block1.jpg_x1024_y768.jpg
61,30,56,3,2,30,58193,16503,28.36,100.0,91.8,4.92,3.28,1,3,3,low,0,DNMT3A_1939_block1.jpg_x1280_y1024.jpg,DNMT3A_1939_block1.jpg,260509-HPA_DNMT3a_Patches影像檔案\256\0\DNMT3A_1939_block1.jpg_x1280_y1024.jpg
46,32,40,4,2,32,56717,13692,24.14,100.0,86.96,8.7,4.35,2,3,6,high,0,DNMT3A_1939_block1.jpg_x1280_y1280.jpg,DNMT3A_1939_block1.jpg,260509-HPA_DNMT3a_Patches影像檔案\256\0\DNMT3A_1939_block1.jpg_x1280_y1280.jpg
32,36,20,6,6,36,54948,6643,12.09,100.0,62.5,18.75,18.75,3,3,9,high,0,DNMT3A_1939_block1.jpg_x1280_y1536.jpg,DNMT3A_1939_block1.jpg,260509-HPA_DNMT3a_Patches影像檔案\256\0\DNMT3A_1939_block1.jpg_x1280_y1536.jpg
42,34,38,2,2,34,55273,15518,28.08,100.0,90.48,4.76,4.76,2,3,6,high,0,DNMT3A_1939_block1.jpg_x1280_y1792.jpg,DNMT3A_1939_block1.jpg,260509-HPA_DNMT3a_Patches影像檔案\256\0\DNMT3A_1939_block1.jpg_x1280_y1792.jpg
45,28,40,2,3,28,53820,15129,28.11,100.0,88.89,4.44,6.67,2,3,6,high,0,DNMT3A_1939_block1.jpg_x1280_y2048.jpg,DNMT3A_1939_block1.jpg,260509-HPA_DNMT3a_Patches影像檔案\256\0\DNMT3A_1939_block1.jpg_x1280_y2048.jpg
24,30,16,5,3,30,56258,4442,7.9,100.0,66.67,20.83,12.5,3,3,9,high,0,DNMT3A_1939_block1.jpg_x1280_y2304.jpg,DNMT3A_1939_block1.jpg,260509-HPA_DNMT3a_Patches影像檔案\256\0\DNMT3A_1939_block1.jpg_x1280_y2304.jpg
46,40,42,3,1,40,55874,15796,28.27,100.0,91.3,6.52,2.17,1,3,3,low,0,DNMT3A_1939_block1.jpg_x1280_y256.jpg,DNMT3A_1939_block1.jpg,260509-HPA_DNMT3a_Patches影像檔案\256\0\DNMT3A_1939_block1.jpg_x1280_y256.jpg
31,34,27,4,0,34,51217,6714,13.11,100.0,87.1,12.9,0.0,2,3,6,high,0,DNMT3A_1939_block1.jpg_x1280_y2560.jpg,DNMT3A_1939_block1.jpg,260509-HPA_DNMT3a_Patches影像檔案\256\0\DNMT3A_1939_block1.jpg_x1280_y2560.jpg
33,37,30,2,1,37,54707,12515,22.88,100.0,90.91,6.06,3.03,2,3,6,high,0,DNMT3A_1939_block1.jpg_x1280_y512.jpg,DNMT3A_1939_block1.jpg,260509-HPA_DNMT3a_Patches影像檔案\256\0\DNMT3A_1939_block1.jpg_x1280_y512.jpg
53,49,44,6,3,49,57290,16362,28.56,100.0,83.02,11.32,5.66,2,3,6,high,0,DNMT3A_1939_block1.jpg_x1280_y768.jpg,DNMT3A_1939_block1.jpg,260509-HPA_DNMT3a_Patches影像檔案\256\0\DNMT3A_1939_block1.jpg_x1280_y768.jpg
35,41,24,7,4,41,56996,8507,14.93,100.0,68.57,20.0,11.43,3,3,9,high,0,DNMT3A_1939_block1.jpg_x1536_y1024.jpg,DNMT3A_1939_block1.jpg,260509-HPA_DNMT3a_Patches影像檔案\256\0\DNMT3A_1939_block1.jpg_x1536_y1024.jpg
54,50,40,7,7,50,51679,6295,12.18,100.0,74.07,12.96,12.96,3,3,9,high,0,DNMT3A_1939_block1.jpg_x1536_y1280.jpg,DNMT3A_1939_block1.jpg,260509-HPA_DNMT3a_Patches影像檔案\256\0\DNMT3A_1939_block1.jpg_x1536_y1280.jpg
44,35,37,7,0,35,51233,14406,28.12,100.0,84.09,15.91,0.0,2,3,6,high,0,DNMT3A_1939_block1.jpg_x1536_y1536.jpg,DNMT3A_1939_block1.jpg,260509-HPA_DNMT3a_Patches影像檔案\256\0\DNMT3A_1939_block1.jpg_x1536_y1536.jpg
74,36,49,19,6,36,59509,16007,26.9,100.0,66.22,25.68,8.11,2,3,6,high,0,DNMT3A_1939_block1.jpg_x1536_y1792.jpg,DNMT3A_1939_block1.jpg,260509-HPA_DNMT3a_Patches影像檔案\256\0\DNMT3A_1939_block1.jpg_x1536_y1792.jpg
32,33,27,5,0,33,56026,16276,29.05,100.0,84.38,15.62,0.0,2,3,6,high,0,DNMT3A_1939_block1.jpg_x1536_y2048.jpg,DNMT3A_1939_block1.jpg,260509-HPA_DNMT3a_Patches影像檔案\256\0\DNMT3A_1939_block1.jpg_x1536_y2048.jpg
40,27,33,5,2,27,56563,15697,27.75,100.0,82.5,12.5,5.0,2,3,6,high,0,DNMT3A_1939_block1.jpg_x1536_y2304.jpg,DNMT3A_1939_block1.jpg,260509-HPA_DNMT3a_Patches影像檔案\256\0\DNMT3A_1939_block1.jpg_x1536_y2304.jpg
48,34,42,4,2,34,57855,16571,28.64,100.0,87.5,8.33,4.17,2,3,6,high,0,DNMT3A_1939_block1.jpg_x1536_y256.jpg,DNMT3A_1939_block1.jpg,260509-HPA_DNMT3a_Patches影像檔案\256\0\DNMT3A_1939_block1.jpg_x1536_y256.jpg
58,40,52,4,2,40,54067,15072,27.88,100.0,89.66,6.9,3.45,2,3,6,high,0,DNMT3A_1939_block1.jpg_x1536_y2560.jpg,DNMT3A_1939_block1.jpg,260509-HPA_DNMT3a_Patches影像檔案\256\0\DNMT3A_1939_block1.jpg_x1536_y2560.jpg
51,38,46,4,1,38,56297,15946,28.32,100.0,90.2,7.84,1.96,2,3,6,high,0,DNMT3A_1939_block1.jpg_x1536_y512.jpg,DNMT3A_1939_block1.jpg,260509-HPA_DNMT3a_Patches影像檔案\256\0\DNMT3A_1939_block1.jpg_x1536_y512.jpg
46,36,37,7,2,36,57883,16315,28.19,100.0,80.43,15.22,4.35,2,3,6,high,0,DNMT3A_1939_block1.jpg_x1536_y768.jpg,DNMT3A_1939_block1.jpg,260509-HPA_DNMT3a_Patches影像檔案\256\0\DNMT3A_1939_block1.jpg_x1536_y768.jpg
40,30,37,2,1,30,57710,16606,28.77,100.0,92.5,5.0,2.5,1,3,3,low,0,DNMT3A_1939_block1.jpg_x1792_y1024.jpg,DNMT3A_1939_block1.jpg,260509-HPA_DNMT3a_Patches影像檔案\256\0\DNMT3A_1939_block1.jpg_x1792_y1024.jpg
68,35,61,7,0,35,57216,15903,27.79,100.0,89.71,10.29,0.0,1,3,3,low,0,DNMT3A_1939_block1.jpg_x1792_y1280.jpg,DNMT3A_1939_block1.jpg,260509-HPA_DNMT3a_Patches影像檔案\256\0\DNMT3A_1939_block1.jpg_x1792_y1280.jpg
46,38,40,2,4,38,56448,12420,22.0,100.0,86.96,4.35,8.7,2,3,6,high,0,DNMT3A_1939_block1.jpg_x1792_y1536.jpg,DNMT3A_1939_block1.jpg,260509-HPA_DNMT3a_Patches影像檔案\256\0\DNMT3A_1939_block1.jpg_x1792_y1536.jpg
67,33,50,17,0,33,57950,16279,28.09,100.0,74.63,25.37,0.0,2,3,6,high,0,DNMT3A_1939_block1.jpg_x1792_y1792.jpg,DNMT3A_1939_block1.jpg,260509-HPA_DNMT3a_Patches影像檔案\256\0\DNMT3A_1939_block1.jpg_x1792_y1792.jpg
85,44,58,24,3,44,58681,16286,27.75,100.0,68.24,28.24,3.53,2,3,6,high,0,DNMT3A_1939_block1.jpg_x1792_y2048.jpg,DNMT3A_1939_block1.jpg,260509-HPA_DNMT3a_Patches影像檔案\256\0\DNMT3A_1939_block1.jpg_x1792_y2048.jpg
51,40,35,11,5,40,58467,16549,28.3,100.0,68.63,21.57,9.8,2,3,6,high,0,DNMT3A_1939_block1.jpg_x1792_y2304.jpg,DNMT3A_1939_block1.jpg,260509-HPA_DNMT3a_Patches影像檔案\256\0\DNMT3A_1939_block1.jpg_x1792_y2304.jpg
45,26,41,2,2,26,44484,12523,28.15,100.0,91.11,4.44,4.44,1,3,3,low,0,DNMT3A_1939_block1.jpg_x1792_y256.jpg,DNMT3A_1939_block1.jpg,260509-HPA_DNMT3a_Patches影像檔案\256\0\DNMT3A_1939_block1.jpg_x1792_y256.jpg
64,52,56,6,2,52,52302,14032,26.83,100.0,87.5,9.38,3.12,2,3,6,high,0,DNMT3A_1939_block1.jpg_x1792_y2560.jpg,DNMT3A_1939_block1.jpg,260509-HPA_DNMT3a_Patches影像檔案\256\0\DNMT3A_1939_block1.jpg_x1792_y2560.jpg
60,37,47,9,4,37,55134,15291,27.73,100.0,78.33,15.0,6.67,2,3,6,high,0,DNMT3A_1939_block1.jpg_x1792_y512.jpg,DNMT3A_1939_block1.jpg,260509-HPA_DNMT3a_Patches影像檔案\256\0\DNMT3A_1939_block1.jpg_x1792_y512.jpg
37,43,36,1,0,43,55281,13880,25.11,100.0,97.3,2.7,0.0,1,3,3,low,0,DNMT3A_1939_block1.jpg_x1792_y768.jpg,DNMT3A_1939_block1.jpg,260509-HPA_DNMT3a_Patches影像檔案\256\0\DNMT3A_1939_block1.jpg_x1792_y768.jpg
68,38,54,12,2,38,52507,14696,27.99,100.0,79.41,17.65,2.94,2,3,6,high,0,DNMT3A_1939_block1.jpg_x2048_y1024.jpg,DNMT3A_1939_block1.jpg,260509-HPA_DNMT3a_Patches影像檔案\256\0\DNMT3A_1939_block1.jpg_x2048_y1024.jpg
56,50,46,8,2,50,55351,15544,28.08,100.0,82.14,14.29,3.57,2,3,6,high,0,DNMT3A_1939_block1.jpg_x2048_y1280.jpg,DNMT3A_1939_block1.jpg,260509-HPA_DNMT3a_Patches影像檔案\256\0\DNMT3A_1939_block1.jpg_x2048_y1280.jpg
38,48,35,2,1,48,55261,15763,28.52,100.0,92.11,5.26,2.63,1,3,3,low,0,DNMT3A_1939_block1.jpg_x2048_y1536.jpg,DNMT3A_1939_block1.jpg,260509-HPA_DNMT3a_Patches影像檔案\256\0\DNMT3A_1939_block1.jpg_x2048_y1536.jpg
61,47,45,15,1,47,56310,15420,27.38,100.0,73.77,24.59,1.64,2,3,6,high,0,DNMT3A_1939_block1.jpg_x2048_y1792.jpg,DNMT3A_1939_block1.jpg,260509-HPA_DNMT3a_Patches影像檔案\256\0\DNMT3A_1939_block1.jpg_x2048_y1792.jpg
86,45,59,20,7,45,53238,14505,27.25,100.0,68.6,23.26,8.14,2,3,6,high,0,DNMT3A_1939_block1.jpg_x2048_y2048.jpg,DNMT3A_1939_block1.jpg,260509-HPA_DNMT3a_Patches影像檔案\256\0\DNMT3A_1939_block1.jpg_x2048_y2048.jpg
44,44,39,4,1,44,56548,16163,28.58,100.0,88.64,9.09,2.27,1,3,3,low,0,DNMT3A_1939_block1.jpg_x2048_y2304.jpg,DNMT3A_1939_block1.jpg,260509-HPA_DNMT3a_Patches影像檔案\256\0\DNMT3A_1939_block1.jpg_x2048_y2304.jpg
23,17,18,3,2,17,14482,4105,28.35,100.0,78.26,13.04,8.7,2,3,6,high,0,DNMT3A_1939_block1.jpg_x2048_y256.jpg,DNMT3A_1939_block1.jpg,260509-HPA_DNMT3a_Patches影像檔案\256\0\DNMT3A_1939_block1.jpg_x2048_y256.jpg
24,21,23,1,0,21,28714,8045,28.02,100.0,95.83,4.17,0.0,1,3,3,low,0,DNMT3A_1939_block1.jpg_x2048_y2560.jpg,DNMT3A_1939_block1.jpg,260509-HPA_DNMT3a_Patches影像檔案\256\0\DNMT3A_1939_block1.jpg_x2048_y2560.jpg
33,36,26,7,0,36,56352,12336,21.89,100.0,78.79,21.21,0.0,2,3,6,high,0,DNMT3A_1939_block1.jpg_x2048_y512.jpg,DNMT3A_1939_block1.jpg,260509-HPA_DNMT3a_Patches影像檔案\256\0\DNMT3A_1939_block1.jpg_x2048_y512.jpg
44,47,33,6,5,47,58137,8177,14.07,100.0,75.0,13.64,11.36,2,3,6,high,0,DNMT3A_1939_block1.jpg_x2048_y768.jpg,DNMT3A_1939_block1.jpg,260509-HPA_DNMT3a_Patches影像檔案\256\0\DNMT3A_1939_block1.jpg_x2048_y768.jpg
44,37,40,3,1,37,55971,15940,28.48,100.0,90.91,6.82,2.27,1,3,3,low,0,DNMT3A_1939_block1.jpg_x2304_y1024.jpg,DNMT3A_1939_block1.jpg,260509-HPA_DNMT3a_Patches影像檔案\256\0\DNMT3A_1939_block1.jpg_x2304_y1024.jpg
34,40,30,3,1,40,55955,15788,28.22,100.0,88.24,8.82,2.94,2,3,6,high,0,DNMT3A_1939_block1.jpg_x2304_y1280.jpg,DNMT3A_1939_block1.jpg,260509-HPA_DNMT3a_Patches影像檔案\256\0\DNMT3A_1939_block1.jpg_x2304_y1280.jpg
73,36,58,12,3,36,57090,15708,27.51,100.0,79.45,16.44,4.11,2,3,6,high,0,DNMT3A_1939_block1.jpg_x2304_y1536.jpg,DNMT3A_1939_block1.jpg,260509-HPA_DNMT3a_Patches影像檔案\256\0\DNMT3A_1939_block1.jpg_x2304_y1536.jpg
56,45,45,8,3,45,55993,15529,27.73,100.0,80.36,14.29,5.36,2,3,6,high,0,DNMT3A_1939_block1.jpg_x2304_y1792.jpg,DNMT3A_1939_block1.jpg,260509-HPA_DNMT3a_Patches影像檔案\256\0\DNMT3A_1939_block1.jpg_x2304_y1792.jpg
38,45,32,5,1,45,56526,16160,28.59,100.0,84.21,13.16,2.63,2,3,6,high,0,DNMT3A_1939_block1.jpg_x2304_y2048.jpg,DNMT3A_1939_block1.jpg,260509-HPA_DNMT3a_Patches影像檔案\256\0\DNMT3A_1939_block1.jpg_x2304_y2048.jpg
26,31,22,3,1,31,35370,5921,16.74,100.0,84.62,11.54,3.85,2,3,6,high,0,DNMT3A_1939_block1.jpg_x2304_y2304.jpg,DNMT3A_1939_block1.jpg,260509-HPA_DNMT3a_Patches影像檔案\256\0\DNMT3A_1939_block1.jpg_x2304_y2304.jpg
15,19,13,1,1,19,21668,5399,24.92,100.0,86.67,6.67,6.67,1,3,3,low,0,DNMT3A_1939_block1.jpg_x2304_y512.jpg,DNMT3A_1939_block1.jpg,260509-HPA_DNMT3a_Patches影像檔案\256\0\DNMT3A_1939_block1.jpg_x2304_y512.jpg
22,23,17,3,2,23,52086,8171,15.69,100.0,77.27,13.64,9.09,2,3,6,high,0,DNMT3A_1939_block1.jpg_x2304_y768.jpg,DNMT3A_1939_block1.jpg,260509-HPA_DNMT3a_Patches影像檔案\256\0\DNMT3A_1939_block1.jpg_x2304_y768.jpg
60,46,48,8,4,46,38804,10104,26.04,100.0,80.0,13.33,6.67,2,3,6,high,0,DNMT3A_1939_block1.jpg_x2560_y1024.jpg,DNMT3A_1939_block1.jpg,260509-HPA_DNMT3a_Patches影像檔案\256\0\DNMT3A_1939_block1.jpg_x2560_y1024.jpg
69,50,55,12,2,50,50780,13949,27.47,100.0,79.71,17.39,2.9,2,3,6,high,0,DNMT3A_1939_block1.jpg_x2560_y1280.jpg,DNMT3A_1939_block1.jpg,260509-HPA_DNMT3a_Patches影像檔案\256\0\DNMT3A_1939_block1.jpg_x2560_y1280.jpg
78,37,56,18,4,37,49325,13435,27.24,100.0,71.79,23.08,5.13,2,3,6,high,0,DNMT3A_1939_block1.jpg_x2560_y1536.jpg,DNMT3A_1939_block1.jpg,260509-HPA_DNMT3a_Patches影像檔案\256\0\DNMT3A_1939_block1.jpg_x2560_y1536.jpg
49,39,41,7,1,39,39595,10920,27.58,100.0,83.67,14.29,2.04,2,3,6,high,0,DNMT3A_1939_block1.jpg_x2560_y1792.jpg,DNMT3A_1939_block1.jpg,260509-HPA_DNMT3a_Patches影像檔案\256\0\DNMT3A_1939_block1.jpg_x2560_y1792.jpg
36,20,32,3,1,20,19315,4407,22.82,100.0,88.89,8.33,2.78,2,3,6,high,0,DNMT3A_1939_block1.jpg_x2560_y2048.jpg,DNMT3A_1939_block1.jpg,260509-HPA_DNMT3a_Patches影像檔案\256\0\DNMT3A_1939_block1.jpg_x2560_y2048.jpg
22,16,17,3,2,16,10972,2939,26.79,100.0,77.27,13.64,9.09,2,3,6,high,0,DNMT3A_1939_block1.jpg_x2560_y768.jpg,DNMT3A_1939_block1.jpg,260509-HPA_DNMT3a_Patches影像檔案\256\0\DNMT3A_1939_block1.jpg_x2560_y768.jpg
31,24,30,1,0,24,45137,12858,28.49,100.0,96.77,3.23,0.0,1,3,3,low,0,DNMT3A_1939_block1.jpg_x256_y1024.jpg,DNMT3A_1939_block1.jpg,260509-HPA_DNMT3a_Patches影像檔案\256\0\DNMT3A_1939_block1.jpg_x256_y1024.jpg
20,15,17,3,0,14,48777,11009,22.57,93.33,85.0,15.0,0.0,2,3,6,high,0,DNMT3A_1939_block1.jpg_x256_y1280.jpg,DNMT3A_1939_block1.jpg,260509-HPA_DNMT3a_Patches影像檔案\256\0\DNMT3A_1939_block1.jpg_x256_y1280.jpg
60,41,57,3,0,41,57687,16157,28.01,100.0,95.0,5.0,0.0,1,3,3,low,0,DNMT3A_1939_block1.jpg_x256_y1536.jpg,DNMT3A_1939_block1.jpg,260509-HPA_DNMT3a_Patches影像檔案\256\0\DNMT3A_1939_block1.jpg_x256_y1536.jpg
58,31,43,13,2,31,47264,12713,26.9,100.0,74.14,22.41,3.45,2,3,6,high,0,DNMT3A_1939_block1.jpg_x256_y1792.jpg,DNMT3A_1939_block1.jpg,260509-HPA_DNMT3a_Patches影像檔案\256\0\DNMT3A_1939_block1.jpg_x256_y1792.jpg
15,18,13,1,1,18,21676,6073,28.02,100.0,86.67,6.67,6.67,1,3,3,low,0,DNMT3A_1939_block1.jpg_x256_y2048.jpg,DNMT3A_1939_block1.jpg,260509-HPA_DNMT3a_Patches影像檔案\256\0\DNMT3A_1939_block1.jpg_x256_y2048.jpg
25,12,19,4,2,12,22688,6321,27.86,100.0,76.0,16.0,8.0,2,3,6,high,0,DNMT3A_1939_block1.jpg_x256_y768.jpg,DNMT3A_1939_block1.jpg,260509-HPA_DNMT3a_Patches影像檔案\256\0\DNMT3A_1939_block1.jpg_x256_y768.jpg
54,39,52,2,0,39,56943,16216,28.48,100.0,96.3,3.7,0.0,1,3,3,low,0,DNMT3A_1939_block1.jpg_x512_y1024.jpg,DNMT3A_1939_block1.jpg,260509-HPA_DNMT3a_Patches影像檔案\256\0\DNMT3A_1939_block1.jpg_x512_y1024.jpg
48,53,41,6,1,53,56520,16039,28.38,100.0,85.42,12.5,2.08,2,3,6,high,0,DNMT3A_1939_block1.jpg_x512_y1280.jpg,DNMT3A_1939_block1.jpg,260509-HPA_DNMT3a_Patches影像檔案\256\0\DNMT3A_1939_block1.jpg_x512_y1280.jpg
38,27,23,13,2,27,57924,16588,28.64,100.0,60.53,34.21,5.26,2,3,6,high,0,DNMT3A_1939_block1.jpg_x512_y1536.jpg,DNMT3A_1939_block1.jpg,260509-HPA_DNMT3a_Patches影像檔案\256\0\DNMT3A_1939_block1.jpg_x512_y1536.jpg
24,24,22,2,0,24,55159,12520,22.7,100.0,91.67,8.33,0.0,1,3,3,low,0,DNMT3A_1939_block1.jpg_x512_y1792.jpg,DNMT3A_1939_block1.jpg,260509-HPA_DNMT3a_Patches影像檔案\256\0\DNMT3A_1939_block1.jpg_x512_y1792.jpg
35,34,34,1,0,34,58645,12871,21.95,100.0,97.14,2.86,0.0,1,3,3,low,0,DNMT3A_1939_block1.jpg_x512_y2048.jpg,DNMT3A_1939_block1.jpg,260509-HPA_DNMT3a_Patches影像檔案\256\0\DNMT3A_1939_block1.jpg_x512_y2048.jpg
45,28,36,7,2,28,41649,11607,27.87,100.0,80.0,15.56,4.44,2,3,6,high,0,DNMT3A_1939_block1.jpg_x512_y2304.jpg,DNMT3A_1939_block1.jpg,260509-HPA_DNMT3a_Patches影像檔案\256\0\DNMT3A_1939_block1.jpg_x512_y2304.jpg
37,19,31,5,1,19,33893,9458,27.91,100.0,83.78,13.51,2.7,2,3,6,high,0,DNMT3A_1939_block1.jpg_x512_y512.jpg,DNMT3A_1939_block1.jpg,260509-HPA_DNMT3a_Patches影像檔案\256\0\DNMT3A_1939_block1.jpg_x512_y512.jpg
57,32,47,7,3,32,57145,15948,27.91,100.0,82.46,12.28,5.26,2,3,6,high,0,DNMT3A_1939_block1.jpg_x512_y768.jpg,DNMT3A_1939_block1.jpg,260509-HPA_DNMT3a_Patches影像檔案\256\0\DNMT3A_1939_block1.jpg_x512_y768.jpg
39,26,27,11,1,26,55337,15808,28.57,100.0,69.23,28.21,2.56,2,3,6,high,0,DNMT3A_1939_block1.jpg_x768_y1024.jpg,DNMT3A_1939_block1.jpg,260509-HPA_DNMT3a_Patches影像檔案\256\0\DNMT3A_1939_block1.jpg_x768_y1024.jpg
29,22,28,0,1,22,58655,11548,19.69,100.0,96.55,0.0,3.45,1,3,3,low,0,DNMT3A_1939_block1.jpg_x768_y1280.jpg,DNMT3A_1939_block1.jpg,260509-HPA_DNMT3a_Patches影像檔案\256\0\DNMT3A_1939_block1.jpg_x768_y1280.jpg
30,33,29,1,0,33,55759,12158,21.8,100.0,96.67,3.33,0.0,1,3,3,low,0,DNMT3A_1939_block1.jpg_x768_y1536.jpg,DNMT3A_1939_block1.jpg,260509-HPA_DNMT3a_Patches影像檔案\256\0\DNMT3A_1939_block1.jpg_x768_y1536.jpg
18,18,16,1,1,17,52596,9350,17.78,94.44,88.89,5.56,5.56,1,3,3,low,0,DNMT3A_1939_block1.jpg_x768_y2048.jpg,DNMT3A_1939_block1.jpg,260509-HPA_DNMT3a_Patches影像檔案\256\0\DNMT3A_1939_block1.jpg_x768_y2048.jpg
54,26,39,13,2,26,47760,13238,27.72,100.0,72.22,24.07,3.7,2,3,6,high,0,DNMT3A_1939_block1.jpg_x768_y2304.jpg,DNMT3A_1939_block1.jpg,260509-HPA_DNMT3a_Patches影像檔案\256\0\DNMT3A_1939_block1.jpg_x768_y2304.jpg
31,32,28,1,2,32,22417,5944,26.52,100.0,90.32,3.23,6.45,1,3,3,low,0,DNMT3A_1939_block1.jpg_x768_y256.jpg,DNMT3A_1939_block1.jpg,260509-HPA_DNMT3a_Patches影像檔案\256\0\DNMT3A_1939_block1.jpg_x768_y256.jpg
35,21,23,10,2,21,32524,8771,26.97,100.0,65.71,28.57,5.71,2,3,6,high,0,DNMT3A_1939_block1.jpg_x768_y2560.jpg,DNMT3A_1939_block1.jpg,260509-HPA_DNMT3a_Patches影像檔案\256\0\DNMT3A_1939_block1.jpg_x768_y2560.jpg
46,33,39,3,4,33,55126,15698,28.48,100.0,84.78,6.52,8.7,2,3,6,high,0,DNMT3A_1939_block1.jpg_x768_y512.jpg,DNMT3A_1939_block1.jpg,260509-HPA_DNMT3a_Patches影像檔案\256\0\DNMT3A_1939_block1.jpg_x768_y512.jpg
44,29,32,10,2,29,57064,16429,28.79,100.0,72.73,22.73,4.55,2,3,6,high,0,DNMT3A_1939_block1.jpg_x768_y768.jpg,DNMT3A_1939_block1.jpg,260509-HPA_DNMT3a_Patches影像檔案\256\0\DNMT3A_1939_block1.jpg_x768_y768.jpg
41,47,25,11,5,47,38807,7739,19.94,100.0,60.98,26.83,12.2,3,3,9,high,0,DNMT3A_2083_block1.jpg_x1024_y1024.jpg,DNMT3A_2083_block1.jpg,260509-HPA_DNMT3a_Patches影像檔案\256\0\DNMT3A_2083_block1.jpg_x1024_y1024.jpg
52,42,43,3,6,42,39039,6923,17.73,100.0,82.69,5.77,11.54,2,3,6,high,0,DNMT3A_2083_block1.jpg_x1024_y1280.jpg,DNMT3A_2083_block1.jpg,260509-HPA_DNMT3a_Patches影像檔案\256\0\DNMT3A_2083_block1.jpg_x1024_y1280.jpg
54,45,39,10,5,45,38264,6892,18.01,100.0,72.22,18.52,9.26,2,3,6,high,0,DNMT3A_2083_block1.jpg_x1024_y1536.jpg,DNMT3A_2083_block1.jpg,260509-HPA_DNMT3a_Patches影像檔案\256\0\DNMT3A_2083_block1.jpg_x1024_y1536.jpg
54,46,48,1,5,46,40689,7679,18.87,100.0,88.89,1.85,9.26,2,3,6,high,0,DNMT3A_2083_block1.jpg_x1024_y1792.jpg,DNMT3A_2083_block1.jpg,260509-HPA_DNMT3a_Patches影像檔案\256\0\DNMT3A_2083_block1.jpg_x1024_y1792.jpg
42,34,28,7,7,34,34365,5221,15.19,100.0,66.67,16.67,16.67,3,3,9,high,0,DNMT3A_2083_block1.jpg_x1024_y2048.jpg,DNMT3A_2083_block1.jpg,260509-HPA_DNMT3a_Patches影像檔案\256\0\DNMT3A_2083_block1.jpg_x1024_y2048.jpg
57,47,48,5,4,47,40996,7603,18.55,100.0,84.21,8.77,7.02,2,3,6,high,0,DNMT3A_2083_block1.jpg_x1024_y2304.jpg,DNMT3A_2083_block1.jpg,260509-HPA_DNMT3a_Patches影像檔案\256\0\DNMT3A_2083_block1.jpg_x1024_y2304.jpg
49,39,39,7,3,39,37822,7491,19.81,100.0,79.59,14.29,6.12,2,3,6,high,0,DNMT3A_2083_block1.jpg_x1024_y256.jpg,DNMT3A_2083_block1.jpg,260509-HPA_DNMT3a_Patches影像檔案\256\0\DNMT3A_2083_block1.jpg_x1024_y256.jpg
26,22,20,4,2,22,18409,3281,17.82,100.0,76.92,15.38,7.69,2,3,6,high,0,DNMT3A_2083_block1.jpg_x1024_y2560.jpg,DNMT3A_2083_block1.jpg,260509-HPA_DNMT3a_Patches影像檔案\256\0\DNMT3A_2083_block1.jpg_x1024_y2560.jpg
49,49,36,6,7,49,43826,8460,19.3,100.0,73.47,12.24,14.29,3,3,9,high,0,DNMT3A_2083_block1.jpg_x1024_y512.jpg,DNMT3A_2083_block1.jpg,260509-HPA_DNMT3a_Patches影像檔案\256\0\DNMT3A_2083_block1.jpg_x1024_y512.jpg
48,48,40,4,4,48,40592,7248,17.86,100.0,83.33,8.33,8.33,2,3,6,high,0,DNMT3A_2083_block1.jpg_x1024_y768.jpg,DNMT3A_2083_block1.jpg,260509-HPA_DNMT3a_Patches影像檔案\256\0\DNMT3A_2083_block1.jpg_x1024_y768.jpg
51,46,37,12,2,46,40946,8018,19.58,100.0,72.55,23.53,3.92,2,3,6,high,0,DNMT3A_2083_block1.jpg_x1280_y1024.jpg,DNMT3A_2083_block1.jpg,260509-HPA_DNMT3a_Patches影像檔案\256\0\DNMT3A_2083_block1.jpg_x1280_y1024.jpg
53,46,35,14,4,46,39861,6403,16.06,100.0,66.04,26.42,7.55,2,3,6,high,0,DNMT3A_2083_block1.jpg_x1280_y1280.jpg,DNMT3A_2083_block1.jpg,260509-HPA_DNMT3a_Patches影像檔案\256\0\DNMT3A_2083_block1.jpg_x1280_y1280.jpg
45,41,36,5,4,41,32933,6129,18.61,100.0,80.0,11.11,8.89,2,3,6,high,0,DNMT3A_2083_block1.jpg_x1280_y1536.jpg,DNMT3A_2083_block1.jpg,260509-HPA_DNMT3a_Patches影像檔案\256\0\DNMT3A_2083_block1.jpg_x1280_y1536.jpg
39,33,34,2,3,33,31285,4744,15.16,100.0,87.18,5.13,7.69,2,3,6,high,0,DNMT3A_2083_block1.jpg_x1280_y1792.jpg,DNMT3A_2083_block1.jpg,260509-HPA_DNMT3a_Patches影像檔案\256\0\DNMT3A_2083_block1.jpg_x1280_y1792.jpg
36,26,24,9,3,26,34679,4856,14.0,100.0,66.67,25.0,8.33,2,3,6,high,0,DNMT3A_2083_block1.jpg_x1280_y2048.jpg,DNMT3A_2083_block1.jpg,260509-HPA_DNMT3a_Patches影像檔案\256\0\DNMT3A_2083_block1.jpg_x1280_y2048.jpg
47,30,35,8,4,30,33823,5778,17.08,100.0,74.47,17.02,8.51,2,3,6,high,0,DNMT3A_2083_block1.jpg_x1280_y2304.jpg,DNMT3A_2083_block1.jpg,260509-HPA_DNMT3a_Patches影像檔案\256\0\DNMT3A_2083_block1.jpg_x1280_y2304.jpg
35,33,24,6,5,33,33075,5152,15.58,100.0,68.57,17.14,14.29,3,3,9,high,0,DNMT3A_2083_block1.jpg_x1280_y256.jpg,DNMT3A_2083_block1.jpg,260509-HPA_DNMT3a_Patches影像檔案\256\0\DNMT3A_2083_block1.jpg_x1280_y256.jpg
26,18,17,5,4,18,24902,3321,13.34,100.0,65.38,19.23,15.38,3,3,9,high,0,DNMT3A_2083_block1.jpg_x1280_y2560.jpg,DNMT3A_2083_block1.jpg,260509-HPA_DNMT3a_Patches影像檔案\256\0\DNMT3A_2083_block1.jpg_x1280_y2560.jpg
42,33,30,6,6,33,38555,5951,15.44,100.0,71.43,14.29,14.29,3,3,9,high,0,DNMT3A_2083_block1.jpg_x1280_y512.jpg,DNMT3A_2083_block1.jpg,260509-HPA_DNMT3a_Patches影像檔案\256\0\DNMT3A_2083_block1.jpg_x1280_y512.jpg
52,45,43,5,4,45,39036,7749,19.85,100.0,82.69,9.62,7.69,2,3,6,high,0,DNMT3A_2083_block1.jpg_x1280_y768.jpg,DNMT3A_2083_block1.jpg,260509-HPA_DNMT3a_Patches影像檔案\256\0\DNMT3A_2083_block1.jpg_x1280_y768.jpg
41,33,23,11,7,33,40762,5953,14.6,100.0,56.1,26.83,17.07,3,3,9,high,0,DNMT3A_2083_block1.jpg_x1536_y1024.jpg,DNMT3A_2083_block1.jpg,260509-HPA_DNMT3a_Patches影像檔案\256\0\DNMT3A_2083_block1.jpg_x1536_y1024.jpg
35,29,21,8,6,29,35638,4258,11.95,100.0,60.0,22.86,17.14,3,3,9,high,0,DNMT3A_2083_block1.jpg_x1536_y1280.jpg,DNMT3A_2083_block1.jpg,260509-HPA_DNMT3a_Patches影像檔案\256\0\DNMT3A_2083_block1.jpg_x1536_y1280.jpg
50,36,35,6,9,36,40116,6357,15.85,100.0,70.0,12.0,18.0,3,3,9,high,0,DNMT3A_2083_block1.jpg_x1536_y1536.jpg,DNMT3A_2083_block1.jpg,260509-HPA_DNMT3a_Patches影像檔案\256\0\DNMT3A_2083_block1.jpg_x1536_y1536.jpg
52,45,40,8,4,45,42237,7290,17.26,100.0,76.92,15.38,7.69,2,3,6,high,0,DNMT3A_2083_block1.jpg_x1536_y1792.jpg,DNMT3A_2083_block1.jpg,260509-HPA_DNMT3a_Patches影像檔案\256\0\DNMT3A_2083_block1.jpg_x1536_y1792.jpg
56,47,42,9,5,47,40524,7756,19.14,100.0,75.0,16.07,8.93,2,3,6,high,0,DNMT3A_2083_block1.jpg_x1536_y2048.jpg,DNMT3A_2083_block1.jpg,260509-HPA_DNMT3a_Patches影像檔案\256\0\DNMT3A_2083_block1.jpg_x1536_y2048.jpg
39,33,37,0,2,33,30327,4935,16.27,100.0,94.87,0.0,5.13,1,3,3,low,0,DNMT3A_2083_block1.jpg_x1536_y2304.jpg,DNMT3A_2083_block1.jpg,260509-HPA_DNMT3a_Patches影像檔案\256\0\DNMT3A_2083_block1.jpg_x1536_y2304.jpg
43,34,36,4,3,34,32986,4877,14.79,100.0,83.72,9.3,6.98,2,3,6,high,0,DNMT3A_2083_block1.jpg_x1536_y256.jpg,DNMT3A_2083_block1.jpg,260509-HPA_DNMT3a_Patches影像檔案\256\0\DNMT3A_2083_block1.jpg_x1536_y256.jpg
26,27,12,11,3,27,25323,4574,18.06,100.0,46.15,42.31,11.54,2,3,6,high,0,DNMT3A_2083_block1.jpg_x1536_y2560.jpg,DNMT3A_2083_block1.jpg,260509-HPA_DNMT3a_Patches影像檔案\256\0\DNMT3A_2083_block1.jpg_x1536_y2560.jpg
57,41,42,10,5,41,40608,6053,14.91,100.0,73.68,17.54,8.77,2,3,6,high,0,DNMT3A_2083_block1.jpg_x1536_y512.jpg,DNMT3A_2083_block1.jpg,260509-HPA_DNMT3a_Patches影像檔案\256\0\DNMT3A_2083_block1.jpg_x1536_y512.jpg
51,42,42,5,4,42,43131,7846,18.19,100.0,82.35,9.8,7.84,2,3,6,high,0,DNMT3A_2083_block1.jpg_x1536_y768.jpg,DNMT3A_2083_block1.jpg,260509-HPA_DNMT3a_Patches影像檔案\256\0\DNMT3A_2083_block1.jpg_x1536_y768.jpg
41,38,24,11,6,38,39737,5630,14.17,100.0,58.54,26.83,14.63,3,3,9,high,0,DNMT3A_2083_block1.jpg_x1792_y1024.jpg,DNMT3A_2083_block1.jpg,260509-HPA_DNMT3a_Patches影像檔案\256\0\DNMT3A_2083_block1.jpg_x1792_y1024.jpg
42,35,29,7,6,35,40747,5779,14.18,100.0,69.05,16.67,14.29,3,3,9,high,0,DNMT3A_2083_block1.jpg_x1792_y1280.jpg,DNMT3A_2083_block1.jpg,260509-HPA_DNMT3a_Patches影像檔案\256\0\DNMT3A_2083_block1.jpg_x1792_y1280.jpg
45,37,26,13,6,37,40654,6684,16.44,100.0,57.78,28.89,13.33,3,3,9,high,0,DNMT3A_2083_block1.jpg_x1792_y1536.jpg,DNMT3A_2083_block1.jpg,260509-HPA_DNMT3a_Patches影像檔案\256\0\DNMT3A_2083_block1.jpg_x1792_y1536.jpg
49,47,36,11,2,47,39992,6776,16.94,100.0,73.47,22.45,4.08,2,3,6,high,0,DNMT3A_2083_block1.jpg_x1792_y1792.jpg,DNMT3A_2083_block1.jpg,260509-HPA_DNMT3a_Patches影像檔案\256\0\DNMT3A_2083_block1.jpg_x1792_y1792.jpg
51,41,41,5,5,41,42746,6799,15.91,100.0,80.39,9.8,9.8,2,3,6,high,0,DNMT3A_2083_block1.jpg_x1792_y2048.jpg,DNMT3A_2083_block1.jpg,260509-HPA_DNMT3a_Patches影像檔案\256\0\DNMT3A_2083_block1.jpg_x1792_y2048.jpg
53,41,42,5,6,41,43330,6497,14.99,100.0,79.25,9.43,11.32,2,3,6,high,0,DNMT3A_2083_block1.jpg_x1792_y2304.jpg,DNMT3A_2083_block1.jpg,260509-HPA_DNMT3a_Patches影像檔案\256\0\DNMT3A_2083_block1.jpg_x1792_y2304.jpg
33,31,23,6,4,31,32029,5241,16.36,100.0,69.7,18.18,12.12,3,3,9,high,0,DNMT3A_2083_block1.jpg_x1792_y256.jpg,DNMT3A_2083_block1.jpg,260509-HPA_DNMT3a_Patches影像檔案\256\0\DNMT3A_2083_block1.jpg_x1792_y256.jpg
44,36,32,6,6,36,44274,6341,14.32,100.0,72.73,13.64,13.64,3,3,9,high,0,DNMT3A_2083_block1.jpg_x1792_y512.jpg,DNMT3A_2083_block1.jpg,260509-HPA_DNMT3a_Patches影像檔案\256\0\DNMT3A_2083_block1.jpg_x1792_y512.jpg
36,35,25,4,7,35,42869,5705,13.31,100.0,69.44,11.11,19.44,3,3,9,high,0,DNMT3A_2083_block1.jpg_x1792_y768.jpg,DNMT3A_2083_block1.jpg,260509-HPA_DNMT3a_Patches影像檔案\256\0\DNMT3A_2083_block1.jpg_x1792_y768.jpg
35,26,24,6,5,26,35995,4162,11.56,100.0,68.57,17.14,14.29,3,3,9,high,0,DNMT3A_2083_block1.jpg_x2048_y1024.jpg,DNMT3A_2083_block1.jpg,260509-HPA_DNMT3a_Patches影像檔案\256\0\DNMT3A_2083_block1.jpg_x2048_y1024.jpg
28,25,20,6,2,25,36017,5781,16.05,100.0,71.43,21.43,7.14,2,3,6,high,0,DNMT3A_2083_block1.jpg_x2048_y1280.jpg,DNMT3A_2083_block1.jpg,260509-HPA_DNMT3a_Patches影像檔案\256\0\DNMT3A_2083_block1.jpg_x2048_y1280.jpg
37,29,28,4,5,29,26117,4990,19.11,100.0,75.68,10.81,13.51,3,3,9,high,0,DNMT3A_2083_block1.jpg_x2048_y1536.jpg,DNMT3A_2083_block1.jpg,260509-HPA_DNMT3a_Patches影像檔案\256\0\DNMT3A_2083_block1.jpg_x2048_y1536.jpg
31,22,15,7,9,22,43424,3984,9.17,100.0,48.39,22.58,29.03,3,3,9,high,0,DNMT3A_2083_block1.jpg_x2048_y1792.jpg,DNMT3A_2083_block1.jpg,260509-HPA_DNMT3a_Patches影像檔案\256\0\DNMT3A_2083_block1.jpg_x2048_y1792.jpg
27,24,19,5,3,24,36700,4185,11.4,100.0,70.37,18.52,11.11,2,3,6,high,0,DNMT3A_2083_block1.jpg_x2048_y2048.jpg,DNMT3A_2083_block1.jpg,260509-HPA_DNMT3a_Patches影像檔案\256\0\DNMT3A_2083_block1.jpg_x2048_y2048.jpg
32,34,22,6,4,34,38579,4445,11.52,100.0,68.75,18.75,12.5,3,3,9,high,0,DNMT3A_2083_block1.jpg_x2048_y2304.jpg,DNMT3A_2083_block1.jpg,260509-HPA_DNMT3a_Patches影像檔案\256\0\DNMT3A_2083_block1.jpg_x2048_y2304.jpg
26,25,18,3,5,25,37256,3430,9.21,100.0,69.23,11.54,19.23,3,3,9,high,0,DNMT3A_2083_block1.jpg_x2048_y512.jpg,DNMT3A_2083_block1.jpg,260509-HPA_DNMT3a_Patches影像檔案\256\0\DNMT3A_2083_block1.jpg_x2048_y512.jpg
44,35,34,5,5,35,40573,6185,15.24,100.0,77.27,11.36,11.36,2,3,6,high,0,DNMT3A_2083_block1.jpg_x2048_y768.jpg,DNMT3A_2083_block1.jpg,260509-HPA_DNMT3a_Patches影像檔案\256\0\DNMT3A_2083_block1.jpg_x2048_y768.jpg
33,32,21,7,5,32,40184,6004,14.94,100.0,63.64,21.21,15.15,3,3,9,high,0,DNMT3A_2083_block1.jpg_x2304_y1024.jpg,DNMT3A_2083_block1.jpg,260509-HPA_DNMT3a_Patches影像檔案\256\0\DNMT3A_2083_block1.jpg_x2304_y1024.jpg
31,29,22,3,6,29,38334,3788,9.88,100.0,70.97,9.68,19.35,3,3,9,high,0,DNMT3A_2083_block1.jpg_x2304_y1280.jpg,DNMT3A_2083_block1.jpg,260509-HPA_DNMT3a_Patches影像檔案\256\0\DNMT3A_2083_block1.jpg_x2304_y1280.jpg
29,25,21,4,4,25,32973,4290,13.01,100.0,72.41,13.79,13.79,3,3,9,high,0,DNMT3A_2083_block1.jpg_x2304_y1536.jpg,DNMT3A_2083_block1.jpg,260509-HPA_DNMT3a_Patches影像檔案\256\0\DNMT3A_2083_block1.jpg_x2304_y1536.jpg
28,27,15,7,6,27,38886,3459,8.9,100.0,53.57,25.0,21.43,3,3,9,high,0,DNMT3A_2083_block1.jpg_x2304_y1792.jpg,DNMT3A_2083_block1.jpg,260509-HPA_DNMT3a_Patches影像檔案\256\0\DNMT3A_2083_block1.jpg_x2304_y1792.jpg
30,28,21,5,4,28,35022,4441,12.68,100.0,70.0,16.67,13.33,3,3,9,high,0,DNMT3A_2083_block1.jpg_x2304_y2048.jpg,DNMT3A_2083_block1.jpg,260509-HPA_DNMT3a_Patches影像檔案\256\0\DNMT3A_2083_block1.jpg_x2304_y2048.jpg
15,15,9,5,1,15,12189,2216,18.18,100.0,60.0,33.33,6.67,2,3,6,high,0,DNMT3A_2083_block1.jpg_x2304_y512.jpg,DNMT3A_2083_block1.jpg,260509-HPA_DNMT3a_Patches影像檔案\256\0\DNMT3A_2083_block1.jpg_x2304_y512.jpg
38,31,29,6,3,31,34580,6025,17.42,100.0,76.32,15.79,7.89,2,3,6,high,0,DNMT3A_2083_block1.jpg_x2304_y768.jpg,DNMT3A_2083_block1.jpg,260509-HPA_DNMT3a_Patches影像檔案\256\0\DNMT3A_2083_block1.jpg_x2304_y768.jpg
25,25,19,5,1,25,30288,3175,10.48,100.0,76.0,20.0,4.0,2,3,6,high,0,DNMT3A_2083_block1.jpg_x2560_y1280.jpg,DNMT3A_2083_block1.jpg,260509-HPA_DNMT3a_Patches影像檔案\256\0\DNMT3A_2083_block1.jpg_x2560_y1280.jpg
25,26,18,5,2,26,30465,3776,12.39,100.0,72.0,20.0,8.0,2,3,6,high,0,DNMT3A_2083_block1.jpg_x2560_y1536.jpg,DNMT3A_2083_block1.jpg,260509-HPA_DNMT3a_Patches影像檔案\256\0\DNMT3A_2083_block1.jpg_x2560_y1536.jpg
45,35,39,4,2,35,26850,5768,21.48,100.0,86.67,8.89,4.44,2,3,6,high,0,DNMT3A_2083_block1.jpg_x256_y1024.jpg,DNMT3A_2083_block1.jpg,260509-HPA_DNMT3a_Patches影像檔案\256\0\DNMT3A_2083_block1.jpg_x256_y1024.jpg
49,47,35,10,4,47,39695,8081,20.36,100.0,71.43,20.41,8.16,2,3,6,high,0,DNMT3A_2083_block1.jpg_x256_y1280.jpg,DNMT3A_2083_block1.jpg,260509-HPA_DNMT3a_Patches影像檔案\256\0\DNMT3A_2083_block1.jpg_x256_y1280.jpg
50,40,36,5,9,40,33872,4929,14.55,100.0,72.0,10.0,18.0,3,3,9,high,0,DNMT3A_2083_block1.jpg_x256_y1536.jpg,DNMT3A_2083_block1.jpg,260509-HPA_DNMT3a_Patches影像檔案\256\0\DNMT3A_2083_block1.jpg_x256_y1536.jpg
26,21,22,3,1,21,16731,2441,14.59,100.0,84.62,11.54,3.85,2,3,6,high,0,DNMT3A_2083_block1.jpg_x256_y1792.jpg,DNMT3A_2083_block1.jpg,260509-HPA_DNMT3a_Patches影像檔案\256\0\DNMT3A_2083_block1.jpg_x256_y1792.jpg
23,16,19,1,3,16,13806,2876,20.83,100.0,82.61,4.35,13.04,3,3,9,high,0,DNMT3A_2083_block1.jpg_x256_y768.jpg,DNMT3A_2083_block1.jpg,260509-HPA_DNMT3a_Patches影像檔案\256\0\DNMT3A_2083_block1.jpg_x256_y768.jpg
58,43,42,9,7,43,43530,6720,15.44,100.0,72.41,15.52,12.07,3,3,9,high,0,DNMT3A_2083_block1.jpg_x512_y1024.jpg,DNMT3A_2083_block1.jpg,260509-HPA_DNMT3a_Patches影像檔案\256\0\DNMT3A_2083_block1.jpg_x512_y1024.jpg
56,43,37,13,6,43,46967,8042,17.12,100.0,66.07,23.21,10.71,2,3,6,high,0,DNMT3A_2083_block1.jpg_x512_y1280.jpg,DNMT3A_2083_block1.jpg,260509-HPA_DNMT3a_Patches影像檔案\256\0\DNMT3A_2083_block1.jpg_x512_y1280.jpg
61,50,49,7,5,50,45058,7796,17.3,100.0,80.33,11.48,8.2,2,3,6,high,0,DNMT3A_2083_block1.jpg_x512_y1536.jpg,DNMT3A_2083_block1.jpg,260509-HPA_DNMT3a_Patches影像檔案\256\0\DNMT3A_2083_block1.jpg_x512_y1536.jpg
50,34,39,6,5,34,42396,7534,17.77,100.0,78.0,12.0,10.0,2,3,6,high,0,DNMT3A_2083_block1.jpg_x512_y1792.jpg,DNMT3A_2083_block1.jpg,260509-HPA_DNMT3a_Patches影像檔案\256\0\DNMT3A_2083_block1.jpg_x512_y1792.jpg
35,31,29,3,3,31,32800,5344,16.29,100.0,82.86,8.57,8.57,2,3,6,high,0,DNMT3A_2083_block1.jpg_x512_y2048.jpg,DNMT3A_2083_block1.jpg,260509-HPA_DNMT3a_Patches影像檔案\256\0\DNMT3A_2083_block1.jpg_x512_y2048.jpg
26,20,16,7,3,20,22727,2958,13.02,100.0,61.54,26.92,11.54,2,3,6,high,0,DNMT3A_2083_block1.jpg_x512_y512.jpg,DNMT3A_2083_block1.jpg,260509-HPA_DNMT3a_Patches影像檔案\256\0\DNMT3A_2083_block1.jpg_x512_y512.jpg
50,44,35,9,6,44,45216,6971,15.42,100.0,70.0,18.0,12.0,3,3,9,high,0,DNMT3A_2083_block1.jpg_x512_y768.jpg,DNMT3A_2083_block1.jpg,260509-HPA_DNMT3a_Patches影像檔案\256\0\DNMT3A_2083_block1.jpg_x512_y768.jpg
59,40,37,11,11,40,43816,6779,15.47,100.0,62.71,18.64,18.64,3,3,9,high,0,DNMT3A_2083_block1.jpg_x768_y1024.jpg,DNMT3A_2083_block1.jpg,260509-HPA_DNMT3a_Patches影像檔案\256\0\DNMT3A_2083_block1.jpg_x768_y1024.jpg
41,32,35,1,5,32,35448,4707,13.28,100.0,85.37,2.44,12.2,3,3,9,high,0,DNMT3A_2083_block1.jpg_x768_y1280.jpg,DNMT3A_2083_block1.jpg,260509-HPA_DNMT3a_Patches影像檔案\256\0\DNMT3A_2083_block1.jpg_x768_y1280.jpg
34,31,23,7,4,31,30205,5086,16.84,100.0,67.65,20.59,11.76,3,3,9,high,0,DNMT3A_2083_block1.jpg_x768_y1536.jpg,DNMT3A_2083_block1.jpg,260509-HPA_DNMT3a_Patches影像檔案\256\0\DNMT3A_2083_block1.jpg_x768_y1536.jpg
38,38,29,4,5,38,43646,7038,16.13,100.0,76.32,10.53,13.16,3,3,9,high,0,DNMT3A_2083_block1.jpg_x768_y1792.jpg,DNMT3A_2083_block1.jpg,260509-HPA_DNMT3a_Patches影像檔案\256\0\DNMT3A_2083_block1.jpg_x768_y1792.jpg
51,43,36,8,7,43,33904,6802,20.06,100.0,70.59,15.69,13.73,3,3,9,high,0,DNMT3A_2083_block1.jpg_x768_y2048.jpg,DNMT3A_2083_block1.jpg,260509-HPA_DNMT3a_Patches影像檔案\256\0\DNMT3A_2083_block1.jpg_x768_y2048.jpg
45,34,35,5,5,34,26355,5433,20.61,100.0,77.78,11.11,11.11,2,3,6,high,0,DNMT3A_2083_block1.jpg_x768_y2304.jpg,DNMT3A_2083_block1.jpg,260509-HPA_DNMT3a_Patches影像檔案\256\0\DNMT3A_2083_block1.jpg_x768_y2304.jpg
54,44,44,6,4,44,42310,8238,19.47,100.0,81.48,11.11,7.41,2,3,6,high,0,DNMT3A_2083_block1.jpg_x768_y512.jpg,DNMT3A_2083_block1.jpg,260509-HPA_DNMT3a_Patches影像檔案\256\0\DNMT3A_2083_block1.jpg_x768_y512.jpg
49,40,40,3,6,40,46870,7407,15.8,100.0,81.63,6.12,12.24,3,3,9,high,0,DNMT3A_2083_block1.jpg_x768_y768.jpg,DNMT3A_2083_block1.jpg,260509-HPA_DNMT3a_Patches影像檔案\256\0\DNMT3A_2083_block1.jpg_x768_y768.jpg
66,65,55,9,2,65,62205,18036,28.99,100.0,83.33,13.64,3.03,2,3,6,high,0,DNMT3A_2091_block1.jpg_x1024_y2304.jpg,DNMT3A_2091_block1.jpg,260509-HPA_DNMT3a_Patches影像檔案\256\0\DNMT3A_2091_block1.jpg_x1024_y2304.jpg
84,76,55,22,7,76,62205,18025,28.98,100.0,65.48,26.19,8.33,2,3,6,high,0,DNMT3A_2091_block1.jpg_x1536_y512.jpg,DNMT3A_2091_block1.jpg,260509-HPA_DNMT3a_Patches影像檔案\256\0\DNMT3A_2091_block1.jpg_x1536_y512.jpg
88,74,66,14,8,74,62081,17955,28.92,100.0,75.0,15.91,9.09,2,3,6,high,0,DNMT3A_2091_block1.jpg_x1536_y768.jpg,DNMT3A_2091_block1.jpg,260509-HPA_DNMT3a_Patches影像檔案\256\0\DNMT3A_2091_block1.jpg_x1536_y768.jpg
57,56,45,8,4,56,61652,18066,29.3,100.0,78.95,14.04,7.02,2,3,6,high,0,DNMT3A_2091_block1.jpg_x512_y1536.jpg,DNMT3A_2091_block1.jpg,260509-HPA_DNMT3a_Patches影像檔案\256\0\DNMT3A_2091_block1.jpg_x512_y1536.jpg
67,64,46,18,3,64,62225,17953,28.85,100.0,68.66,26.87,4.48,2,3,6,high,0,DNMT3A_2091_block1.jpg_x768_y2304.jpg,DNMT3A_2091_block1.jpg,260509-HPA_DNMT3a_Patches影像檔案\256\0\DNMT3A_2091_block1.jpg_x768_y2304.jpg
16,6,0,10,6,6,8157,2131,26.12,100.0,0.0,62.5,37.5,3,3,9,high,0,DNMT3A_2428_block1.jpg_x0_y1024.jpg,DNMT3A_2428_block1.jpg,260509-HPA_DNMT3a_Patches影像檔案\256\0\DNMT3A_2428_block1.jpg_x0_y1024.jpg
15,17,9,2,4,17,13739,3739,27.21,100.0,60.0,13.33,26.67,3,3,9,high,0,DNMT3A_2428_block1.jpg_x0_y1280.jpg,DNMT3A_2428_block1.jpg,260509-HPA_DNMT3a_Patches影像檔案\256\0\DNMT3A_2428_block1.jpg_x0_y1280.jpg
17,15,0,13,4,15,9866,2539,25.73,100.0,0.0,76.47,23.53,3,3,9,high,0,DNMT3A_2428_block1.jpg_x0_y1536.jpg,DNMT3A_2428_block1.jpg,260509-HPA_DNMT3a_Patches影像檔案\256\0\DNMT3A_2428_block1.jpg_x0_y1536.jpg
8,6,6,1,1,6,4001,1111,27.77,100.0,75.0,12.5,12.5,3,3,9,high,0,DNMT3A_2428_block1.jpg_x1024_y0.jpg,DNMT3A_2428_block1.jpg,260509-HPA_DNMT3a_Patches影像檔案\256\0\DNMT3A_2428_block1.jpg_x1024_y0.jpg
76,66,58,6,12,66,62193,17437,28.04,100.0,76.32,7.89,15.79,3,3,9,high,0,DNMT3A_2428_block1.jpg_x1024_y1024.jpg,DNMT3A_2428_block1.jpg,260509-HPA_DNMT3a_Patches影像檔案\256\0\DNMT3A_2428_block1.jpg_x1024_y1024.jpg
104,81,84,12,8,81,62238,16557,26.6,100.0,80.77,11.54,7.69,2,3,6,high,0,DNMT3A_2428_block1.jpg_x1024_y1280.jpg,DNMT3A_2428_block1.jpg,260509-HPA_DNMT3a_Patches影像檔案\256\0\DNMT3A_2428_block1.jpg_x1024_y1280.jpg
123,97,79,33,11,97,62185,16439,26.44,100.0,64.23,26.83,8.94,2,3,6,high,0,DNMT3A_2428_block1.jpg_x1024_y1536.jpg,DNMT3A_2428_block1.jpg,260509-HPA_DNMT3a_Patches影像檔案\256\0\DNMT3A_2428_block1.jpg_x1024_y1536.jpg
104,82,95,2,7,82,62255,14271,22.92,100.0,91.35,1.92,6.73,1,3,3,low,0,DNMT3A_2428_block1.jpg_x1024_y1792.jpg,DNMT3A_2428_block1.jpg,260509-HPA_DNMT3a_Patches影像檔案\256\0\DNMT3A_2428_block1.jpg_x1024_y1792.jpg
60,44,56,1,3,44,58110,16156,27.8,100.0,93.33,1.67,5.0,2,3,6,high,0,DNMT3A_2428_block1.jpg_x1024_y2048.jpg,DNMT3A_2428_block1.jpg,260509-HPA_DNMT3a_Patches影像檔案\256\0\DNMT3A_2428_block1.jpg_x1024_y2048.jpg
40,55,31,5,4,55,57344,16618,28.98,100.0,77.5,12.5,10.0,2,3,6,high,0,DNMT3A_2428_block1.jpg_x1024_y2304.jpg,DNMT3A_2428_block1.jpg,260509-HPA_DNMT3a_Patches影像檔案\256\0\DNMT3A_2428_block1.jpg_x1024_y2304.jpg
88,77,63,17,8,77,61738,17019,27.57,100.0,71.59,19.32,9.09,2,3,6,high,0,DNMT3A_2428_block1.jpg_x1024_y256.jpg,DNMT3A_2428_block1.jpg,260509-HPA_DNMT3a_Patches影像檔案\256\0\DNMT3A_2428_block1.jpg_x1024_y256.jpg
51,49,47,4,0,49,53710,15327,28.54,100.0,92.16,7.84,0.0,2,3,6,high,0,DNMT3A_2428_block1.jpg_x1024_y2560.jpg,DNMT3A_2428_block1.jpg,260509-HPA_DNMT3a_Patches影像檔案\256\0\DNMT3A_2428_block1.jpg_x1024_y2560.jpg
66,61,47,11,8,61,61381,17594,28.66,100.0,71.21,16.67,12.12,3,3,9,high,0,DNMT3A_2428_block1.jpg_x1024_y512.jpg,DNMT3A_2428_block1.jpg,260509-HPA_DNMT3a_Patches影像檔案\256\0\DNMT3A_2428_block1.jpg_x1024_y512.jpg
85,64,67,14,4,64,62228,16896,27.15,100.0,78.82,16.47,4.71,2,3,6,high,0,DNMT3A_2428_block1.jpg_x1024_y768.jpg,DNMT3A_2428_block1.jpg,260509-HPA_DNMT3a_Patches影像檔案\256\0\DNMT3A_2428_block1.jpg_x1024_y768.jpg
8,3,1,4,3,3,5722,1624,28.38,100.0,12.5,50.0,37.5,3,3,9,high,0,DNMT3A_2428_block1.jpg_x1280_y0.jpg,DNMT3A_2428_block1.jpg,260509-HPA_DNMT3a_Patches影像檔案\256\0\DNMT3A_2428_block1.jpg_x1280_y0.jpg
71,65,56,6,9,65,62253,17514,28.13,100.0,78.87,8.45,12.68,3,3,9,high,0,DNMT3A_2428_block1.jpg_x1280_y1024.jpg,DNMT3A_2428_block1.jpg,260509-HPA_DNMT3a_Patches影像檔案\256\0\DNMT3A_2428_block1.jpg_x1280_y1024.jpg
74,88,55,8,11,88,62248,17105,27.48,100.0,74.32,10.81,14.86,3,3,9,high,0,DNMT3A_2428_block1.jpg_x1280_y1280.jpg,DNMT3A_2428_block1.jpg,260509-HPA_DNMT3a_Patches影像檔案\256\0\DNMT3A_2428_block1.jpg_x1280_y1280.jpg
100,87,86,6,8,87,62243,15303,24.59,100.0,86.0,6.0,8.0,2,3,6,high,0,DNMT3A_2428_block1.jpg_x1280_y1536.jpg,DNMT3A_2428_block1.jpg,260509-HPA_DNMT3a_Patches影像檔案\256\0\DNMT3A_2428_block1.jpg_x1280_y1536.jpg
84,69,66,9,9,69,60557,16335,26.97,100.0,78.57,10.71,10.71,2,3,6,high,0,DNMT3A_2428_block1.jpg_x1280_y1792.jpg,DNMT3A_2428_block1.jpg,260509-HPA_DNMT3a_Patches影像檔案\256\0\DNMT3A_2428_block1.jpg_x1280_y1792.jpg
54,56,48,3,3,56,60133,16122,26.81,100.0,88.89,5.56,5.56,2,3,6,high,0,DNMT3A_2428_block1.jpg_x1280_y2048.jpg,DNMT3A_2428_block1.jpg,260509-HPA_DNMT3a_Patches影像檔案\256\0\DNMT3A_2428_block1.jpg_x1280_y2048.jpg
96,83,82,12,2,83,62208,16610,26.7,100.0,85.42,12.5,2.08,2,3,6,high,0,DNMT3A_2428_block1.jpg_x1280_y2304.jpg,DNMT3A_2428_block1.jpg,260509-HPA_DNMT3a_Patches影像檔案\256\0\DNMT3A_2428_block1.jpg_x1280_y2304.jpg
46,46,37,4,5,46,36507,10535,28.86,100.0,80.43,8.7,10.87,2,3,6,high,0,DNMT3A_2428_block1.jpg_x1280_y256.jpg,DNMT3A_2428_block1.jpg,260509-HPA_DNMT3a_Patches影像檔案\256\0\DNMT3A_2428_block1.jpg_x1280_y256.jpg
95,61,75,18,2,61,56964,15137,26.57,100.0,78.95,18.95,2.11,2,3,6,high,0,DNMT3A_2428_block1.jpg_x1280_y2560.jpg,DNMT3A_2428_block1.jpg,260509-HPA_DNMT3a_Patches影像檔案\256\0\DNMT3A_2428_block1.jpg_x1280_y2560.jpg
67,71,59,7,1,71,61838,17705,28.63,100.0,88.06,10.45,1.49,2,3,6,high,0,DNMT3A_2428_block1.jpg_x1280_y512.jpg,DNMT3A_2428_block1.jpg,260509-HPA_DNMT3a_Patches影像檔案\256\0\DNMT3A_2428_block1.jpg_x1280_y512.jpg
95,74,79,9,7,74,62258,17403,27.95,100.0,83.16,9.47,7.37,2,3,6,high,0,DNMT3A_2428_block1.jpg_x1280_y768.jpg,DNMT3A_2428_block1.jpg,260509-HPA_DNMT3a_Patches影像檔案\256\0\DNMT3A_2428_block1.jpg_x1280_y768.jpg
50,54,41,6,3,54,61976,11612,18.74,100.0,82.0,12.0,6.0,2,3,6,high,0,DNMT3A_2428_block1.jpg_x1536_y1024.jpg,DNMT3A_2428_block1.jpg,260509-HPA_DNMT3a_Patches影像檔案\256\0\DNMT3A_2428_block1.jpg_x1536_y1024.jpg
97,87,86,6,5,87,62227,17053,27.4,100.0,88.66,6.19,5.15,2,3,6,high,0,DNMT3A_2428_block1.jpg_x1536_y1280.jpg,DNMT3A_2428_block1.jpg,260509-HPA_DNMT3a_Patches影像檔案\256\0\DNMT3A_2428_block1.jpg_x1536_y1280.jpg
69,75,58,7,4,75,60819,17376,28.57,100.0,84.06,10.14,5.8,2,3,6,high,0,DNMT3A_2428_block1.jpg_x1536_y1536.jpg,DNMT3A_2428_block1.jpg,260509-HPA_DNMT3a_Patches影像檔案\256\0\DNMT3A_2428_block1.jpg_x1536_y1536.jpg
53,60,46,4,3,60,60689,11325,18.66,100.0,86.79,7.55,5.66,2,3,6,high,0,DNMT3A_2428_block1.jpg_x1536_y1792.jpg,DNMT3A_2428_block1.jpg,260509-HPA_DNMT3a_Patches影像檔案\256\0\DNMT3A_2428_block1.jpg_x1536_y1792.jpg
90,71,68,17,5,71,62244,16886,27.13,100.0,75.56,18.89,5.56,2,3,6,high,0,DNMT3A_2428_block1.jpg_x1536_y2048.jpg,DNMT3A_2428_block1.jpg,260509-HPA_DNMT3a_Patches影像檔案\256\0\DNMT3A_2428_block1.jpg_x1536_y2048.jpg
65,64,47,15,3,64,58835,16161,27.47,100.0,72.31,23.08,4.62,2,3,6,high,0,DNMT3A_2428_block1.jpg_x1536_y2304.jpg,DNMT3A_2428_block1.jpg,260509-HPA_DNMT3a_Patches影像檔案\256\0\DNMT3A_2428_block1.jpg_x1536_y2304.jpg
10,7,3,3,4,7,5910,1676,28.36,100.0,30.0,30.0,40.0,3,3,9,high,0,DNMT3A_2428_block1.jpg_x1536_y256.jpg,DNMT3A_2428_block1.jpg,260509-HPA_DNMT3a_Patches影像檔案\256\0\DNMT3A_2428_block1.jpg_x1536_y256.jpg
98,75,74,17,7,75,60703,16513,27.2,100.0,75.51,17.35,7.14,2,3,6,high,0,DNMT3A_2428_block1.jpg_x1536_y2560.jpg,DNMT3A_2428_block1.jpg,260509-HPA_DNMT3a_Patches影像檔案\256\0\DNMT3A_2428_block1.jpg_x1536_y2560.jpg
123,99,91,17,15,99,61403,15281,24.89,100.0,73.98,13.82,12.2,3,3,9,high,0,DNMT3A_2428_block1.jpg_x1536_y512.jpg,DNMT3A_2428_block1.jpg,260509-HPA_DNMT3a_Patches影像檔案\256\0\DNMT3A_2428_block1.jpg_x1536_y512.jpg
97,85,87,5,5,85,62122,16820,27.08,100.0,89.69,5.15,5.15,2,3,6,high,0,DNMT3A_2428_block1.jpg_x1536_y768.jpg,DNMT3A_2428_block1.jpg,260509-HPA_DNMT3a_Patches影像檔案\256\0\DNMT3A_2428_block1.jpg_x1536_y768.jpg
102,92,74,17,11,92,62234,17430,28.01,100.0,72.55,16.67,10.78,2,3,6,high,0,DNMT3A_2428_block1.jpg_x1792_y1024.jpg,DNMT3A_2428_block1.jpg,260509-HPA_DNMT3a_Patches影像檔案\256\0\DNMT3A_2428_block1.jpg_x1792_y1024.jpg
103,87,41,46,16,87,62252,17280,27.76,100.0,39.81,44.66,15.53,3,3,9,high,0,DNMT3A_2428_block1.jpg_x1792_y1280.jpg,DNMT3A_2428_block1.jpg,260509-HPA_DNMT3a_Patches影像檔案\256\0\DNMT3A_2428_block1.jpg_x1792_y1280.jpg
58,41,46,6,6,41,59534,17021,28.59,100.0,79.31,10.34,10.34,2,3,6,high,0,DNMT3A_2428_block1.jpg_x1792_y1536.jpg,DNMT3A_2428_block1.jpg,260509-HPA_DNMT3a_Patches影像檔案\256\0\DNMT3A_2428_block1.jpg_x1792_y1536.jpg
66,82,52,6,8,82,62226,11326,18.2,100.0,78.79,9.09,12.12,3,3,9,high,0,DNMT3A_2428_block1.jpg_x1792_y1792.jpg,DNMT3A_2428_block1.jpg,260509-HPA_DNMT3a_Patches影像檔案\256\0\DNMT3A_2428_block1.jpg_x1792_y1792.jpg
97,80,46,43,8,80,62199,16667,26.8,100.0,47.42,44.33,8.25,2,3,6,high,0,DNMT3A_2428_block1.jpg_x1792_y2048.jpg,DNMT3A_2428_block1.jpg,260509-HPA_DNMT3a_Patches影像檔案\256\0\DNMT3A_2428_block1.jpg_x1792_y2048.jpg
105,71,67,27,11,71,62255,16609,26.68,100.0,63.81,25.71,10.48,2,3,6,high,0,DNMT3A_2428_block1.jpg_x1792_y2304.jpg,DNMT3A_2428_block1.jpg,260509-HPA_DNMT3a_Patches影像檔案\256\0\DNMT3A_2428_block1.jpg_x1792_y2304.jpg
57,58,44,9,4,58,55994,14964,26.72,100.0,77.19,15.79,7.02,2,3,6,high,0,DNMT3A_2428_block1.jpg_x1792_y2560.jpg,DNMT3A_2428_block1.jpg,260509-HPA_DNMT3a_Patches影像檔案\256\0\DNMT3A_2428_block1.jpg_x1792_y2560.jpg
22,22,3,10,9,22,13691,3846,28.09,100.0,13.64,45.45,40.91,3,3,9,high,0,DNMT3A_2428_block1.jpg_x1792_y512.jpg,DNMT3A_2428_block1.jpg,260509-HPA_DNMT3a_Patches影像檔案\256\0\DNMT3A_2428_block1.jpg_x1792_y512.jpg
56,70,47,5,4,70,50812,14625,28.78,100.0,83.93,8.93,7.14,2,3,6,high,0,DNMT3A_2428_block1.jpg_x1792_y768.jpg,DNMT3A_2428_block1.jpg,260509-HPA_DNMT3a_Patches影像檔案\256\0\DNMT3A_2428_block1.jpg_x1792_y768.jpg
61,68,55,1,5,68,52510,15130,28.81,100.0,90.16,1.64,8.2,2,3,6,high,0,DNMT3A_2428_block1.jpg_x2048_y1024.jpg,DNMT3A_2428_block1.jpg,260509-HPA_DNMT3a_Patches影像檔案\256\0\DNMT3A_2428_block1.jpg_x2048_y1024.jpg
50,57,37,6,7,57,58829,17181,29.2,100.0,74.0,12.0,14.0,3,3,9,high,0,DNMT3A_2428_block1.jpg_x2048_y1280.jpg,DNMT3A_2428_block1.jpg,260509-HPA_DNMT3a_Patches影像檔案\256\0\DNMT3A_2428_block1.jpg_x2048_y1280.jpg
82,81,79,0,3,81,60603,16018,26.43,100.0,96.34,0.0,3.66,2,3,6,high,0,DNMT3A_2428_block1.jpg_x2048_y1536.jpg,DNMT3A_2428_block1.jpg,260509-HPA_DNMT3a_Patches影像檔案\256\0\DNMT3A_2428_block1.jpg_x2048_y1536.jpg
107,89,98,3,6,89,62255,13661,21.94,100.0,91.59,2.8,5.61,1,3,3,low,0,DNMT3A_2428_block1.jpg_x2048_y1792.jpg,DNMT3A_2428_block1.jpg,260509-HPA_DNMT3a_Patches影像檔案\256\0\DNMT3A_2428_block1.jpg_x2048_y1792.jpg
95,63,52,32,11,63,59800,16051,26.84,100.0,54.74,33.68,11.58,3,3,9,high,0,DNMT3A_2428_block1.jpg_x2048_y2048.jpg,DNMT3A_2428_block1.jpg,260509-HPA_DNMT3a_Patches影像檔案\256\0\DNMT3A_2428_block1.jpg_x2048_y2048.jpg
105,86,97,4,4,86,62257,16266,26.13,100.0,92.38,3.81,3.81,1,3,3,low,0,DNMT3A_2428_block1.jpg_x2048_y2304.jpg,DNMT3A_2428_block1.jpg,260509-HPA_DNMT3a_Patches影像檔案\256\0\DNMT3A_2428_block1.jpg_x2048_y2304.jpg
39,40,17,16,6,40,27975,7371,26.35,100.0,43.59,41.03,15.38,3,3,9,high,0,DNMT3A_2428_block1.jpg_x2048_y2560.jpg,DNMT3A_2428_block1.jpg,260509-HPA_DNMT3a_Patches影像檔案\256\0\DNMT3A_2428_block1.jpg_x2048_y2560.jpg
11,13,8,1,2,13,8261,2450,29.66,100.0,72.73,9.09,18.18,3,3,9,high,0,DNMT3A_2428_block1.jpg_x2048_y768.jpg,DNMT3A_2428_block1.jpg,260509-HPA_DNMT3a_Patches影像檔案\256\0\DNMT3A_2428_block1.jpg_x2048_y768.jpg
19,22,7,7,5,22,16758,4781,28.53,100.0,36.84,36.84,26.32,3,3,9,high,0,DNMT3A_2428_block1.jpg_x2304_y1024.jpg,DNMT3A_2428_block1.jpg,260509-HPA_DNMT3a_Patches影像檔案\256\0\DNMT3A_2428_block1.jpg_x2304_y1024.jpg
38,53,34,0,4,53,55689,16432,29.51,100.0,89.47,0.0,10.53,2,3,6,high,0,DNMT3A_2428_block1.jpg_x2304_y1280.jpg,DNMT3A_2428_block1.jpg,260509-HPA_DNMT3a_Patches影像檔案\256\0\DNMT3A_2428_block1.jpg_x2304_y1280.jpg
51,58,45,3,3,58,54119,13324,24.62,100.0,88.24,5.88,5.88,2,3,6,high,0,DNMT3A_2428_block1.jpg_x2304_y1536.jpg,DNMT3A_2428_block1.jpg,260509-HPA_DNMT3a_Patches影像檔案\256\0\DNMT3A_2428_block1.jpg_x2304_y1536.jpg
66,69,48,16,2,69,58134,16194,27.86,100.0,72.73,24.24,3.03,2,3,6,high,0,DNMT3A_2428_block1.jpg_x2304_y1792.jpg,DNMT3A_2428_block1.jpg,260509-HPA_DNMT3a_Patches影像檔案\256\0\DNMT3A_2428_block1.jpg_x2304_y1792.jpg
84,69,74,7,3,69,62252,16593,26.65,100.0,88.1,8.33,3.57,2,3,6,high,0,DNMT3A_2428_block1.jpg_x2304_y2048.jpg,DNMT3A_2428_block1.jpg,260509-HPA_DNMT3a_Patches影像檔案\256\0\DNMT3A_2428_block1.jpg_x2304_y2048.jpg
41,60,35,3,3,60,42780,6295,14.71,100.0,85.37,7.32,7.32,2,3,6,high,0,DNMT3A_2428_block1.jpg_x2304_y2304.jpg,DNMT3A_2428_block1.jpg,260509-HPA_DNMT3a_Patches影像檔案\256\0\DNMT3A_2428_block1.jpg_x2304_y2304.jpg
68,58,53,11,4,58,38237,10731,28.06,100.0,77.94,16.18,5.88,2,3,6,high,0,DNMT3A_2428_block1.jpg_x2560_y1280.jpg,DNMT3A_2428_block1.jpg,260509-HPA_DNMT3a_Patches影像檔案\256\0\DNMT3A_2428_block1.jpg_x2560_y1280.jpg
36,42,32,3,1,42,44147,12833,29.07,100.0,88.89,8.33,2.78,2,3,6,high,0,DNMT3A_2428_block1.jpg_x2560_y1536.jpg,DNMT3A_2428_block1.jpg,260509-HPA_DNMT3a_Patches影像檔案\256\0\DNMT3A_2428_block1.jpg_x2560_y1536.jpg
33,52,29,2,2,52,36832,10161,27.59,100.0,87.88,6.06,6.06,2,3,6,high,0,DNMT3A_2428_block1.jpg_x2560_y1792.jpg,DNMT3A_2428_block1.jpg,260509-HPA_DNMT3a_Patches影像檔案\256\0\DNMT3A_2428_block1.jpg_x2560_y1792.jpg
40,29,26,11,3,29,22185,5725,25.81,100.0,65.0,27.5,7.5,2,3,6,high,0,DNMT3A_2428_block1.jpg_x2560_y2048.jpg,DNMT3A_2428_block1.jpg,260509-HPA_DNMT3a_Patches影像檔案\256\0\DNMT3A_2428_block1.jpg_x2560_y2048.jpg
93,61,75,11,7,61,60409,16193,26.81,100.0,80.65,11.83,7.53,2,3,6,high,0,DNMT3A_2428_block1.jpg_x256_y1024.jpg,DNMT3A_2428_block1.jpg,260509-HPA_DNMT3a_Patches影像檔案\256\0\DNMT3A_2428_block1.jpg_x256_y1024.jpg
61,61,54,3,4,61,60545,16590,27.4,100.0,88.52,4.92,6.56,2,3,6,high,0,DNMT3A_2428_block1.jpg_x256_y1280.jpg,DNMT3A_2428_block1.jpg,260509-HPA_DNMT3a_Patches影像檔案\256\0\DNMT3A_2428_block1.jpg_x256_y1280.jpg
83,57,48,30,5,57,57027,14754,25.87,100.0,57.83,36.14,6.02,2,3,6,high,0,DNMT3A_2428_block1.jpg_x256_y1536.jpg,DNMT3A_2428_block1.jpg,260509-HPA_DNMT3a_Patches影像檔案\256\0\DNMT3A_2428_block1.jpg_x256_y1536.jpg
92,63,55,31,6,63,60498,15855,26.21,100.0,59.78,33.7,6.52,2,3,6,high,0,DNMT3A_2428_block1.jpg_x256_y1792.jpg,DNMT3A_2428_block1.jpg,260509-HPA_DNMT3a_Patches影像檔案\256\0\DNMT3A_2428_block1.jpg_x256_y1792.jpg
57,45,37,17,3,45,35708,9025,25.27,100.0,64.91,29.82,5.26,2,3,6,high,0,DNMT3A_2428_block1.jpg_x256_y2048.jpg,DNMT3A_2428_block1.jpg,260509-HPA_DNMT3a_Patches影像檔案\256\0\DNMT3A_2428_block1.jpg_x256_y2048.jpg
41,41,29,5,7,41,40487,11374,28.09,100.0,70.73,12.2,17.07,3,3,9,high,0,DNMT3A_2428_block1.jpg_x256_y768.jpg,DNMT3A_2428_block1.jpg,260509-HPA_DNMT3a_Patches影像檔案\256\0\DNMT3A_2428_block1.jpg_x256_y768.jpg
76,57,72,2,2,57,62216,16747,26.92,100.0,94.74,2.63,2.63,1,3,3,low,0,DNMT3A_2428_block1.jpg_x512_y1024.jpg,DNMT3A_2428_block1.jpg,260509-HPA_DNMT3a_Patches影像檔案\256\0\DNMT3A_2428_block1.jpg_x512_y1024.jpg
105,73,81,19,5,73,62239,16483,26.48,100.0,77.14,18.1,4.76,2,3,6,high,0,DNMT3A_2428_block1.jpg_x512_y1280.jpg,DNMT3A_2428_block1.jpg,260509-HPA_DNMT3a_Patches影像檔案\256\0\DNMT3A_2428_block1.jpg_x512_y1280.jpg
92,56,51,36,5,56,61752,16708,27.06,100.0,55.43,39.13,5.43,2,3,6,high,0,DNMT3A_2428_block1.jpg_x512_y1536.jpg,DNMT3A_2428_block1.jpg,260509-HPA_DNMT3a_Patches影像檔案\256\0\DNMT3A_2428_block1.jpg_x512_y1536.jpg
80,62,58,17,5,62,62249,16695,26.82,100.0,72.5,21.25,6.25,2,3,6,high,0,DNMT3A_2428_block1.jpg_x512_y1792.jpg,DNMT3A_2428_block1.jpg,260509-HPA_DNMT3a_Patches影像檔案\256\0\DNMT3A_2428_block1.jpg_x512_y1792.jpg
53,67,45,5,3,67,59720,17235,28.86,100.0,84.91,9.43,5.66,2,3,6,high,0,DNMT3A_2428_block1.jpg_x512_y2048.jpg,DNMT3A_2428_block1.jpg,260509-HPA_DNMT3a_Patches影像檔案\256\0\DNMT3A_2428_block1.jpg_x512_y2048.jpg
13,10,12,1,0,10,8507,2297,27.0,100.0,92.31,7.69,0.0,1,3,3,low,0,DNMT3A_2428_block1.jpg_x512_y256.jpg,DNMT3A_2428_block1.jpg,260509-HPA_DNMT3a_Patches影像檔案\256\0\DNMT3A_2428_block1.jpg_x512_y256.jpg
75,72,60,10,5,72,56830,9465,16.65,100.0,80.0,13.33,6.67,2,3,6,high,0,DNMT3A_2428_block1.jpg_x512_y512.jpg,DNMT3A_2428_block1.jpg,260509-HPA_DNMT3a_Patches影像檔案\256\0\DNMT3A_2428_block1.jpg_x512_y512.jpg
78,60,50,22,6,60,62249,16924,27.19,100.0,64.1,28.21,7.69,2,3,6,high,0,DNMT3A_2428_block1.jpg_x512_y768.jpg,DNMT3A_2428_block1.jpg,260509-HPA_DNMT3a_Patches影像檔案\256\0\DNMT3A_2428_block1.jpg_x512_y768.jpg
88,85,65,16,7,85,62255,16639,26.73,100.0,73.86,18.18,7.95,2,3,6,high,0,DNMT3A_2428_block1.jpg_x768_y1024.jpg,DNMT3A_2428_block1.jpg,260509-HPA_DNMT3a_Patches影像檔案\256\0\DNMT3A_2428_block1.jpg_x768_y1024.jpg
83,69,71,6,6,69,62235,17073,27.43,100.0,85.54,7.23,7.23,2,3,6,high,0,DNMT3A_2428_block1.jpg_x768_y1280.jpg,DNMT3A_2428_block1.jpg,260509-HPA_DNMT3a_Patches影像檔案\256\0\DNMT3A_2428_block1.jpg_x768_y1280.jpg
106,95,83,17,6,95,62232,16612,26.69,100.0,78.3,16.04,5.66,2,3,6,high,0,DNMT3A_2428_block1.jpg_x768_y1536.jpg,DNMT3A_2428_block1.jpg,260509-HPA_DNMT3a_Patches影像檔案\256\0\DNMT3A_2428_block1.jpg_x768_y1536.jpg
109,91,84,21,4,91,62126,16484,26.53,100.0,77.06,19.27,3.67,2,3,6,high,0,DNMT3A_2428_block1.jpg_x768_y1792.jpg,DNMT3A_2428_block1.jpg,260509-HPA_DNMT3a_Patches影像檔案\256\0\DNMT3A_2428_block1.jpg_x768_y1792.jpg
58,53,53,2,3,53,60654,16957,27.96,100.0,91.38,3.45,5.17,1,3,3,low,0,DNMT3A_2428_block1.jpg_x768_y2048.jpg,DNMT3A_2428_block1.jpg,260509-HPA_DNMT3a_Patches影像檔案\256\0\DNMT3A_2428_block1.jpg_x768_y2048.jpg
18,36,17,1,0,36,45081,11692,25.94,100.0,94.44,5.56,0.0,1,3,3,low,0,DNMT3A_2428_block1.jpg_x768_y2304.jpg,DNMT3A_2428_block1.jpg,260509-HPA_DNMT3a_Patches影像檔案\256\0\DNMT3A_2428_block1.jpg_x768_y2304.jpg
59,59,52,6,1,59,44572,12582,28.23,100.0,88.14,10.17,1.69,2,3,6,high,0,DNMT3A_2428_block1.jpg_x768_y256.jpg,DNMT3A_2428_block1.jpg,260509-HPA_DNMT3a_Patches影像檔案\256\0\DNMT3A_2428_block1.jpg_x768_y256.jpg
74,67,66,5,3,67,61988,12824,20.69,100.0,89.19,6.76,4.05,2,3,6,high,0,DNMT3A_2428_block1.jpg_x768_y512.jpg,DNMT3A_2428_block1.jpg,260509-HPA_DNMT3a_Patches影像檔案\256\0\DNMT3A_2428_block1.jpg_x768_y512.jpg
79,70,51,19,9,70,61083,16846,27.58,100.0,64.56,24.05,11.39,3,3,9,high,0,DNMT3A_2428_block1.jpg_x768_y768.jpg,DNMT3A_2428_block1.jpg,260509-HPA_DNMT3a_Patches影像檔案\256\0\DNMT3A_2428_block1.jpg_x768_y768.jpg
60,58,46,11,3,58,61716,17672,28.63,100.0,76.67,18.33,5.0,2,3,6,high,0,DNMT3A_2805_block1.jpg_x1024_y1024.jpg,DNMT3A_2805_block1.jpg,260509-HPA_DNMT3a_Patches影像檔案\256\0\DNMT3A_2805_block1.jpg_x1024_y1024.jpg
64,54,45,17,2,54,61744,17648,28.58,100.0,70.31,26.56,3.12,2,3,6,high,0,DNMT3A_2805_block1.jpg_x1024_y1280.jpg,DNMT3A_2805_block1.jpg,260509-HPA_DNMT3a_Patches影像檔案\256\0\DNMT3A_2805_block1.jpg_x1024_y1280.jpg
57,54,43,11,3,54,60580,17601,29.05,100.0,75.44,19.3,5.26,2,3,6,high,0,DNMT3A_2805_block1.jpg_x1024_y768.jpg,DNMT3A_2805_block1.jpg,260509-HPA_DNMT3a_Patches影像檔案\256\0\DNMT3A_2805_block1.jpg_x1024_y768.jpg
63,62,33,22,8,62,62162,17870,28.75,100.0,52.38,34.92,12.7,3,3,9,high,0,DNMT3A_2805_block1.jpg_x1280_y512.jpg,DNMT3A_2805_block1.jpg,260509-HPA_DNMT3a_Patches影像檔案\256\0\DNMT3A_2805_block1.jpg_x1280_y512.jpg
69,56,43,20,6,56,62206,17677,28.42,100.0,62.32,28.99,8.7,2,3,6,high,0,DNMT3A_2805_block1.jpg_x1792_y1024.jpg,DNMT3A_2805_block1.jpg,260509-HPA_DNMT3a_Patches影像檔案\256\0\DNMT3A_2805_block1.jpg_x1792_y1024.jpg
99,39,0,50,49,39,62256,16434,26.4,100.0,0.0,50.51,49.49,3,3,9,high,0,DNMT3A_2898_block1.jpg_x2304_y1024.jpg,DNMT3A_2898_block1.jpg,260509-HPA_DNMT3a_Patches影像檔案\256\0\DNMT3A_2898_block1.jpg_x2304_y1024.jpg
63,33,4,36,23,33,59183,16559,27.98,100.0,6.35,57.14,36.51,3,3,9,high,0,DNMT3A_2898_block1.jpg_x2304_y1280.jpg,DNMT3A_2898_block1.jpg,260509-HPA_DNMT3a_Patches影像檔案\256\0\DNMT3A_2898_block1.jpg_x2304_y1280.jpg
44,26,8,24,12,26,58827,17049,28.98,100.0,18.18,54.55,27.27,3,3,9,high,0,DNMT3A_2898_block1.jpg_x2304_y768.jpg,DNMT3A_2898_block1.jpg,260509-HPA_DNMT3a_Patches影像檔案\256\0\DNMT3A_2898_block1.jpg_x2304_y768.jpg
76,45,39,28,9,45,58070,15946,27.46,100.0,51.32,36.84,11.84,3,3,9,high,0,DNMT3A_2898_block1.jpg_x512_y1280.jpg,DNMT3A_2898_block1.jpg,260509-HPA_DNMT3a_Patches影像檔案\256\0\DNMT3A_2898_block1.jpg_x512_y1280.jpg
64,37,29,26,9,37,60168,17011,28.27,100.0,45.31,40.62,14.06,3,3,9,high,0,DNMT3A_2898_block1.jpg_x512_y1536.jpg,DNMT3A_2898_block1.jpg,260509-HPA_DNMT3a_Patches影像檔案\256\0\DNMT3A_2898_block1.jpg_x512_y1536.jpg
43,32,38,1,4,32,52707,9459,17.95,100.0,88.37,2.33,9.3,2,3,6,high,0,DNMT3A_3257_block1.jpg_x1024_y1024.jpg,DNMT3A_3257_block1.jpg,260509-HPA_DNMT3a_Patches影像檔案\256\0\DNMT3A_3257_block1.jpg_x1024_y1024.jpg
62,62,53,7,2,62,53366,13551,25.39,100.0,85.48,11.29,3.23,2,3,6,high,0,DNMT3A_3257_block1.jpg_x1024_y1280.jpg,DNMT3A_3257_block1.jpg,260509-HPA_DNMT3a_Patches影像檔案\256\0\DNMT3A_3257_block1.jpg_x1024_y1280.jpg
38,55,30,7,1,55,55405,15995,28.87,100.0,78.95,18.42,2.63,2,3,6,high,0,DNMT3A_3257_block1.jpg_x1024_y1536.jpg,DNMT3A_3257_block1.jpg,260509-HPA_DNMT3a_Patches影像檔案\256\0\DNMT3A_3257_block1.jpg_x1024_y1536.jpg
47,54,42,1,4,54,52270,13226,25.3,100.0,89.36,2.13,8.51,2,3,6,high,0,DNMT3A_3257_block1.jpg_x1024_y1792.jpg,DNMT3A_3257_block1.jpg,260509-HPA_DNMT3a_Patches影像檔案\256\0\DNMT3A_3257_block1.jpg_x1024_y1792.jpg
15,22,12,3,0,22,47659,5119,10.74,100.0,80.0,20.0,0.0,2,3,6,high,0,DNMT3A_3257_block1.jpg_x1024_y256.jpg,DNMT3A_3257_block1.jpg,260509-HPA_DNMT3a_Patches影像檔案\256\0\DNMT3A_3257_block1.jpg_x1024_y256.jpg
14,24,13,1,0,24,54459,14529,26.68,100.0,92.86,7.14,0.0,1,3,3,low,0,DNMT3A_3257_block1.jpg_x1280_y1024.jpg,DNMT3A_3257_block1.jpg,260509-HPA_DNMT3a_Patches影像檔案\256\0\DNMT3A_3257_block1.jpg_x1280_y1024.jpg
24,48,22,1,1,48,52536,8780,16.71,100.0,91.67,4.17,4.17,2,3,6,high,0,DNMT3A_3257_block1.jpg_x1280_y1280.jpg,DNMT3A_3257_block1.jpg,260509-HPA_DNMT3a_Patches影像檔案\256\0\DNMT3A_3257_block1.jpg_x1280_y1280.jpg
48,65,44,3,1,65,54756,15677,28.63,100.0,91.67,6.25,2.08,1,3,3,low,0,DNMT3A_3257_block1.jpg_x1280_y1536.jpg,DNMT3A_3257_block1.jpg,260509-HPA_DNMT3a_Patches影像檔案\256\0\DNMT3A_3257_block1.jpg_x1280_y1536.jpg
55,55,49,5,1,55,55877,15818,28.31,100.0,89.09,9.09,1.82,2,3,6,high,0,DNMT3A_3257_block1.jpg_x1280_y1792.jpg,DNMT3A_3257_block1.jpg,260509-HPA_DNMT3a_Patches影像檔案\256\0\DNMT3A_3257_block1.jpg_x1280_y1792.jpg
54,50,49,5,0,49,51972,12446,23.95,98.0,90.74,9.26,0.0,2,3,6,high,0,DNMT3A_3257_block1.jpg_x1280_y2048.jpg,DNMT3A_3257_block1.jpg,260509-HPA_DNMT3a_Patches影像檔案\256\0\DNMT3A_3257_block1.jpg_x1280_y2048.jpg
3,12,2,0,1,12,48562,2625,5.41,100.0,66.67,0.0,33.33,3,3,9,high,0,DNMT3A_3257_block1.jpg_x1280_y256.jpg,DNMT3A_3257_block1.jpg,260509-HPA_DNMT3a_Patches影像檔案\256\0\DNMT3A_3257_block1.jpg_x1280_y256.jpg
24,25,14,8,2,25,47469,7363,15.51,100.0,58.33,33.33,8.33,2,3,6,high,0,DNMT3A_3257_block1.jpg_x1280_y512.jpg,DNMT3A_3257_block1.jpg,260509-HPA_DNMT3a_Patches影像檔案\256\0\DNMT3A_3257_block1.jpg_x1280_y512.jpg
15,29,12,3,0,29,52068,13647,26.21,100.0,80.0,20.0,0.0,2,3,6,high,0,DNMT3A_3257_block1.jpg_x1280_y768.jpg,DNMT3A_3257_block1.jpg,260509-HPA_DNMT3a_Patches影像檔案\256\0\DNMT3A_3257_block1.jpg_x1280_y768.jpg
16,13,11,4,1,13,50975,7869,15.44,100.0,68.75,25.0,6.25,2,3,6,high,0,DNMT3A_3257_block1.jpg_x1536_y1024.jpg,DNMT3A_3257_block1.jpg,260509-HPA_DNMT3a_Patches影像檔案\256\0\DNMT3A_3257_block1.jpg_x1536_y1024.jpg
35,42,29,4,2,42,50349,7361,14.62,100.0,82.86,11.43,5.71,2,3,6,high,0,DNMT3A_3257_block1.jpg_x1536_y1280.jpg,DNMT3A_3257_block1.jpg,260509-HPA_DNMT3a_Patches影像檔案\256\0\DNMT3A_3257_block1.jpg_x1536_y1280.jpg
60,55,49,7,4,55,53410,11244,21.05,100.0,81.67,11.67,6.67,2,3,6,high,0,DNMT3A_3257_block1.jpg_x1536_y1536.jpg,DNMT3A_3257_block1.jpg,260509-HPA_DNMT3a_Patches影像檔案\256\0\DNMT3A_3257_block1.jpg_x1536_y1536.jpg
89,78,75,12,2,78,56369,16082,28.53,100.0,84.27,13.48,2.25,2,3,6,high,0,DNMT3A_3257_block1.jpg_x1536_y1792.jpg,DNMT3A_3257_block1.jpg,260509-HPA_DNMT3a_Patches影像檔案\256\0\DNMT3A_3257_block1.jpg_x1536_y1792.jpg
69,82,68,1,0,82,52746,9470,17.95,100.0,98.55,1.45,0.0,1,3,3,low,0,DNMT3A_3257_block1.jpg_x1536_y2048.jpg,DNMT3A_3257_block1.jpg,260509-HPA_DNMT3a_Patches影像檔案\256\0\DNMT3A_3257_block1.jpg_x1536_y2048.jpg
25,27,9,7,9,27,56247,16517,29.37,100.0,36.0,28.0,36.0,3,3,9,high,0,DNMT3A_3257_block1.jpg_x1536_y512.jpg,DNMT3A_3257_block1.jpg,260509-HPA_DNMT3a_Patches影像檔案\256\0\DNMT3A_3257_block1.jpg_x1536_y512.jpg
28,35,26,1,1,35,54059,12808,23.69,100.0,92.86,3.57,3.57,2,3,6,high,0,DNMT3A_3257_block1.jpg_x1536_y768.jpg,DNMT3A_3257_block1.jpg,260509-HPA_DNMT3a_Patches影像檔案\256\0\DNMT3A_3257_block1.jpg_x1536_y768.jpg
27,40,22,4,1,40,55520,16305,29.37,100.0,81.48,14.81,3.7,2,3,6,high,0,DNMT3A_3257_block1.jpg_x1792_y1024.jpg,DNMT3A_3257_block1.jpg,260509-HPA_DNMT3a_Patches影像檔案\256\0\DNMT3A_3257_block1.jpg_x1792_y1024.jpg
37,45,34,3,0,45,48446,10815,22.32,100.0,91.89,8.11,0.0,1,3,3,low,0,DNMT3A_3257_block1.jpg_x1792_y1280.jpg,DNMT3A_3257_block1.jpg,260509-HPA_DNMT3a_Patches影像檔案\256\0\DNMT3A_3257_block1.jpg_x1792_y1280.jpg
43,41,38,4,1,41,50794,8234,16.21,100.0,88.37,9.3,2.33,2,3,6,high,0,DNMT3A_3257_block1.jpg_x1792_y1536.jpg,DNMT3A_3257_block1.jpg,260509-HPA_DNMT3a_Patches影像檔案\256\0\DNMT3A_3257_block1.jpg_x1792_y1536.jpg
23,52,18,3,2,52,51045,7903,15.48,100.0,78.26,13.04,8.7,2,3,6,high,0,DNMT3A_3257_block1.jpg_x1792_y1792.jpg,DNMT3A_3257_block1.jpg,260509-HPA_DNMT3a_Patches影像檔案\256\0\DNMT3A_3257_block1.jpg_x1792_y1792.jpg
36,45,31,2,3,45,47360,6614,13.97,100.0,86.11,5.56,8.33,2,3,6,high,0,DNMT3A_3257_block1.jpg_x1792_y2048.jpg,DNMT3A_3257_block1.jpg,260509-HPA_DNMT3a_Patches影像檔案\256\0\DNMT3A_3257_block1.jpg_x1792_y2048.jpg
44,42,36,4,4,42,49257,7302,14.82,100.0,81.82,9.09,9.09,2,3,6,high,0,DNMT3A_3257_block1.jpg_x1792_y2304.jpg,DNMT3A_3257_block1.jpg,260509-HPA_DNMT3a_Patches影像檔案\256\0\DNMT3A_3257_block1.jpg_x1792_y2304.jpg
16,21,16,0,0,21,31910,7242,22.7,100.0,100.0,0.0,0.0,1,3,3,low,0,DNMT3A_3257_block1.jpg_x1792_y2560.jpg,DNMT3A_3257_block1.jpg,260509-HPA_DNMT3a_Patches影像檔案\256\0\DNMT3A_3257_block1.jpg_x1792_y2560.jpg
19,26,16,2,1,26,50949,13416,26.33,100.0,84.21,10.53,5.26,2,3,6,high,0,DNMT3A_3257_block1.jpg_x1792_y512.jpg,DNMT3A_3257_block1.jpg,260509-HPA_DNMT3a_Patches影像檔案\256\0\DNMT3A_3257_block1.jpg_x1792_y512.jpg
32,39,24,7,1,39,54480,13464,24.71,100.0,75.0,21.88,3.12,2,3,6,high,0,DNMT3A_3257_block1.jpg_x1792_y768.jpg,DNMT3A_3257_block1.jpg,260509-HPA_DNMT3a_Patches影像檔案\256\0\DNMT3A_3257_block1.jpg_x1792_y768.jpg
26,40,18,5,3,40,48940,11036,22.55,100.0,69.23,19.23,11.54,3,3,9,high,0,DNMT3A_3257_block1.jpg_x2048_y1024.jpg,DNMT3A_3257_block1.jpg,260509-HPA_DNMT3a_Patches影像檔案\256\0\DNMT3A_3257_block1.jpg_x2048_y1024.jpg
42,33,34,6,2,33,54168,15685,28.96,100.0,80.95,14.29,4.76,2,3,6,high,0,DNMT3A_3257_block1.jpg_x2048_y1280.jpg,DNMT3A_3257_block1.jpg,260509-HPA_DNMT3a_Patches影像檔案\256\0\DNMT3A_3257_block1.jpg_x2048_y1280.jpg
33,35,30,2,1,35,50836,9572,18.83,100.0,90.91,6.06,3.03,2,3,6,high,0,DNMT3A_3257_block1.jpg_x2048_y1536.jpg,DNMT3A_3257_block1.jpg,260509-HPA_DNMT3a_Patches影像檔案\256\0\DNMT3A_3257_block1.jpg_x2048_y1536.jpg
32,45,29,2,1,45,53858,7411,13.76,100.0,90.62,6.25,3.12,2,3,6,high,0,DNMT3A_3257_block1.jpg_x2048_y1792.jpg,DNMT3A_3257_block1.jpg,260509-HPA_DNMT3a_Patches影像檔案\256\0\DNMT3A_3257_block1.jpg_x2048_y1792.jpg
27,31,24,1,2,31,55614,15860,28.52,100.0,88.89,3.7,7.41,2,3,6,high,0,DNMT3A_3257_block1.jpg_x2048_y2048.jpg,DNMT3A_3257_block1.jpg,260509-HPA_DNMT3a_Patches影像檔案\256\0\DNMT3A_3257_block1.jpg_x2048_y2048.jpg
29,29,24,4,1,29,52377,15043,28.72,100.0,82.76,13.79,3.45,2,3,6,high,0,DNMT3A_3257_block1.jpg_x2048_y2304.jpg,DNMT3A_3257_block1.jpg,260509-HPA_DNMT3a_Patches影像檔案\256\0\DNMT3A_3257_block1.jpg_x2048_y2304.jpg
19,42,15,4,0,42,51659,6650,12.87,100.0,78.95,21.05,0.0,2,3,6,high,0,DNMT3A_3257_block1.jpg_x2048_y768.jpg,DNMT3A_3257_block1.jpg,260509-HPA_DNMT3a_Patches影像檔案\256\0\DNMT3A_3257_block1.jpg_x2048_y768.jpg
27,33,24,1,2,33,53127,14020,26.39,100.0,88.89,3.7,7.41,2,3,6,high,0,DNMT3A_3257_block1.jpg_x2304_y1024.jpg,DNMT3A_3257_block1.jpg,260509-HPA_DNMT3a_Patches影像檔案\256\0\DNMT3A_3257_block1.jpg_x2304_y1024.jpg
23,24,21,2,0,24,49172,7660,15.58,100.0,91.3,8.7,0.0,2,3,6,high,0,DNMT3A_3257_block1.jpg_x2304_y1280.jpg,DNMT3A_3257_block1.jpg,260509-HPA_DNMT3a_Patches影像檔案\256\0\DNMT3A_3257_block1.jpg_x2304_y1280.jpg
29,41,23,6,0,41,50168,13720,27.35,100.0,79.31,20.69,0.0,2,3,6,high,0,DNMT3A_3257_block1.jpg_x2304_y1536.jpg,DNMT3A_3257_block1.jpg,260509-HPA_DNMT3a_Patches影像檔案\256\0\DNMT3A_3257_block1.jpg_x2304_y1536.jpg
26,36,21,4,1,35,46761,13592,29.07,97.22,80.77,15.38,3.85,2,3,6,high,0,DNMT3A_3257_block1.jpg_x2304_y1792.jpg,DNMT3A_3257_block1.jpg,260509-HPA_DNMT3a_Patches影像檔案\256\0\DNMT3A_3257_block1.jpg_x2304_y1792.jpg
27,44,24,1,2,44,44804,6213,13.87,100.0,88.89,3.7,7.41,2,3,6,high,0,DNMT3A_3257_block1.jpg_x2304_y2048.jpg,DNMT3A_3257_block1.jpg,260509-HPA_DNMT3a_Patches影像檔案\256\0\DNMT3A_3257_block1.jpg_x2304_y2048.jpg
18,27,13,3,2,27,23477,5368,22.86,100.0,72.22,16.67,11.11,2,3,6,high,0,DNMT3A_3257_block1.jpg_x2304_y2304.jpg,DNMT3A_3257_block1.jpg,260509-HPA_DNMT3a_Patches影像檔案\256\0\DNMT3A_3257_block1.jpg_x2304_y2304.jpg
43,46,35,4,4,46,50984,6338,12.43,100.0,81.4,9.3,9.3,2,3,6,high,0,DNMT3A_3257_block1.jpg_x2304_y768.jpg,DNMT3A_3257_block1.jpg,260509-HPA_DNMT3a_Patches影像檔案\256\0\DNMT3A_3257_block1.jpg_x2304_y768.jpg
18,30,15,3,0,30,33489,7976,23.82,100.0,83.33,16.67,0.0,2,3,6,high,0,DNMT3A_3257_block1.jpg_x2560_y1024.jpg,DNMT3A_3257_block1.jpg,260509-HPA_DNMT3a_Patches影像檔案\256\0\DNMT3A_3257_block1.jpg_x2560_y1024.jpg
24,24,21,3,0,24,34002,6170,18.15,100.0,87.5,12.5,0.0,2,3,6,high,0,DNMT3A_3257_block1.jpg_x2560_y1280.jpg,DNMT3A_3257_block1.jpg,260509-HPA_DNMT3a_Patches影像檔案\256\0\DNMT3A_3257_block1.jpg_x2560_y1280.jpg
15,23,11,4,0,22,40906,10895,26.63,95.65,73.33,26.67,0.0,2,3,6,high,0,DNMT3A_3257_block1.jpg_x2560_y1536.jpg,DNMT3A_3257_block1.jpg,260509-HPA_DNMT3a_Patches影像檔案\256\0\DNMT3A_3257_block1.jpg_x2560_y1536.jpg
19,17,15,2,2,17,26294,6452,24.54,100.0,78.95,10.53,10.53,2,3,6,high,0,DNMT3A_3257_block1.jpg_x2560_y1792.jpg,DNMT3A_3257_block1.jpg,260509-HPA_DNMT3a_Patches影像檔案\256\0\DNMT3A_3257_block1.jpg_x2560_y1792.jpg
24,39,22,1,1,39,19673,3844,19.54,100.0,91.67,4.17,4.17,1,3,3,low,0,DNMT3A_3257_block1.jpg_x2560_y768.jpg,DNMT3A_3257_block1.jpg,260509-HPA_DNMT3a_Patches影像檔案\256\0\DNMT3A_3257_block1.jpg_x2560_y768.jpg
26,37,24,2,0,37,44168,9356,21.18,100.0,92.31,7.69,0.0,1,3,3,low,0,DNMT3A_3257_block1.jpg_x256_y1792.jpg,DNMT3A_3257_block1.jpg,260509-HPA_DNMT3a_Patches影像檔案\256\0\DNMT3A_3257_block1.jpg_x256_y1792.jpg
35,44,30,3,2,44,51036,11435,22.41,100.0,85.71,8.57,5.71,2,3,6,high,0,DNMT3A_3257_block1.jpg_x512_y1280.jpg,DNMT3A_3257_block1.jpg,260509-HPA_DNMT3a_Patches影像檔案\256\0\DNMT3A_3257_block1.jpg_x512_y1280.jpg
53,50,47,6,0,50,56020,15989,28.54,100.0,88.68,11.32,0.0,2,3,6,high,0,DNMT3A_3257_block1.jpg_x512_y1536.jpg,DNMT3A_3257_block1.jpg,260509-HPA_DNMT3a_Patches影像檔案\256\0\DNMT3A_3257_block1.jpg_x512_y1536.jpg
43,59,40,2,1,58,55001,14565,26.48,98.31,93.02,4.65,2.33,1,3,3,low,0,DNMT3A_3257_block1.jpg_x512_y1792.jpg,DNMT3A_3257_block1.jpg,260509-HPA_DNMT3a_Patches影像檔案\256\0\DNMT3A_3257_block1.jpg_x512_y1792.jpg
60,69,59,0,1,69,56094,16120,28.74,100.0,98.33,0.0,1.67,1,3,3,low,0,DNMT3A_3257_block1.jpg_x512_y2048.jpg,DNMT3A_3257_block1.jpg,260509-HPA_DNMT3a_Patches影像檔案\256\0\DNMT3A_3257_block1.jpg_x512_y2048.jpg
23,24,17,4,2,24,49727,14552,29.26,100.0,73.91,17.39,8.7,2,3,6,high,0,DNMT3A_3257_block1.jpg_x768_y1024.jpg,DNMT3A_3257_block1.jpg,260509-HPA_DNMT3a_Patches影像檔案\256\0\DNMT3A_3257_block1.jpg_x768_y1024.jpg
54,54,45,6,3,54,53747,15450,28.75,100.0,83.33,11.11,5.56,2,3,6,high,0,DNMT3A_3257_block1.jpg_x768_y1280.jpg,DNMT3A_3257_block1.jpg,260509-HPA_DNMT3a_Patches影像檔案\256\0\DNMT3A_3257_block1.jpg_x768_y1280.jpg
51,68,40,8,3,68,56362,16132,28.62,100.0,78.43,15.69,5.88,2,3,6,high,0,DNMT3A_3257_block1.jpg_x768_y1536.jpg,DNMT3A_3257_block1.jpg,260509-HPA_DNMT3a_Patches影像檔案\256\0\DNMT3A_3257_block1.jpg_x768_y1536.jpg
54,63,48,4,2,63,56774,16252,28.63,100.0,88.89,7.41,3.7,2,3,6,high,0,DNMT3A_3257_block1.jpg_x768_y1792.jpg,DNMT3A_3257_block1.jpg,260509-HPA_DNMT3a_Patches影像檔案\256\0\DNMT3A_3257_block1.jpg_x768_y1792.jpg
68,66,57,9,2,66,54106,15011,27.74,100.0,83.82,13.24,2.94,2,3,6,high,0,DNMT3A_3257_block1.jpg_x768_y2048.jpg,DNMT3A_3257_block1.jpg,260509-HPA_DNMT3a_Patches影像檔案\256\0\DNMT3A_3257_block1.jpg_x768_y2048.jpg
0,44,0,0,0,43,54722,0,0.0,97.73,0.0,0.0,0.0,3,3,9,high,1,DNMT3A_1838_block2.jpg_x1024_y1024.jpg,DNMT3A_1838_block2.jpg,260509-HPA_DNMT3a_Patches影像檔案\256\1\DNMT3A_1838_block2.jpg_x1024_y1024.jpg
41,51,13,9,19,45,58651,4428,7.55,88.24,31.71,21.95,46.34,3,3,9,high,1,DNMT3A_1838_block2.jpg_x1024_y1280.jpg,DNMT3A_1838_block2.jpg,260509-HPA_DNMT3a_Patches影像檔案\256\1\DNMT3A_1838_block2.jpg_x1024_y1280.jpg
55,64,15,17,23,64,58731,5049,8.6,100.0,27.27,30.91,41.82,3,3,9,high,1,DNMT3A_1838_block2.jpg_x1024_y2304.jpg,DNMT3A_1838_block2.jpg,260509-HPA_DNMT3a_Patches影像檔案\256\1\DNMT3A_1838_block2.jpg_x1024_y2304.jpg
92,81,67,14,11,81,51544,10378,20.13,100.0,72.83,15.22,11.96,2,3,6,high,1,DNMT3A_1838_block2.jpg_x1024_y256.jpg,DNMT3A_1838_block2.jpg,260509-HPA_DNMT3a_Patches影像檔案\256\1\DNMT3A_1838_block2.jpg_x1024_y256.jpg
30,39,10,9,11,36,43617,3846,8.82,92.31,33.33,30.0,36.67,3,3,9,high,1,DNMT3A_1838_block2.jpg_x1024_y2560.jpg,DNMT3A_1838_block2.jpg,260509-HPA_DNMT3a_Patches影像檔案\256\1\DNMT3A_1838_block2.jpg_x1024_y2560.jpg
77,81,41,19,17,80,59248,7107,12.0,98.77,53.25,24.68,22.08,3,3,9,high,1,DNMT3A_1838_block2.jpg_x1024_y512.jpg,DNMT3A_1838_block2.jpg,260509-HPA_DNMT3a_Patches影像檔案\256\1\DNMT3A_1838_block2.jpg_x1024_y512.jpg
62,61,34,14,14,59,61538,8647,14.05,96.72,54.84,22.58,22.58,3,3,9,high,1,DNMT3A_1838_block2.jpg_x1024_y768.jpg,DNMT3A_1838_block2.jpg,260509-HPA_DNMT3a_Patches影像檔案\256\1\DNMT3A_1838_block2.jpg_x1024_y768.jpg
56,67,20,14,22,67,60849,5432,8.93,100.0,35.71,25.0,39.29,3,3,9,high,1,DNMT3A_1838_block2.jpg_x1280_y1792.jpg,DNMT3A_1838_block2.jpg,260509-HPA_DNMT3a_Patches影像檔案\256\1\DNMT3A_1838_block2.jpg_x1280_y1792.jpg
45,49,16,8,21,48,61815,4091,6.62,97.96,35.56,17.78,46.67,3,3,9,high,1,DNMT3A_1838_block2.jpg_x1280_y2048.jpg,DNMT3A_1838_block2.jpg,260509-HPA_DNMT3a_Patches影像檔案\256\1\DNMT3A_1838_block2.jpg_x1280_y2048.jpg
45,52,10,13,22,52,52915,4608,8.71,100.0,22.22,28.89,48.89,3,3,9,high,1,DNMT3A_1838_block2.jpg_x1280_y2304.jpg,DNMT3A_1838_block2.jpg,260509-HPA_DNMT3a_Patches影像檔案\256\1\DNMT3A_1838_block2.jpg_x1280_y2304.jpg
128,64,94,26,8,64,57360,16527,28.81,100.0,73.44,20.31,6.25,2,3,6,high,1,DNMT3A_1838_block2.jpg_x1280_y256.jpg,DNMT3A_1838_block2.jpg,260509-HPA_DNMT3a_Patches影像檔案\256\1\DNMT3A_1838_block2.jpg_x1280_y256.jpg
34,37,11,8,15,37,60306,4377,7.26,100.0,32.35,23.53,44.12,3,3,9,high,1,DNMT3A_1838_block2.jpg_x1280_y2560.jpg,DNMT3A_1838_block2.jpg,260509-HPA_DNMT3a_Patches影像檔案\256\1\DNMT3A_1838_block2.jpg_x1280_y2560.jpg
140,107,111,20,9,107,59177,15890,26.85,100.0,79.29,14.29,6.43,2,3,6,high,1,DNMT3A_1838_block2.jpg_x1280_y512.jpg,DNMT3A_1838_block2.jpg,260509-HPA_DNMT3a_Patches影像檔案\256\1\DNMT3A_1838_block2.jpg_x1280_y512.jpg
48,50,20,9,19,50,57373,4615,8.04,100.0,41.67,18.75,39.58,3,3,9,high,1,DNMT3A_1838_block2.jpg_x1280_y768.jpg,DNMT3A_1838_block2.jpg,260509-HPA_DNMT3a_Patches影像檔案\256\1\DNMT3A_1838_block2.jpg_x1280_y768.jpg
47,53,22,13,12,52,61569,8299,13.48,98.11,46.81,27.66,25.53,3,3,9,high,1,DNMT3A_1838_block2.jpg_x1536_y1792.jpg,DNMT3A_1838_block2.jpg,260509-HPA_DNMT3a_Patches影像檔案\256\1\DNMT3A_1838_block2.jpg_x1536_y1792.jpg
39,43,19,8,12,42,42650,6167,14.46,97.67,48.72,20.51,30.77,3,3,9,high,1,DNMT3A_1838_block2.jpg_x1536_y2048.jpg,DNMT3A_1838_block2.jpg,260509-HPA_DNMT3a_Patches影像檔案\256\1\DNMT3A_1838_block2.jpg_x1536_y2048.jpg
21,24,8,2,11,21,22182,2628,11.85,87.5,38.1,9.52,52.38,3,3,9,high,1,DNMT3A_1838_block2.jpg_x1536_y2304.jpg,DNMT3A_1838_block2.jpg,260509-HPA_DNMT3a_Patches影像檔案\256\1\DNMT3A_1838_block2.jpg_x1536_y2304.jpg
182,68,94,58,30,68,60257,16649,27.63,100.0,51.65,31.87,16.48,3,3,9,high,1,DNMT3A_1838_block2.jpg_x1536_y256.jpg,DNMT3A_1838_block2.jpg,260509-HPA_DNMT3a_Patches影像檔案\256\1\DNMT3A_1838_block2.jpg_x1536_y256.jpg
28,39,12,8,8,37,38802,4674,12.05,94.87,42.86,28.57,28.57,3,3,9,high,1,DNMT3A_1838_block2.jpg_x1536_y2560.jpg,DNMT3A_1838_block2.jpg,260509-HPA_DNMT3a_Patches影像檔案\256\1\DNMT3A_1838_block2.jpg_x1536_y2560.jpg
160,97,114,30,16,97,61289,17826,29.09,100.0,71.25,18.75,10.0,2,3,6,high,1,DNMT3A_1838_block2.jpg_x1536_y512.jpg,DNMT3A_1838_block2.jpg,260509-HPA_DNMT3a_Patches影像檔案\256\1\DNMT3A_1838_block2.jpg_x1536_y512.jpg
40,67,17,8,15,53,61087,5463,8.94,79.1,42.5,20.0,37.5,3,3,9,high,1,DNMT3A_1838_block2.jpg_x1792_y1280.jpg,DNMT3A_1838_block2.jpg,260509-HPA_DNMT3a_Patches影像檔案\256\1\DNMT3A_1838_block2.jpg_x1792_y1280.jpg
50,55,28,15,7,50,62167,13221,21.27,90.91,56.0,30.0,14.0,3,3,9,high,1,DNMT3A_1838_block2.jpg_x1792_y1536.jpg,DNMT3A_1838_block2.jpg,260509-HPA_DNMT3a_Patches影像檔案\256\1\DNMT3A_1838_block2.jpg_x1792_y1536.jpg
35,38,16,11,8,37,49837,6885,13.82,97.37,45.71,31.43,22.86,3,3,9,high,1,DNMT3A_1838_block2.jpg_x1792_y1792.jpg,DNMT3A_1838_block2.jpg,260509-HPA_DNMT3a_Patches影像檔案\256\1\DNMT3A_1838_block2.jpg_x1792_y1792.jpg
0,60,0,0,0,56,41517,0,0.0,93.33,0.0,0.0,0.0,1,3,3,low,1,DNMT3A_1838_block2.jpg_x1792_y2048.jpg,DNMT3A_1838_block2.jpg,260509-HPA_DNMT3a_Patches影像檔案\256\1\DNMT3A_1838_block2.jpg_x1792_y2048.jpg
0,48,0,0,0,46,47716,0,0.0,95.83,0.0,0.0,0.0,1,3,3,low,1,DNMT3A_1838_block2.jpg_x1792_y2304.jpg,DNMT3A_1838_block2.jpg,260509-HPA_DNMT3a_Patches影像檔案\256\1\DNMT3A_1838_block2.jpg_x1792_y2304.jpg
63,62,53,5,5,61,33530,9180,27.38,98.39,84.13,7.94,7.94,2,3,6,high,1,DNMT3A_1838_block2.jpg_x1792_y256.jpg,DNMT3A_1838_block2.jpg,260509-HPA_DNMT3a_Patches影像檔案\256\1\DNMT3A_1838_block2.jpg_x1792_y256.jpg
33,35,17,5,11,35,33290,3143,9.44,100.0,51.52,15.15,33.33,3,3,9,high,1,DNMT3A_1838_block2.jpg_x1792_y2560.jpg,DNMT3A_1838_block2.jpg,260509-HPA_DNMT3a_Patches影像檔案\256\1\DNMT3A_1838_block2.jpg_x1792_y2560.jpg
57,68,34,17,6,66,54780,6670,12.18,97.06,59.65,29.82,10.53,3,3,9,high,1,DNMT3A_1838_block2.jpg_x1792_y512.jpg,DNMT3A_1838_block2.jpg,260509-HPA_DNMT3a_Patches影像檔案\256\1\DNMT3A_1838_block2.jpg_x1792_y512.jpg
53,69,36,12,5,61,62251,11475,18.43,88.41,67.92,22.64,9.43,2,3,6,high,1,DNMT3A_1838_block2.jpg_x2048_y1024.jpg,DNMT3A_1838_block2.jpg,260509-HPA_DNMT3a_Patches影像檔案\256\1\DNMT3A_1838_block2.jpg_x2048_y1024.jpg
65,61,36,25,4,61,62241,14160,22.75,100.0,55.38,38.46,6.15,2,3,6,high,1,DNMT3A_1838_block2.jpg_x2048_y1280.jpg,DNMT3A_1838_block2.jpg,260509-HPA_DNMT3a_Patches影像檔案\256\1\DNMT3A_1838_block2.jpg_x2048_y1280.jpg
55,57,32,12,11,57,62198,10875,17.48,100.0,58.18,21.82,20.0,3,3,9,high,1,DNMT3A_1838_block2.jpg_x2048_y1536.jpg,DNMT3A_1838_block2.jpg,260509-HPA_DNMT3a_Patches影像檔案\256\1\DNMT3A_1838_block2.jpg_x2048_y1536.jpg
48,55,32,6,10,55,54699,10467,19.14,100.0,66.67,12.5,20.83,3,3,9,high,1,DNMT3A_1838_block2.jpg_x2048_y1792.jpg,DNMT3A_1838_block2.jpg,260509-HPA_DNMT3a_Patches影像檔案\256\1\DNMT3A_1838_block2.jpg_x2048_y1792.jpg
47,53,24,8,15,53,50233,6685,13.31,100.0,51.06,17.02,31.91,3,3,9,high,1,DNMT3A_1838_block2.jpg_x2048_y2048.jpg,DNMT3A_1838_block2.jpg,260509-HPA_DNMT3a_Patches影像檔案\256\1\DNMT3A_1838_block2.jpg_x2048_y2048.jpg
53,41,31,16,6,41,35273,5319,15.08,100.0,58.49,30.19,11.32,3,3,9,high,1,DNMT3A_1838_block2.jpg_x2048_y2304.jpg,DNMT3A_1838_block2.jpg,260509-HPA_DNMT3a_Patches影像檔案\256\1\DNMT3A_1838_block2.jpg_x2048_y2304.jpg
28,43,18,2,8,39,38167,4175,10.94,90.7,64.29,7.14,28.57,3,3,9,high,1,DNMT3A_1838_block2.jpg_x2304_y1024.jpg,DNMT3A_1838_block2.jpg,260509-HPA_DNMT3a_Patches影像檔案\256\1\DNMT3A_1838_block2.jpg_x2304_y1024.jpg
41,52,27,6,8,49,46199,8091,17.51,94.23,65.85,14.63,19.51,3,3,9,high,1,DNMT3A_1838_block2.jpg_x2304_y1280.jpg,DNMT3A_1838_block2.jpg,260509-HPA_DNMT3a_Patches影像檔案\256\1\DNMT3A_1838_block2.jpg_x2304_y1280.jpg
46,55,25,11,10,49,44597,7502,16.82,89.09,54.35,23.91,21.74,3,3,9,high,1,DNMT3A_1838_block2.jpg_x2304_y1536.jpg,DNMT3A_1838_block2.jpg,260509-HPA_DNMT3a_Patches影像檔案\256\1\DNMT3A_1838_block2.jpg_x2304_y1536.jpg
43,42,30,9,4,41,26443,4810,18.19,97.62,69.77,20.93,9.3,2,3,6,high,1,DNMT3A_1838_block2.jpg_x2304_y2048.jpg,DNMT3A_1838_block2.jpg,260509-HPA_DNMT3a_Patches影像檔案\256\1\DNMT3A_1838_block2.jpg_x2304_y2048.jpg
42,49,14,11,17,48,61113,3218,5.27,97.96,33.33,26.19,40.48,3,3,9,high,1,DNMT3A_1838_block2.jpg_x512_y1024.jpg,DNMT3A_1838_block2.jpg,260509-HPA_DNMT3a_Patches影像檔案\256\1\DNMT3A_1838_block2.jpg_x512_y1024.jpg
49,61,21,12,16,60,59807,5818,9.73,98.36,42.86,24.49,32.65,3,3,9,high,1,DNMT3A_1838_block2.jpg_x512_y1280.jpg,DNMT3A_1838_block2.jpg,260509-HPA_DNMT3a_Patches影像檔案\256\1\DNMT3A_1838_block2.jpg_x512_y1280.jpg
36,39,12,8,16,39,37089,3900,10.52,100.0,33.33,22.22,44.44,3,3,9,high,1,DNMT3A_1838_block2.jpg_x512_y2304.jpg,DNMT3A_1838_block2.jpg,260509-HPA_DNMT3a_Patches影像檔案\256\1\DNMT3A_1838_block2.jpg_x512_y2304.jpg
60,68,31,16,13,68,52032,7585,14.58,100.0,51.67,26.67,21.67,3,3,9,high,1,DNMT3A_1838_block2.jpg_x512_y512.jpg,DNMT3A_1838_block2.jpg,260509-HPA_DNMT3a_Patches影像檔案\256\1\DNMT3A_1838_block2.jpg_x512_y512.jpg
55,60,24,11,20,58,53870,5073,9.42,96.67,43.64,20.0,36.36,3,3,9,high,1,DNMT3A_1838_block2.jpg_x768_y1024.jpg,DNMT3A_1838_block2.jpg,260509-HPA_DNMT3a_Patches影像檔案\256\1\DNMT3A_1838_block2.jpg_x768_y1024.jpg
45,53,5,6,34,52,59664,3233,5.42,98.11,11.11,13.33,75.56,3,3,9,high,1,DNMT3A_1838_block2.jpg_x768_y1792.jpg,DNMT3A_1838_block2.jpg,260509-HPA_DNMT3a_Patches影像檔案\256\1\DNMT3A_1838_block2.jpg_x768_y1792.jpg
47,60,23,15,9,56,51904,7632,14.7,93.33,48.94,31.91,19.15,3,3,9,high,1,DNMT3A_1838_block2.jpg_x768_y2048.jpg,DNMT3A_1838_block2.jpg,260509-HPA_DNMT3a_Patches影像檔案\256\1\DNMT3A_1838_block2.jpg_x768_y2048.jpg
40,41,16,9,15,41,38078,6047,15.88,100.0,40.0,22.5,37.5,3,3,9,high,1,DNMT3A_1838_block2.jpg_x768_y2304.jpg,DNMT3A_1838_block2.jpg,260509-HPA_DNMT3a_Patches影像檔案\256\1\DNMT3A_1838_block2.jpg_x768_y2304.jpg
49,64,14,14,21,63,59182,4335,7.32,98.44,28.57,28.57,42.86,3,3,9,high,1,DNMT3A_1838_block2.jpg_x768_y512.jpg,DNMT3A_1838_block2.jpg,260509-HPA_DNMT3a_Patches影像檔案\256\1\DNMT3A_1838_block2.jpg_x768_y512.jpg
120,109,74,19,27,108,61078,8686,14.22,99.08,61.67,15.83,22.5,3,3,9,high,1,DNMT3A_1838_block2.jpg_x768_y768.jpg,DNMT3A_1838_block2.jpg,260509-HPA_DNMT3a_Patches影像檔案\256\1\DNMT3A_1838_block2.jpg_x768_y768.jpg
34,54,33,1,0,54,58003,12583,21.69,100.0,97.06,2.94,0.0,1,3,3,low,1,DNMT3A_1874_block1.jpg_x1024_y1024.jpg,DNMT3A_1874_block1.jpg,260509-HPA_DNMT3a_Patches影像檔案\256\1\DNMT3A_1874_block1.jpg_x1024_y1024.jpg
55,66,37,15,3,66,61884,16801,27.15,100.0,67.27,27.27,5.45,2,3,6,high,1,DNMT3A_1874_block1.jpg_x1024_y1280.jpg,DNMT3A_1874_block1.jpg,260509-HPA_DNMT3a_Patches影像檔案\256\1\DNMT3A_1874_block1.jpg_x1024_y1280.jpg
55,57,51,4,0,57,59486,16684,28.05,100.0,92.73,7.27,0.0,1,3,3,low,1,DNMT3A_1874_block1.jpg_x1024_y1536.jpg,DNMT3A_1874_block1.jpg,260509-HPA_DNMT3a_Patches影像檔案\256\1\DNMT3A_1874_block1.jpg_x1024_y1536.jpg
57,61,49,8,0,61,60390,16552,27.41,100.0,85.96,14.04,0.0,2,3,6,high,1,DNMT3A_1874_block1.jpg_x1024_y1792.jpg,DNMT3A_1874_block1.jpg,260509-HPA_DNMT3a_Patches影像檔案\256\1\DNMT3A_1874_block1.jpg_x1024_y1792.jpg
58,53,46,9,3,53,61174,16583,27.11,100.0,79.31,15.52,5.17,2,3,6,high,1,DNMT3A_1874_block1.jpg_x1024_y2048.jpg,DNMT3A_1874_block1.jpg,260509-HPA_DNMT3a_Patches影像檔案\256\1\DNMT3A_1874_block1.jpg_x1024_y2048.jpg
62,72,48,12,2,72,61066,17144,28.07,100.0,77.42,19.35,3.23,2,3,6,high,1,DNMT3A_1874_block1.jpg_x1024_y2304.jpg,DNMT3A_1874_block1.jpg,260509-HPA_DNMT3a_Patches影像檔案\256\1\DNMT3A_1874_block1.jpg_x1024_y2304.jpg
48,54,40,7,1,54,51607,9477,18.36,100.0,83.33,14.58,2.08,2,3,6,high,1,DNMT3A_1874_block1.jpg_x1024_y256.jpg,DNMT3A_1874_block1.jpg,260509-HPA_DNMT3a_Patches影像檔案\256\1\DNMT3A_1874_block1.jpg_x1024_y256.jpg
45,69,43,2,0,69,57534,16188,28.14,100.0,95.56,4.44,0.0,1,3,3,low,1,DNMT3A_1874_block1.jpg_x1024_y2560.jpg,DNMT3A_1874_block1.jpg,260509-HPA_DNMT3a_Patches影像檔案\256\1\DNMT3A_1874_block1.jpg_x1024_y2560.jpg
44,58,40,3,1,58,53683,15450,28.78,100.0,90.91,6.82,2.27,1,3,3,low,1,DNMT3A_1874_block1.jpg_x1024_y512.jpg,DNMT3A_1874_block1.jpg,260509-HPA_DNMT3a_Patches影像檔案\256\1\DNMT3A_1874_block1.jpg_x1024_y512.jpg
52,64,47,3,2,64,57343,16277,28.39,100.0,90.38,5.77,3.85,2,3,6,high,1,DNMT3A_1874_block1.jpg_x1024_y768.jpg,DNMT3A_1874_block1.jpg,260509-HPA_DNMT3a_Patches影像檔案\256\1\DNMT3A_1874_block1.jpg_x1024_y768.jpg
28,43,25,3,0,43,50607,11670,23.06,100.0,89.29,10.71,0.0,2,3,6,high,1,DNMT3A_1874_block1.jpg_x1280_y1024.jpg,DNMT3A_1874_block1.jpg,260509-HPA_DNMT3a_Patches影像檔案\256\1\DNMT3A_1874_block1.jpg_x1280_y1024.jpg
30,52,29,1,0,52,57845,16065,27.77,100.0,96.67,3.33,0.0,1,3,3,low,1,DNMT3A_1874_block1.jpg_x1280_y1280.jpg,DNMT3A_1874_block1.jpg,260509-HPA_DNMT3a_Patches影像檔案\256\1\DNMT3A_1874_block1.jpg_x1280_y1280.jpg
32,68,30,2,0,66,59847,17000,28.41,97.06,93.75,6.25,0.0,1,3,3,low,1,DNMT3A_1874_block1.jpg_x1280_y1536.jpg,DNMT3A_1874_block1.jpg,260509-HPA_DNMT3a_Patches影像檔案\256\1\DNMT3A_1874_block1.jpg_x1280_y1536.jpg
32,48,31,1,0,48,59556,17237,28.94,100.0,96.88,3.12,0.0,1,3,3,low,1,DNMT3A_1874_block1.jpg_x1280_y1792.jpg,DNMT3A_1874_block1.jpg,260509-HPA_DNMT3a_Patches影像檔案\256\1\DNMT3A_1874_block1.jpg_x1280_y1792.jpg
52,53,48,3,1,53,59288,16743,28.24,100.0,92.31,5.77,1.92,1,3,3,low,1,DNMT3A_1874_block1.jpg_x1280_y2048.jpg,DNMT3A_1874_block1.jpg,260509-HPA_DNMT3a_Patches影像檔案\256\1\DNMT3A_1874_block1.jpg_x1280_y2048.jpg
65,76,58,6,1,76,61111,16735,27.38,100.0,89.23,9.23,1.54,1,3,3,low,1,DNMT3A_1874_block1.jpg_x1280_y2304.jpg,DNMT3A_1874_block1.jpg,260509-HPA_DNMT3a_Patches影像檔案\256\1\DNMT3A_1874_block1.jpg_x1280_y2304.jpg
49,48,45,3,1,48,59958,14631,24.4,100.0,91.84,6.12,2.04,1,3,3,low,1,DNMT3A_1874_block1.jpg_x1280_y256.jpg,DNMT3A_1874_block1.jpg,260509-HPA_DNMT3a_Patches影像檔案\256\1\DNMT3A_1874_block1.jpg_x1280_y256.jpg
54,62,47,7,0,62,60992,16378,26.85,100.0,87.04,12.96,0.0,2,3,6,high,1,DNMT3A_1874_block1.jpg_x1280_y2560.jpg,DNMT3A_1874_block1.jpg,260509-HPA_DNMT3a_Patches影像檔案\256\1\DNMT3A_1874_block1.jpg_x1280_y2560.jpg
27,57,25,2,0,57,59150,15340,25.93,100.0,92.59,7.41,0.0,1,3,3,low,1,DNMT3A_1874_block1.jpg_x1280_y512.jpg,DNMT3A_1874_block1.jpg,260509-HPA_DNMT3a_Patches影像檔案\256\1\DNMT3A_1874_block1.jpg_x1280_y512.jpg
45,69,36,4,5,69,60022,16721,27.86,100.0,80.0,8.89,11.11,2,3,6,high,1,DNMT3A_1874_block1.jpg_x1280_y768.jpg,DNMT3A_1874_block1.jpg,260509-HPA_DNMT3a_Patches影像檔案\256\1\DNMT3A_1874_block1.jpg_x1280_y768.jpg
39,72,17,17,5,72,62250,17430,28.0,100.0,43.59,43.59,12.82,3,3,9,high,1,DNMT3A_1874_block1.jpg_x1536_y1024.jpg,DNMT3A_1874_block1.jpg,260509-HPA_DNMT3a_Patches影像檔案\256\1\DNMT3A_1874_block1.jpg_x1536_y1024.jpg
43,50,29,13,1,50,59528,16719,28.09,100.0,67.44,30.23,2.33,2,3,6,high,1,DNMT3A_1874_block1.jpg_x1536_y1280.jpg,DNMT3A_1874_block1.jpg,260509-HPA_DNMT3a_Patches影像檔案\256\1\DNMT3A_1874_block1.jpg_x1536_y1280.jpg
37,49,36,1,0,49,57942,13318,22.99,100.0,97.3,2.7,0.0,1,3,3,low,1,DNMT3A_1874_block1.jpg_x1536_y1536.jpg,DNMT3A_1874_block1.jpg,260509-HPA_DNMT3a_Patches影像檔案\256\1\DNMT3A_1874_block1.jpg_x1536_y1536.jpg
42,46,33,5,4,46,55086,8786,15.95,100.0,78.57,11.9,9.52,2,3,6,high,1,DNMT3A_1874_block1.jpg_x1536_y1792.jpg,DNMT3A_1874_block1.jpg,260509-HPA_DNMT3a_Patches影像檔案\256\1\DNMT3A_1874_block1.jpg_x1536_y1792.jpg
33,49,28,5,0,48,59949,17494,29.18,97.96,84.85,15.15,0.0,2,3,6,high,1,DNMT3A_1874_block1.jpg_x1536_y2048.jpg,DNMT3A_1874_block1.jpg,260509-HPA_DNMT3a_Patches影像檔案\256\1\DNMT3A_1874_block1.jpg_x1536_y2048.jpg
53,69,50,2,1,68,61556,17047,27.69,98.55,94.34,3.77,1.89,1,3,3,low,1,DNMT3A_1874_block1.jpg_x1536_y2304.jpg,DNMT3A_1874_block1.jpg,260509-HPA_DNMT3a_Patches影像檔案\256\1\DNMT3A_1874_block1.jpg_x1536_y2304.jpg
68,59,58,4,6,58,59016,13080,22.16,98.31,85.29,5.88,8.82,2,3,6,high,1,DNMT3A_1874_block1.jpg_x1536_y256.jpg,DNMT3A_1874_block1.jpg,260509-HPA_DNMT3a_Patches影像檔案\256\1\DNMT3A_1874_block1.jpg_x1536_y256.jpg
74,59,65,8,1,59,62175,15979,25.7,100.0,87.84,10.81,1.35,2,3,6,high,1,DNMT3A_1874_block1.jpg_x1536_y2560.jpg,DNMT3A_1874_block1.jpg,260509-HPA_DNMT3a_Patches影像檔案\256\1\DNMT3A_1874_block1.jpg_x1536_y2560.jpg
49,53,46,2,1,53,55139,11122,20.17,100.0,93.88,4.08,2.04,1,3,3,low,1,DNMT3A_1874_block1.jpg_x1536_y512.jpg,DNMT3A_1874_block1.jpg,260509-HPA_DNMT3a_Patches影像檔案\256\1\DNMT3A_1874_block1.jpg_x1536_y512.jpg
38,44,34,3,1,44,59788,17241,28.84,100.0,89.47,7.89,2.63,1,3,3,low,1,DNMT3A_1874_block1.jpg_x1536_y768.jpg,DNMT3A_1874_block1.jpg,260509-HPA_DNMT3a_Patches影像檔案\256\1\DNMT3A_1874_block1.jpg_x1536_y768.jpg
35,45,32,3,0,45,60411,17575,29.09,100.0,91.43,8.57,0.0,1,3,3,low,1,DNMT3A_1874_block1.jpg_x1792_y1024.jpg,DNMT3A_1874_block1.jpg,260509-HPA_DNMT3a_Patches影像檔案\256\1\DNMT3A_1874_block1.jpg_x1792_y1024.jpg
35,51,29,5,1,51,52466,15008,28.61,100.0,82.86,14.29,2.86,2,3,6,high,1,DNMT3A_1874_block1.jpg_x1792_y1280.jpg,DNMT3A_1874_block1.jpg,260509-HPA_DNMT3a_Patches影像檔案\256\1\DNMT3A_1874_block1.jpg_x1792_y1280.jpg
58,63,33,20,5,63,62238,17072,27.43,100.0,56.9,34.48,8.62,2,3,6,high,1,DNMT3A_1874_block1.jpg_x1792_y1536.jpg,DNMT3A_1874_block1.jpg,260509-HPA_DNMT3a_Patches影像檔案\256\1\DNMT3A_1874_block1.jpg_x1792_y1536.jpg
48,54,36,10,2,54,62082,17520,28.22,100.0,75.0,20.83,4.17,2,3,6,high,1,DNMT3A_1874_block1.jpg_x1792_y1792.jpg,DNMT3A_1874_block1.jpg,260509-HPA_DNMT3a_Patches影像檔案\256\1\DNMT3A_1874_block1.jpg_x1792_y1792.jpg
64,69,33,25,6,69,62227,16731,26.89,100.0,51.56,39.06,9.38,2,3,6,high,1,DNMT3A_1874_block1.jpg_x1792_y2048.jpg,DNMT3A_1874_block1.jpg,260509-HPA_DNMT3a_Patches影像檔案\256\1\DNMT3A_1874_block1.jpg_x1792_y2048.jpg
69,66,50,15,4,66,62224,16963,27.26,100.0,72.46,21.74,5.8,2,3,6,high,1,DNMT3A_1874_block1.jpg_x1792_y2304.jpg,DNMT3A_1874_block1.jpg,260509-HPA_DNMT3a_Patches影像檔案\256\1\DNMT3A_1874_block1.jpg_x1792_y2304.jpg
55,50,47,6,2,50,47656,9793,20.55,100.0,85.45,10.91,3.64,2,3,6,high,1,DNMT3A_1874_block1.jpg_x1792_y256.jpg,DNMT3A_1874_block1.jpg,260509-HPA_DNMT3a_Patches影像檔案\256\1\DNMT3A_1874_block1.jpg_x1792_y256.jpg
56,55,48,5,3,55,53731,14798,27.54,100.0,85.71,8.93,5.36,2,3,6,high,1,DNMT3A_1874_block1.jpg_x1792_y2560.jpg,DNMT3A_1874_block1.jpg,260509-HPA_DNMT3a_Patches影像檔案\256\1\DNMT3A_1874_block1.jpg_x1792_y2560.jpg
39,51,36,1,2,51,57671,11162,19.35,100.0,92.31,2.56,5.13,1,3,3,low,1,DNMT3A_1874_block1.jpg_x1792_y512.jpg,DNMT3A_1874_block1.jpg,260509-HPA_DNMT3a_Patches影像檔案\256\1\DNMT3A_1874_block1.jpg_x1792_y512.jpg
36,33,28,4,4,32,57613,4908,8.52,96.97,77.78,11.11,11.11,2,3,6,high,1,DNMT3A_1874_block1.jpg_x1792_y768.jpg,DNMT3A_1874_block1.jpg,260509-HPA_DNMT3a_Patches影像檔案\256\1\DNMT3A_1874_block1.jpg_x1792_y768.jpg
46,50,41,4,1,49,61138,14351,23.47,98.0,89.13,8.7,2.17,2,3,6,high,1,DNMT3A_1874_block1.jpg_x2048_y1024.jpg,DNMT3A_1874_block1.jpg,260509-HPA_DNMT3a_Patches影像檔案\256\1\DNMT3A_1874_block1.jpg_x2048_y1024.jpg
53,64,43,6,4,64,60869,16139,26.51,100.0,81.13,11.32,7.55,2,3,6,high,1,DNMT3A_1874_block1.jpg_x2048_y1280.jpg,DNMT3A_1874_block1.jpg,260509-HPA_DNMT3a_Patches影像檔案\256\1\DNMT3A_1874_block1.jpg_x2048_y1280.jpg
51,58,45,5,1,58,62208,17595,28.28,100.0,88.24,9.8,1.96,2,3,6,high,1,DNMT3A_1874_block1.jpg_x2048_y1536.jpg,DNMT3A_1874_block1.jpg,260509-HPA_DNMT3a_Patches影像檔案\256\1\DNMT3A_1874_block1.jpg_x2048_y1536.jpg
64,60,57,4,3,60,62233,17336,27.86,100.0,89.06,6.25,4.69,2,3,6,high,1,DNMT3A_1874_block1.jpg_x2048_y1792.jpg,DNMT3A_1874_block1.jpg,260509-HPA_DNMT3a_Patches影像檔案\256\1\DNMT3A_1874_block1.jpg_x2048_y1792.jpg
60,58,46,12,2,57,62251,16807,27.0,98.28,76.67,20.0,3.33,2,3,6,high,1,DNMT3A_1874_block1.jpg_x2048_y2048.jpg,DNMT3A_1874_block1.jpg,260509-HPA_DNMT3a_Patches影像檔案\256\1\DNMT3A_1874_block1.jpg_x2048_y2048.jpg
61,58,44,15,2,58,62097,17206,27.71,100.0,72.13,24.59,3.28,2,3,6,high,1,DNMT3A_1874_block1.jpg_x2048_y2304.jpg,DNMT3A_1874_block1.jpg,260509-HPA_DNMT3a_Patches影像檔案\256\1\DNMT3A_1874_block1.jpg_x2048_y2304.jpg
23,31,16,7,0,31,30333,8548,28.18,100.0,69.57,30.43,0.0,2,3,6,high,1,DNMT3A_1874_block1.jpg_x2048_y256.jpg,DNMT3A_1874_block1.jpg,260509-HPA_DNMT3a_Patches影像檔案\256\1\DNMT3A_1874_block1.jpg_x2048_y256.jpg
22,26,15,6,1,26,26047,7482,28.72,100.0,68.18,27.27,4.55,2,3,6,high,1,DNMT3A_1874_block1.jpg_x2048_y2560.jpg,DNMT3A_1874_block1.jpg,260509-HPA_DNMT3a_Patches影像檔案\256\1\DNMT3A_1874_block1.jpg_x2048_y2560.jpg
35,55,32,2,1,55,60520,16785,27.73,100.0,91.43,5.71,2.86,1,3,3,low,1,DNMT3A_1874_block1.jpg_x2048_y512.jpg,DNMT3A_1874_block1.jpg,260509-HPA_DNMT3a_Patches影像檔案\256\1\DNMT3A_1874_block1.jpg_x2048_y512.jpg
43,44,42,0,1,44,47807,6549,13.7,100.0,97.67,0.0,2.33,1,3,3,low,1,DNMT3A_1874_block1.jpg_x2048_y768.jpg,DNMT3A_1874_block1.jpg,260509-HPA_DNMT3a_Patches影像檔案\256\1\DNMT3A_1874_block1.jpg_x2048_y768.jpg
41,56,31,9,1,56,59200,17000,28.72,100.0,75.61,21.95,2.44,2,3,6,high,1,DNMT3A_1874_block1.jpg_x2304_y1024.jpg,DNMT3A_1874_block1.jpg,260509-HPA_DNMT3a_Patches影像檔案\256\1\DNMT3A_1874_block1.jpg_x2304_y1024.jpg
41,45,31,8,2,45,59413,16980,28.58,100.0,75.61,19.51,4.88,2,3,6,high,1,DNMT3A_1874_block1.jpg_x2304_y1280.jpg,DNMT3A_1874_block1.jpg,260509-HPA_DNMT3a_Patches影像檔案\256\1\DNMT3A_1874_block1.jpg_x2304_y1280.jpg
42,51,35,4,3,51,51076,12134,23.76,100.0,83.33,9.52,7.14,2,3,6,high,1,DNMT3A_1874_block1.jpg_x2304_y1536.jpg,DNMT3A_1874_block1.jpg,260509-HPA_DNMT3a_Patches影像檔案\256\1\DNMT3A_1874_block1.jpg_x2304_y1536.jpg
34,45,29,2,3,45,47822,9690,20.26,100.0,85.29,5.88,8.82,2,3,6,high,1,DNMT3A_1874_block1.jpg_x2304_y1792.jpg,DNMT3A_1874_block1.jpg,260509-HPA_DNMT3a_Patches影像檔案\256\1\DNMT3A_1874_block1.jpg_x2304_y1792.jpg
41,64,32,8,1,64,61399,17511,28.52,100.0,78.05,19.51,2.44,2,3,6,high,1,DNMT3A_1874_block1.jpg_x2304_y2048.jpg,DNMT3A_1874_block1.jpg,260509-HPA_DNMT3a_Patches影像檔案\256\1\DNMT3A_1874_block1.jpg_x2304_y2048.jpg
29,42,24,5,0,42,35113,9850,28.05,100.0,82.76,17.24,0.0,2,3,6,high,1,DNMT3A_1874_block1.jpg_x2304_y2304.jpg,DNMT3A_1874_block1.jpg,260509-HPA_DNMT3a_Patches影像檔案\256\1\DNMT3A_1874_block1.jpg_x2304_y2304.jpg
17,22,14,1,2,21,34626,10132,29.26,95.45,82.35,5.88,11.76,2,3,6,high,1,DNMT3A_1874_block1.jpg_x2304_y512.jpg,DNMT3A_1874_block1.jpg,260509-HPA_DNMT3a_Patches影像檔案\256\1\DNMT3A_1874_block1.jpg_x2304_y512.jpg
18,23,14,3,1,23,34779,8091,23.26,100.0,77.78,16.67,5.56,2,3,6,high,1,DNMT3A_1874_block1.jpg_x2304_y768.jpg,DNMT3A_1874_block1.jpg,260509-HPA_DNMT3a_Patches影像檔案\256\1\DNMT3A_1874_block1.jpg_x2304_y768.jpg
33,29,29,3,1,29,39150,10630,27.15,100.0,87.88,9.09,3.03,2,3,6,high,1,DNMT3A_1874_block1.jpg_x2560_y1024.jpg,DNMT3A_1874_block1.jpg,260509-HPA_DNMT3a_Patches影像檔案\256\1\DNMT3A_1874_block1.jpg_x2560_y1024.jpg
29,44,22,6,1,44,53880,15550,28.86,100.0,75.86,20.69,3.45,2,3,6,high,1,DNMT3A_1874_block1.jpg_x2560_y1280.jpg,DNMT3A_1874_block1.jpg,260509-HPA_DNMT3a_Patches影像檔案\256\1\DNMT3A_1874_block1.jpg_x2560_y1280.jpg
32,44,31,1,0,44,45133,12931,28.65,100.0,96.88,3.12,0.0,1,3,3,low,1,DNMT3A_1874_block1.jpg_x2560_y1536.jpg,DNMT3A_1874_block1.jpg,260509-HPA_DNMT3a_Patches影像檔案\256\1\DNMT3A_1874_block1.jpg_x2560_y1536.jpg
26,38,25,0,1,38,32805,9015,27.48,100.0,96.15,0.0,3.85,1,3,3,low,1,DNMT3A_1874_block1.jpg_x2560_y1792.jpg,DNMT3A_1874_block1.jpg,260509-HPA_DNMT3a_Patches影像檔案\256\1\DNMT3A_1874_block1.jpg_x2560_y1792.jpg
52,63,46,6,0,63,56143,15292,27.24,100.0,88.46,11.54,0.0,2,3,6,high,1,DNMT3A_1874_block1.jpg_x256_y1024.jpg,DNMT3A_1874_block1.jpg,260509-HPA_DNMT3a_Patches影像檔案\256\1\DNMT3A_1874_block1.jpg_x256_y1024.jpg
55,68,51,3,1,68,61442,16816,27.37,100.0,92.73,5.45,1.82,1,3,3,low,1,DNMT3A_1874_block1.jpg_x256_y1280.jpg,DNMT3A_1874_block1.jpg,260509-HPA_DNMT3a_Patches影像檔案\256\1\DNMT3A_1874_block1.jpg_x256_y1280.jpg
39,68,34,5,0,68,57991,16410,28.3,100.0,87.18,12.82,0.0,2,3,6,high,1,DNMT3A_1874_block1.jpg_x256_y1536.jpg,DNMT3A_1874_block1.jpg,260509-HPA_DNMT3a_Patches影像檔案\256\1\DNMT3A_1874_block1.jpg_x256_y1536.jpg
38,56,36,2,0,56,54435,15400,28.29,100.0,94.74,5.26,0.0,1,3,3,low,1,DNMT3A_1874_block1.jpg_x256_y1792.jpg,DNMT3A_1874_block1.jpg,260509-HPA_DNMT3a_Patches影像檔案\256\1\DNMT3A_1874_block1.jpg_x256_y1792.jpg
32,30,31,1,0,30,23568,5682,24.11,100.0,96.88,3.12,0.0,1,3,3,low,1,DNMT3A_1874_block1.jpg_x256_y2048.jpg,DNMT3A_1874_block1.jpg,260509-HPA_DNMT3a_Patches影像檔案\256\1\DNMT3A_1874_block1.jpg_x256_y2048.jpg
22,28,19,2,1,28,24080,6111,25.38,100.0,86.36,9.09,4.55,2,3,6,high,1,DNMT3A_1874_block1.jpg_x256_y768.jpg,DNMT3A_1874_block1.jpg,260509-HPA_DNMT3a_Patches影像檔案\256\1\DNMT3A_1874_block1.jpg_x256_y768.jpg
29,53,29,0,0,53,58154,16688,28.7,100.0,100.0,0.0,0.0,1,3,3,low,1,DNMT3A_1874_block1.jpg_x512_y1024.jpg,DNMT3A_1874_block1.jpg,260509-HPA_DNMT3a_Patches影像檔案\256\1\DNMT3A_1874_block1.jpg_x512_y1024.jpg
42,60,37,3,2,59,58594,16771,28.62,98.33,88.1,7.14,4.76,2,3,6,high,1,DNMT3A_1874_block1.jpg_x512_y1280.jpg,DNMT3A_1874_block1.jpg,260509-HPA_DNMT3a_Patches影像檔案\256\1\DNMT3A_1874_block1.jpg_x512_y1280.jpg
91,60,83,4,4,60,59765,13577,22.72,100.0,91.21,4.4,4.4,1,3,3,low,1,DNMT3A_1874_block1.jpg_x512_y1536.jpg,DNMT3A_1874_block1.jpg,260509-HPA_DNMT3a_Patches影像檔案\256\1\DNMT3A_1874_block1.jpg_x512_y1536.jpg
39,59,33,4,2,59,57400,16787,29.25,100.0,84.62,10.26,5.13,2,3,6,high,1,DNMT3A_1874_block1.jpg_x512_y1792.jpg,DNMT3A_1874_block1.jpg,260509-HPA_DNMT3a_Patches影像檔案\256\1\DNMT3A_1874_block1.jpg_x512_y1792.jpg
34,51,31,2,1,50,56272,10912,19.39,98.04,91.18,5.88,2.94,1,3,3,low,1,DNMT3A_1874_block1.jpg_x512_y2048.jpg,DNMT3A_1874_block1.jpg,260509-HPA_DNMT3a_Patches影像檔案\256\1\DNMT3A_1874_block1.jpg_x512_y2048.jpg
36,40,33,2,1,40,34662,5792,16.71,100.0,91.67,5.56,2.78,1,3,3,low,1,DNMT3A_1874_block1.jpg_x512_y2304.jpg,DNMT3A_1874_block1.jpg,260509-HPA_DNMT3a_Patches影像檔案\256\1\DNMT3A_1874_block1.jpg_x512_y2304.jpg
34,45,30,2,2,45,36664,7072,19.29,100.0,88.24,5.88,5.88,2,3,6,high,1,DNMT3A_1874_block1.jpg_x512_y512.jpg,DNMT3A_1874_block1.jpg,260509-HPA_DNMT3a_Patches影像檔案\256\1\DNMT3A_1874_block1.jpg_x512_y512.jpg
38,46,35,3,0,46,55472,8999,16.22,100.0,92.11,7.89,0.0,1,3,3,low,1,DNMT3A_1874_block1.jpg_x512_y768.jpg,DNMT3A_1874_block1.jpg,260509-HPA_DNMT3a_Patches影像檔案\256\1\DNMT3A_1874_block1.jpg_x512_y768.jpg
51,55,42,7,2,55,59240,15722,26.54,100.0,82.35,13.73,3.92,2,3,6,high,1,DNMT3A_1874_block1.jpg_x768_y1024.jpg,DNMT3A_1874_block1.jpg,260509-HPA_DNMT3a_Patches影像檔案\256\1\DNMT3A_1874_block1.jpg_x768_y1024.jpg
40,69,36,2,2,69,61258,17508,28.58,100.0,90.0,5.0,5.0,1,3,3,low,1,DNMT3A_1874_block1.jpg_x768_y1280.jpg,DNMT3A_1874_block1.jpg,260509-HPA_DNMT3a_Patches影像檔案\256\1\DNMT3A_1874_block1.jpg_x768_y1280.jpg
52,56,40,12,0,56,60424,16355,27.07,100.0,76.92,23.08,0.0,2,3,6,high,1,DNMT3A_1874_block1.jpg_x768_y1536.jpg,DNMT3A_1874_block1.jpg,260509-HPA_DNMT3a_Patches影像檔案\256\1\DNMT3A_1874_block1.jpg_x768_y1536.jpg
45,57,43,2,0,57,54726,14921,27.26,100.0,95.56,4.44,0.0,1,3,3,low,1,DNMT3A_1874_block1.jpg_x768_y1792.jpg,DNMT3A_1874_block1.jpg,260509-HPA_DNMT3a_Patches影像檔案\256\1\DNMT3A_1874_block1.jpg_x768_y1792.jpg
34,41,32,2,0,41,54135,12382,22.87,100.0,94.12,5.88,0.0,1,3,3,low,1,DNMT3A_1874_block1.jpg_x768_y2048.jpg,DNMT3A_1874_block1.jpg,260509-HPA_DNMT3a_Patches影像檔案\256\1\DNMT3A_1874_block1.jpg_x768_y2048.jpg
42,48,36,5,1,48,54387,15571,28.63,100.0,85.71,11.9,2.38,2,3,6,high,1,DNMT3A_1874_block1.jpg_x768_y2304.jpg,DNMT3A_1874_block1.jpg,260509-HPA_DNMT3a_Patches影像檔案\256\1\DNMT3A_1874_block1.jpg_x768_y2304.jpg
22,26,20,2,0,26,17187,3977,23.14,100.0,90.91,9.09,0.0,1,3,3,low,1,DNMT3A_1874_block1.jpg_x768_y256.jpg,DNMT3A_1874_block1.jpg,260509-HPA_DNMT3a_Patches影像檔案\256\1\DNMT3A_1874_block1.jpg_x768_y256.jpg
36,39,31,5,0,39,25049,6104,24.37,100.0,86.11,13.89,0.0,2,3,6,high,1,DNMT3A_1874_block1.jpg_x768_y2560.jpg,DNMT3A_1874_block1.jpg,260509-HPA_DNMT3a_Patches影像檔案\256\1\DNMT3A_1874_block1.jpg_x768_y2560.jpg
24,42,21,2,1,41,52333,14551,27.8,97.62,87.5,8.33,4.17,2,3,6,high,1,DNMT3A_1874_block1.jpg_x768_y512.jpg,DNMT3A_1874_block1.jpg,260509-HPA_DNMT3a_Patches影像檔案\256\1\DNMT3A_1874_block1.jpg_x768_y512.jpg
60,53,51,8,1,53,55997,11723,20.94,100.0,85.0,13.33,1.67,2,3,6,high,1,DNMT3A_1874_block1.jpg_x768_y768.jpg,DNMT3A_1874_block1.jpg,260509-HPA_DNMT3a_Patches影像檔案\256\1\DNMT3A_1874_block1.jpg_x768_y768.jpg
26,36,15,8,3,36,31760,4790,15.08,100.0,57.69,30.77,11.54,3,3,9,high,1,DNMT3A_1874_block2.jpg_x1024_y1024.jpg,DNMT3A_1874_block2.jpg,260509-HPA_DNMT3a_Patches影像檔案\256\1\DNMT3A_1874_block2.jpg_x1024_y1024.jpg
52,57,29,17,6,57,45778,8734,19.08,100.0,55.77,32.69,11.54,3,3,9,high,1,DNMT3A_1874_block2.jpg_x1024_y256.jpg,DNMT3A_1874_block2.jpg,260509-HPA_DNMT3a_Patches影像檔案\256\1\DNMT3A_1874_block2.jpg_x1024_y256.jpg
72,76,53,17,2,76,62234,13833,22.23,100.0,73.61,23.61,2.78,2,3,6,high,1,DNMT3A_1874_block2.jpg_x1024_y512.jpg,DNMT3A_1874_block2.jpg,260509-HPA_DNMT3a_Patches影像檔案\256\1\DNMT3A_1874_block2.jpg_x1024_y512.jpg
53,60,32,18,3,60,55618,9597,17.26,100.0,60.38,33.96,5.66,2,3,6,high,1,DNMT3A_1874_block2.jpg_x1024_y768.jpg,DNMT3A_1874_block2.jpg,260509-HPA_DNMT3a_Patches影像檔案\256\1\DNMT3A_1874_block2.jpg_x1024_y768.jpg
33,39,19,7,7,39,39606,5521,13.94,100.0,57.58,21.21,21.21,3,3,9,high,1,DNMT3A_1874_block2.jpg_x1280_y1024.jpg,DNMT3A_1874_block2.jpg,260509-HPA_DNMT3a_Patches影像檔案\256\1\DNMT3A_1874_block2.jpg_x1280_y1024.jpg
72,70,46,21,5,70,61666,12384,20.08,100.0,63.89,29.17,6.94,2,3,6,high,1,DNMT3A_1874_block2.jpg_x1280_y256.jpg,DNMT3A_1874_block2.jpg,260509-HPA_DNMT3a_Patches影像檔案\256\1\DNMT3A_1874_block2.jpg_x1280_y256.jpg
56,68,43,10,3,65,58453,11749,20.1,95.59,76.79,17.86,5.36,2,3,6,high,1,DNMT3A_1874_block2.jpg_x1280_y512.jpg,DNMT3A_1874_block2.jpg,260509-HPA_DNMT3a_Patches影像檔案\256\1\DNMT3A_1874_block2.jpg_x1280_y512.jpg
37,49,19,8,10,48,43667,5491,12.57,97.96,51.35,21.62,27.03,3,3,9,high,1,DNMT3A_1874_block2.jpg_x1280_y768.jpg,DNMT3A_1874_block2.jpg,260509-HPA_DNMT3a_Patches影像檔案\256\1\DNMT3A_1874_block2.jpg_x1280_y768.jpg
24,32,11,7,6,32,33461,4000,11.95,100.0,45.83,29.17,25.0,3,3,9,high,1,DNMT3A_1874_block2.jpg_x1536_y1024.jpg,DNMT3A_1874_block2.jpg,260509-HPA_DNMT3a_Patches影像檔案\256\1\DNMT3A_1874_block2.jpg_x1536_y1024.jpg
55,62,32,17,6,62,56969,11593,20.35,100.0,58.18,30.91,10.91,3,3,9,high,1,DNMT3A_1874_block2.jpg_x1536_y256.jpg,DNMT3A_1874_block2.jpg,260509-HPA_DNMT3a_Patches影像檔案\256\1\DNMT3A_1874_block2.jpg_x1536_y256.jpg
37,44,21,10,6,44,47759,5411,11.33,100.0,56.76,27.03,16.22,3,3,9,high,1,DNMT3A_1874_block2.jpg_x1536_y512.jpg,DNMT3A_1874_block2.jpg,260509-HPA_DNMT3a_Patches影像檔案\256\1\DNMT3A_1874_block2.jpg_x1536_y512.jpg
52,59,34,12,6,59,54729,10580,19.33,100.0,65.38,23.08,11.54,3,3,9,high,1,DNMT3A_1874_block2.jpg_x1536_y768.jpg,DNMT3A_1874_block2.jpg,260509-HPA_DNMT3a_Patches影像檔案\256\1\DNMT3A_1874_block2.jpg_x1536_y768.jpg
33,44,21,7,5,44,35532,3351,9.43,100.0,63.64,21.21,15.15,3,3,9,high,1,DNMT3A_1874_block2.jpg_x1792_y1024.jpg,DNMT3A_1874_block2.jpg,260509-HPA_DNMT3a_Patches影像檔案\256\1\DNMT3A_1874_block2.jpg_x1792_y1024.jpg
43,56,35,4,4,55,57783,7747,13.41,98.21,81.4,9.3,9.3,2,3,6,high,1,DNMT3A_1874_block2.jpg_x1792_y2048.jpg,DNMT3A_1874_block2.jpg,260509-HPA_DNMT3a_Patches影像檔案\256\1\DNMT3A_1874_block2.jpg_x1792_y2048.jpg
39,68,26,8,5,68,57002,9265,16.25,100.0,66.67,20.51,12.82,3,3,9,high,1,DNMT3A_1874_block2.jpg_x1792_y2304.jpg,DNMT3A_1874_block2.jpg,260509-HPA_DNMT3a_Patches影像檔案\256\1\DNMT3A_1874_block2.jpg_x1792_y2304.jpg
31,40,18,11,2,40,38546,8003,20.76,100.0,58.06,35.48,6.45,2,3,6,high,1,DNMT3A_1874_block2.jpg_x1792_y256.jpg,DNMT3A_1874_block2.jpg,260509-HPA_DNMT3a_Patches影像檔案\256\1\DNMT3A_1874_block2.jpg_x1792_y256.jpg
30,29,24,3,3,29,21504,4211,19.58,100.0,80.0,10.0,10.0,2,3,6,high,1,DNMT3A_1874_block2.jpg_x1792_y2560.jpg,DNMT3A_1874_block2.jpg,260509-HPA_DNMT3a_Patches影像檔案\256\1\DNMT3A_1874_block2.jpg_x1792_y2560.jpg
51,55,31,14,6,55,54688,10753,19.66,100.0,60.78,27.45,11.76,3,3,9,high,1,DNMT3A_1874_block2.jpg_x1792_y512.jpg,DNMT3A_1874_block2.jpg,260509-HPA_DNMT3a_Patches影像檔案\256\1\DNMT3A_1874_block2.jpg_x1792_y512.jpg
51,62,30,14,7,62,56775,9029,15.9,100.0,58.82,27.45,13.73,3,3,9,high,1,DNMT3A_1874_block2.jpg_x1792_y768.jpg,DNMT3A_1874_block2.jpg,260509-HPA_DNMT3a_Patches影像檔案\256\1\DNMT3A_1874_block2.jpg_x1792_y768.jpg
35,44,26,6,3,42,50262,6722,13.37,95.45,74.29,17.14,8.57,2,3,6,high,1,DNMT3A_1874_block2.jpg_x2048_y1792.jpg,DNMT3A_1874_block2.jpg,260509-HPA_DNMT3a_Patches影像檔案\256\1\DNMT3A_1874_block2.jpg_x2048_y1792.jpg
61,67,44,14,3,66,55961,9639,17.22,98.51,72.13,22.95,4.92,2,3,6,high,1,DNMT3A_1874_block2.jpg_x2048_y2048.jpg,DNMT3A_1874_block2.jpg,260509-HPA_DNMT3a_Patches影像檔案\256\1\DNMT3A_1874_block2.jpg_x2048_y2048.jpg
42,49,26,8,8,48,52145,7118,13.65,97.96,61.9,19.05,19.05,3,3,9,high,1,DNMT3A_1874_block2.jpg_x2048_y2304.jpg,DNMT3A_1874_block2.jpg,260509-HPA_DNMT3a_Patches影像檔案\256\1\DNMT3A_1874_block2.jpg_x2048_y2304.jpg
46,58,29,8,9,58,50593,7247,14.32,100.0,63.04,17.39,19.57,3,3,9,high,1,DNMT3A_1874_block2.jpg_x2048_y512.jpg,DNMT3A_1874_block2.jpg,260509-HPA_DNMT3a_Patches影像檔案\256\1\DNMT3A_1874_block2.jpg_x2048_y512.jpg
34,47,19,5,10,47,52945,4964,9.38,100.0,55.88,14.71,29.41,3,3,9,high,1,DNMT3A_1874_block2.jpg_x2304_y1280.jpg,DNMT3A_1874_block2.jpg,260509-HPA_DNMT3a_Patches影像檔案\256\1\DNMT3A_1874_block2.jpg_x2304_y1280.jpg
46,61,30,10,6,59,56213,7158,12.73,96.72,65.22,21.74,13.04,3,3,9,high,1,DNMT3A_1874_block2.jpg_x2304_y1536.jpg,DNMT3A_1874_block2.jpg,260509-HPA_DNMT3a_Patches影像檔案\256\1\DNMT3A_1874_block2.jpg_x2304_y1536.jpg
46,58,39,5,2,58,54729,11156,20.38,100.0,84.78,10.87,4.35,2,3,6,high,1,DNMT3A_1874_block2.jpg_x2304_y1792.jpg,DNMT3A_1874_block2.jpg,260509-HPA_DNMT3a_Patches影像檔案\256\1\DNMT3A_1874_block2.jpg_x2304_y1792.jpg
45,62,23,19,3,62,50369,7683,15.25,100.0,51.11,42.22,6.67,2,3,6,high,1,DNMT3A_1874_block2.jpg_x2304_y2048.jpg,DNMT3A_1874_block2.jpg,260509-HPA_DNMT3a_Patches影像檔案\256\1\DNMT3A_1874_block2.jpg_x2304_y2048.jpg
14,19,12,1,1,19,17660,3302,18.7,100.0,85.71,7.14,7.14,2,3,6,high,1,DNMT3A_1874_block2.jpg_x2560_y1024.jpg,DNMT3A_1874_block2.jpg,260509-HPA_DNMT3a_Patches影像檔案\256\1\DNMT3A_1874_block2.jpg_x2560_y1024.jpg
29,45,17,7,5,44,34274,4636,13.53,97.78,58.62,24.14,17.24,3,3,9,high,1,DNMT3A_1874_block2.jpg_x2560_y1280.jpg,DNMT3A_1874_block2.jpg,260509-HPA_DNMT3a_Patches影像檔案\256\1\DNMT3A_1874_block2.jpg_x2560_y1280.jpg
31,47,20,7,4,45,35118,5814,16.56,95.74,64.52,22.58,12.9,3,3,9,high,1,DNMT3A_1874_block2.jpg_x2560_y1536.jpg,DNMT3A_1874_block2.jpg,260509-HPA_DNMT3a_Patches影像檔案\256\1\DNMT3A_1874_block2.jpg_x2560_y1536.jpg
18,27,4,8,6,27,21987,2638,12.0,100.0,22.22,44.44,33.33,3,3,9,high,1,DNMT3A_1874_block2.jpg_x512_y1024.jpg,DNMT3A_1874_block2.jpg,260509-HPA_DNMT3a_Patches影像檔案\256\1\DNMT3A_1874_block2.jpg_x512_y1024.jpg
32,38,24,6,2,38,30350,5457,17.98,100.0,75.0,18.75,6.25,2,3,6,high,1,DNMT3A_1874_block2.jpg_x512_y512.jpg,DNMT3A_1874_block2.jpg,260509-HPA_DNMT3a_Patches影像檔案\256\1\DNMT3A_1874_block2.jpg_x512_y512.jpg
59,69,49,8,2,69,54844,11543,21.05,100.0,83.05,13.56,3.39,2,3,6,high,1,DNMT3A_1874_block2.jpg_x512_y768.jpg,DNMT3A_1874_block2.jpg,260509-HPA_DNMT3a_Patches影像檔案\256\1\DNMT3A_1874_block2.jpg_x512_y768.jpg
16,17,8,6,2,17,15652,2976,19.01,100.0,50.0,37.5,12.5,2,3,6,high,1,DNMT3A_1874_block2.jpg_x768_y256.jpg,DNMT3A_1874_block2.jpg,260509-HPA_DNMT3a_Patches影像檔案\256\1\DNMT3A_1874_block2.jpg_x768_y256.jpg
63,73,35,20,8,73,62059,11448,18.45,100.0,55.56,31.75,12.7,3,3,9,high,1,DNMT3A_1874_block2.jpg_x768_y512.jpg,DNMT3A_1874_block2.jpg,260509-HPA_DNMT3a_Patches影像檔案\256\1\DNMT3A_1874_block2.jpg_x768_y512.jpg
61,68,32,21,8,68,57375,11913,20.76,100.0,52.46,34.43,13.11,3,3,9,high,1,DNMT3A_1874_block2.jpg_x768_y768.jpg,DNMT3A_1874_block2.jpg,260509-HPA_DNMT3a_Patches影像檔案\256\1\DNMT3A_1874_block2.jpg_x768_y768.jpg
26,28,17,2,7,28,48528,4559,9.39,100.0,65.38,7.69,26.92,3,3,9,high,1,DNMT3A_1910_block1.jpg_x1024_y1024.jpg,DNMT3A_1910_block1.jpg,260509-HPA_DNMT3a_Patches影像檔案\256\1\DNMT3A_1910_block1.jpg_x1024_y1024.jpg
23,33,15,5,3,33,50277,6088,12.11,100.0,65.22,21.74,13.04,3,3,9,high,1,DNMT3A_1910_block1.jpg_x1024_y1280.jpg,DNMT3A_1910_block1.jpg,260509-HPA_DNMT3a_Patches影像檔案\256\1\DNMT3A_1910_block1.jpg_x1024_y1280.jpg
26,26,18,5,3,26,48415,4068,8.4,100.0,69.23,19.23,11.54,3,3,9,high,1,DNMT3A_1910_block1.jpg_x1024_y1536.jpg,DNMT3A_1910_block1.jpg,260509-HPA_DNMT3a_Patches影像檔案\256\1\DNMT3A_1910_block1.jpg_x1024_y1536.jpg
33,49,22,8,3,49,51961,8555,16.46,100.0,66.67,24.24,9.09,2,3,6,high,1,DNMT3A_1910_block1.jpg_x1024_y1792.jpg,DNMT3A_1910_block1.jpg,260509-HPA_DNMT3a_Patches影像檔案\256\1\DNMT3A_1910_block1.jpg_x1024_y1792.jpg
36,42,28,5,3,42,49919,5858,11.74,100.0,77.78,13.89,8.33,2,3,6,high,1,DNMT3A_1910_block1.jpg_x1024_y2048.jpg,DNMT3A_1910_block1.jpg,260509-HPA_DNMT3a_Patches影像檔案\256\1\DNMT3A_1910_block1.jpg_x1024_y2048.jpg
46,53,30,10,6,53,42168,8529,20.23,100.0,65.22,21.74,13.04,3,3,9,high,1,DNMT3A_1910_block1.jpg_x1024_y256.jpg,DNMT3A_1910_block1.jpg,260509-HPA_DNMT3a_Patches影像檔案\256\1\DNMT3A_1910_block1.jpg_x1024_y256.jpg
37,43,28,5,4,43,50633,7496,14.8,100.0,75.68,13.51,10.81,2,3,6,high,1,DNMT3A_1910_block1.jpg_x1024_y512.jpg,DNMT3A_1910_block1.jpg,260509-HPA_DNMT3a_Patches影像檔案\256\1\DNMT3A_1910_block1.jpg_x1024_y512.jpg
27,32,17,5,5,32,51385,7835,15.25,100.0,62.96,18.52,18.52,3,3,9,high,1,DNMT3A_1910_block1.jpg_x1024_y768.jpg,DNMT3A_1910_block1.jpg,260509-HPA_DNMT3a_Patches影像檔案\256\1\DNMT3A_1910_block1.jpg_x1024_y768.jpg
32,35,21,10,1,35,49309,8971,18.19,100.0,65.62,31.25,3.12,2,3,6,high,1,DNMT3A_1910_block1.jpg_x1280_y1024.jpg,DNMT3A_1910_block1.jpg,260509-HPA_DNMT3a_Patches影像檔案\256\1\DNMT3A_1910_block1.jpg_x1280_y1024.jpg
20,29,11,6,3,29,49287,4348,8.82,100.0,55.0,30.0,15.0,3,3,9,high,1,DNMT3A_1910_block1.jpg_x1280_y1280.jpg,DNMT3A_1910_block1.jpg,260509-HPA_DNMT3a_Patches影像檔案\256\1\DNMT3A_1910_block1.jpg_x1280_y1280.jpg
39,49,30,5,4,49,41278,10363,25.11,100.0,76.92,12.82,10.26,2,3,6,high,1,DNMT3A_1910_block1.jpg_x1280_y512.jpg,DNMT3A_1910_block1.jpg,260509-HPA_DNMT3a_Patches影像檔案\256\1\DNMT3A_1910_block1.jpg_x1280_y512.jpg
45,51,31,10,4,50,49560,12209,24.63,98.04,68.89,22.22,8.89,2,3,6,high,1,DNMT3A_1910_block1.jpg_x1280_y768.jpg,DNMT3A_1910_block1.jpg,260509-HPA_DNMT3a_Patches影像檔案\256\1\DNMT3A_1910_block1.jpg_x1280_y768.jpg
36,42,23,6,7,42,51655,6484,12.55,100.0,63.89,16.67,19.44,3,3,9,high,1,DNMT3A_1910_block1.jpg_x1536_y1024.jpg,DNMT3A_1910_block1.jpg,260509-HPA_DNMT3a_Patches影像檔案\256\1\DNMT3A_1910_block1.jpg_x1536_y1024.jpg
39,42,30,4,5,41,50985,5113,10.03,97.62,76.92,10.26,12.82,3,3,9,high,1,DNMT3A_1910_block1.jpg_x1536_y1280.jpg,DNMT3A_1910_block1.jpg,260509-HPA_DNMT3a_Patches影像檔案\256\1\DNMT3A_1910_block1.jpg_x1536_y1280.jpg
30,37,23,4,3,37,45142,6092,13.5,100.0,76.67,13.33,10.0,2,3,6,high,1,DNMT3A_1910_block1.jpg_x1536_y1536.jpg,DNMT3A_1910_block1.jpg,260509-HPA_DNMT3a_Patches影像檔案\256\1\DNMT3A_1910_block1.jpg_x1536_y1536.jpg
44,46,39,3,2,46,45908,7389,16.1,100.0,88.64,6.82,4.55,2,3,6,high,1,DNMT3A_1910_block1.jpg_x1536_y1792.jpg,DNMT3A_1910_block1.jpg,260509-HPA_DNMT3a_Patches影像檔案\256\1\DNMT3A_1910_block1.jpg_x1536_y1792.jpg
45,53,29,8,8,53,49692,7890,15.88,100.0,64.44,17.78,17.78,3,3,9,high,1,DNMT3A_1910_block1.jpg_x1536_y2048.jpg,DNMT3A_1910_block1.jpg,260509-HPA_DNMT3a_Patches影像檔案\256\1\DNMT3A_1910_block1.jpg_x1536_y2048.jpg
47,48,32,9,6,48,54863,7998,14.58,100.0,68.09,19.15,12.77,3,3,9,high,1,DNMT3A_1910_block1.jpg_x1536_y768.jpg,DNMT3A_1910_block1.jpg,260509-HPA_DNMT3a_Patches影像檔案\256\1\DNMT3A_1910_block1.jpg_x1536_y768.jpg
38,40,20,12,6,40,49605,7239,14.59,100.0,52.63,31.58,15.79,3,3,9,high,1,DNMT3A_1910_block1.jpg_x1792_y1024.jpg,DNMT3A_1910_block1.jpg,260509-HPA_DNMT3a_Patches影像檔案\256\1\DNMT3A_1910_block1.jpg_x1792_y1024.jpg
35,41,26,3,6,41,51502,6995,13.58,100.0,74.29,8.57,17.14,3,3,9,high,1,DNMT3A_1910_block1.jpg_x1792_y1280.jpg,DNMT3A_1910_block1.jpg,260509-HPA_DNMT3a_Patches影像檔案\256\1\DNMT3A_1910_block1.jpg_x1792_y1280.jpg
38,48,23,11,4,48,46842,8181,17.47,100.0,60.53,28.95,10.53,2,3,6,high,1,DNMT3A_1910_block1.jpg_x1792_y1536.jpg,DNMT3A_1910_block1.jpg,260509-HPA_DNMT3a_Patches影像檔案\256\1\DNMT3A_1910_block1.jpg_x1792_y1536.jpg
45,51,36,5,4,51,47470,6697,14.11,100.0,80.0,11.11,8.89,2,3,6,high,1,DNMT3A_1910_block1.jpg_x1792_y1792.jpg,DNMT3A_1910_block1.jpg,260509-HPA_DNMT3a_Patches影像檔案\256\1\DNMT3A_1910_block1.jpg_x1792_y1792.jpg
49,55,40,6,3,55,48610,5788,11.91,100.0,81.63,12.24,6.12,2,3,6,high,1,DNMT3A_1910_block1.jpg_x1792_y2048.jpg,DNMT3A_1910_block1.jpg,260509-HPA_DNMT3a_Patches影像檔案\256\1\DNMT3A_1910_block1.jpg_x1792_y2048.jpg
17,20,11,4,2,20,14536,2700,18.57,100.0,64.71,23.53,11.76,2,3,6,high,1,DNMT3A_1910_block1.jpg_x1792_y512.jpg,DNMT3A_1910_block1.jpg,260509-HPA_DNMT3a_Patches影像檔案\256\1\DNMT3A_1910_block1.jpg_x1792_y512.jpg
36,36,21,7,8,36,47615,7084,14.88,100.0,58.33,19.44,22.22,3,3,9,high,1,DNMT3A_1910_block1.jpg_x1792_y768.jpg,DNMT3A_1910_block1.jpg,260509-HPA_DNMT3a_Patches影像檔案\256\1\DNMT3A_1910_block1.jpg_x1792_y768.jpg
50,45,38,8,4,45,50263,11560,23.0,100.0,76.0,16.0,8.0,2,3,6,high,1,DNMT3A_1910_block1.jpg_x2048_y1024.jpg,DNMT3A_1910_block1.jpg,260509-HPA_DNMT3a_Patches影像檔案\256\1\DNMT3A_1910_block1.jpg_x2048_y1024.jpg
54,54,38,6,10,54,50915,8031,15.77,100.0,70.37,11.11,18.52,3,3,9,high,1,DNMT3A_1910_block1.jpg_x2048_y1280.jpg,DNMT3A_1910_block1.jpg,260509-HPA_DNMT3a_Patches影像檔案\256\1\DNMT3A_1910_block1.jpg_x2048_y1280.jpg
35,39,23,9,3,39,47438,6622,13.96,100.0,65.71,25.71,8.57,2,3,6,high,1,DNMT3A_1910_block1.jpg_x2048_y1536.jpg,DNMT3A_1910_block1.jpg,260509-HPA_DNMT3a_Patches影像檔案\256\1\DNMT3A_1910_block1.jpg_x2048_y1536.jpg
51,51,41,6,4,51,51246,8366,16.33,100.0,80.39,11.76,7.84,2,3,6,high,1,DNMT3A_1910_block1.jpg_x2048_y1792.jpg,DNMT3A_1910_block1.jpg,260509-HPA_DNMT3a_Patches影像檔案\256\1\DNMT3A_1910_block1.jpg_x2048_y1792.jpg
32,52,16,12,4,52,51869,7443,14.35,100.0,50.0,37.5,12.5,3,3,9,high,1,DNMT3A_1910_block1.jpg_x2048_y2048.jpg,DNMT3A_1910_block1.jpg,260509-HPA_DNMT3a_Patches影像檔案\256\1\DNMT3A_1910_block1.jpg_x2048_y2048.jpg
51,51,45,3,3,51,39512,5907,14.95,100.0,88.24,5.88,5.88,2,3,6,high,1,DNMT3A_1910_block1.jpg_x2048_y2304.jpg,DNMT3A_1910_block1.jpg,260509-HPA_DNMT3a_Patches影像檔案\256\1\DNMT3A_1910_block1.jpg_x2048_y2304.jpg
35,38,27,4,4,38,32647,4284,13.12,100.0,77.14,11.43,11.43,2,3,6,high,1,DNMT3A_1910_block1.jpg_x2048_y512.jpg,DNMT3A_1910_block1.jpg,260509-HPA_DNMT3a_Patches影像檔案\256\1\DNMT3A_1910_block1.jpg_x2048_y512.jpg
51,56,40,8,3,56,49975,11531,23.07,100.0,78.43,15.69,5.88,2,3,6,high,1,DNMT3A_1910_block1.jpg_x2048_y768.jpg,DNMT3A_1910_block1.jpg,260509-HPA_DNMT3a_Patches影像檔案\256\1\DNMT3A_1910_block1.jpg_x2048_y768.jpg
31,38,19,5,7,38,48673,4948,10.17,100.0,61.29,16.13,22.58,3,3,9,high,1,DNMT3A_1910_block1.jpg_x2304_y1024.jpg,DNMT3A_1910_block1.jpg,260509-HPA_DNMT3a_Patches影像檔案\256\1\DNMT3A_1910_block1.jpg_x2304_y1024.jpg
44,50,29,10,5,50,47587,8812,18.52,100.0,65.91,22.73,11.36,3,3,9,high,1,DNMT3A_1910_block1.jpg_x2304_y1280.jpg,DNMT3A_1910_block1.jpg,260509-HPA_DNMT3a_Patches影像檔案\256\1\DNMT3A_1910_block1.jpg_x2304_y1280.jpg
34,36,22,8,4,36,48084,6120,12.73,100.0,64.71,23.53,11.76,3,3,9,high,1,DNMT3A_1910_block1.jpg_x2304_y1536.jpg,DNMT3A_1910_block1.jpg,260509-HPA_DNMT3a_Patches影像檔案\256\1\DNMT3A_1910_block1.jpg_x2304_y1536.jpg
31,32,23,1,7,32,50101,4147,8.28,100.0,74.19,3.23,22.58,3,3,9,high,1,DNMT3A_1910_block1.jpg_x2304_y1792.jpg,DNMT3A_1910_block1.jpg,260509-HPA_DNMT3a_Patches影像檔案\256\1\DNMT3A_1910_block1.jpg_x2304_y1792.jpg
27,35,21,2,4,35,42930,4523,10.54,100.0,77.78,7.41,14.81,3,3,9,high,1,DNMT3A_1910_block1.jpg_x2304_y2048.jpg,DNMT3A_1910_block1.jpg,260509-HPA_DNMT3a_Patches影像檔案\256\1\DNMT3A_1910_block1.jpg_x2304_y2048.jpg
43,43,30,11,2,43,47236,7219,15.28,100.0,69.77,25.58,4.65,2,3,6,high,1,DNMT3A_1910_block1.jpg_x2304_y768.jpg,DNMT3A_1910_block1.jpg,260509-HPA_DNMT3a_Patches影像檔案\256\1\DNMT3A_1910_block1.jpg_x2304_y768.jpg
27,25,20,4,3,25,22366,2951,13.19,100.0,74.07,14.81,11.11,2,3,6,high,1,DNMT3A_1910_block1.jpg_x2560_y1024.jpg,DNMT3A_1910_block1.jpg,260509-HPA_DNMT3a_Patches影像檔案\256\1\DNMT3A_1910_block1.jpg_x2560_y1024.jpg
20,27,11,3,6,27,31790,3050,9.59,100.0,55.0,15.0,30.0,3,3,9,high,1,DNMT3A_1910_block1.jpg_x2560_y1280.jpg,DNMT3A_1910_block1.jpg,260509-HPA_DNMT3a_Patches影像檔案\256\1\DNMT3A_1910_block1.jpg_x2560_y1280.jpg
20,19,14,3,3,19,22781,2889,12.68,100.0,70.0,15.0,15.0,3,3,9,high,1,DNMT3A_1910_block1.jpg_x2560_y1536.jpg,DNMT3A_1910_block1.jpg,260509-HPA_DNMT3a_Patches影像檔案\256\1\DNMT3A_1910_block1.jpg_x2560_y1536.jpg
17,16,14,2,1,16,17049,4114,24.13,100.0,82.35,11.76,5.88,2,3,6,high,1,DNMT3A_1910_block1.jpg_x2560_y1792.jpg,DNMT3A_1910_block1.jpg,260509-HPA_DNMT3a_Patches影像檔案\256\1\DNMT3A_1910_block1.jpg_x2560_y1792.jpg
32,25,28,1,3,25,35590,3029,8.51,100.0,87.5,3.12,9.38,2,3,6,high,1,DNMT3A_1910_block1.jpg_x256_y1024.jpg,DNMT3A_1910_block1.jpg,260509-HPA_DNMT3a_Patches影像檔案\256\1\DNMT3A_1910_block1.jpg_x256_y1024.jpg
15,25,11,1,3,23,30799,2919,9.48,92.0,73.33,6.67,20.0,3,3,9,high,1,DNMT3A_1910_block1.jpg_x256_y1536.jpg,DNMT3A_1910_block1.jpg,260509-HPA_DNMT3a_Patches影像檔案\256\1\DNMT3A_1910_block1.jpg_x256_y1536.jpg
18,23,13,1,4,22,23522,2935,12.48,95.65,72.22,5.56,22.22,3,3,9,high,1,DNMT3A_1910_block1.jpg_x256_y768.jpg,DNMT3A_1910_block1.jpg,260509-HPA_DNMT3a_Patches影像檔案\256\1\DNMT3A_1910_block1.jpg_x256_y768.jpg
27,28,20,1,6,28,47910,4497,9.39,100.0,74.07,3.7,22.22,3,3,9,high,1,DNMT3A_1910_block1.jpg_x512_y1024.jpg,DNMT3A_1910_block1.jpg,260509-HPA_DNMT3a_Patches影像檔案\256\1\DNMT3A_1910_block1.jpg_x512_y1024.jpg
18,31,8,4,6,31,45166,3637,8.05,100.0,44.44,22.22,33.33,3,3,9,high,1,DNMT3A_1910_block1.jpg_x512_y1280.jpg,DNMT3A_1910_block1.jpg,260509-HPA_DNMT3a_Patches影像檔案\256\1\DNMT3A_1910_block1.jpg_x512_y1280.jpg
11,17,6,2,3,17,37313,2818,7.55,100.0,54.55,18.18,27.27,3,3,9,high,1,DNMT3A_1910_block1.jpg_x512_y1536.jpg,DNMT3A_1910_block1.jpg,260509-HPA_DNMT3a_Patches影像檔案\256\1\DNMT3A_1910_block1.jpg_x512_y1536.jpg
30,42,22,5,3,42,47348,5259,11.11,100.0,73.33,16.67,10.0,2,3,6,high,1,DNMT3A_1910_block1.jpg_x512_y1792.jpg,DNMT3A_1910_block1.jpg,260509-HPA_DNMT3a_Patches影像檔案\256\1\DNMT3A_1910_block1.jpg_x512_y1792.jpg
37,46,27,6,4,46,42593,6012,14.11,100.0,72.97,16.22,10.81,2,3,6,high,1,DNMT3A_1910_block1.jpg_x512_y2048.jpg,DNMT3A_1910_block1.jpg,260509-HPA_DNMT3a_Patches影像檔案\256\1\DNMT3A_1910_block1.jpg_x512_y2048.jpg
39,48,29,4,6,48,39871,5893,14.78,100.0,74.36,10.26,15.38,3,3,9,high,1,DNMT3A_1910_block1.jpg_x512_y512.jpg,DNMT3A_1910_block1.jpg,260509-HPA_DNMT3a_Patches影像檔案\256\1\DNMT3A_1910_block1.jpg_x512_y512.jpg
36,36,29,3,4,36,46849,4512,9.63,100.0,80.56,8.33,11.11,2,3,6,high,1,DNMT3A_1910_block1.jpg_x512_y768.jpg,DNMT3A_1910_block1.jpg,260509-HPA_DNMT3a_Patches影像檔案\256\1\DNMT3A_1910_block1.jpg_x512_y768.jpg
22,22,13,3,6,22,45441,4723,10.39,100.0,59.09,13.64,27.27,3,3,9,high,1,DNMT3A_1910_block1.jpg_x768_y1024.jpg,DNMT3A_1910_block1.jpg,260509-HPA_DNMT3a_Patches影像檔案\256\1\DNMT3A_1910_block1.jpg_x768_y1024.jpg
20,27,9,6,5,27,48481,6458,13.32,100.0,45.0,30.0,25.0,3,3,9,high,1,DNMT3A_1910_block1.jpg_x768_y1280.jpg,DNMT3A_1910_block1.jpg,260509-HPA_DNMT3a_Patches影像檔案\256\1\DNMT3A_1910_block1.jpg_x768_y1280.jpg
35,43,27,5,3,43,48595,8025,16.51,100.0,77.14,14.29,8.57,2,3,6,high,1,DNMT3A_1910_block1.jpg_x768_y1536.jpg,DNMT3A_1910_block1.jpg,260509-HPA_DNMT3a_Patches影像檔案\256\1\DNMT3A_1910_block1.jpg_x768_y1536.jpg
43,47,34,6,3,47,49732,8616,17.32,100.0,79.07,13.95,6.98,2,3,6,high,1,DNMT3A_1910_block1.jpg_x768_y1792.jpg,DNMT3A_1910_block1.jpg,260509-HPA_DNMT3a_Patches影像檔案\256\1\DNMT3A_1910_block1.jpg_x768_y1792.jpg
25,32,17,4,4,32,49204,5486,11.15,100.0,68.0,16.0,16.0,3,3,9,high,1,DNMT3A_1910_block1.jpg_x768_y2048.jpg,DNMT3A_1910_block1.jpg,260509-HPA_DNMT3a_Patches影像檔案\256\1\DNMT3A_1910_block1.jpg_x768_y2048.jpg
32,36,21,7,4,36,45762,6408,14.0,100.0,65.62,21.88,12.5,3,3,9,high,1,DNMT3A_1910_block1.jpg_x768_y2304.jpg,DNMT3A_1910_block1.jpg,260509-HPA_DNMT3a_Patches影像檔案\256\1\DNMT3A_1910_block1.jpg_x768_y2304.jpg
39,41,33,5,1,41,35773,9303,26.01,100.0,84.62,12.82,2.56,2,3,6,high,1,DNMT3A_1910_block1.jpg_x768_y256.jpg,DNMT3A_1910_block1.jpg,260509-HPA_DNMT3a_Patches影像檔案\256\1\DNMT3A_1910_block1.jpg_x768_y256.jpg
35,38,29,4,2,38,48538,7172,14.78,100.0,82.86,11.43,5.71,2,3,6,high,1,DNMT3A_1910_block1.jpg_x768_y512.jpg,DNMT3A_1910_block1.jpg,260509-HPA_DNMT3a_Patches影像檔案\256\1\DNMT3A_1910_block1.jpg_x768_y512.jpg
27,33,20,0,7,33,49298,5268,10.69,100.0,74.07,0.0,25.93,3,3,9,high,1,DNMT3A_1910_block1.jpg_x768_y768.jpg,DNMT3A_1910_block1.jpg,260509-HPA_DNMT3a_Patches影像檔案\256\1\DNMT3A_1910_block1.jpg_x768_y768.jpg
60,81,46,8,6,79,61374,13944,22.72,97.53,76.67,13.33,10.0,2,3,6,high,1,DNMT3A_1910_block2.jpg_x1024_y1024.jpg,DNMT3A_1910_block2.jpg,260509-HPA_DNMT3a_Patches影像檔案\256\1\DNMT3A_1910_block2.jpg_x1024_y1024.jpg
50,58,32,11,7,57,61129,7636,12.49,98.28,64.0,22.0,14.0,3,3,9,high,1,DNMT3A_1910_block2.jpg_x1024_y1280.jpg,DNMT3A_1910_block2.jpg,260509-HPA_DNMT3a_Patches影像檔案\256\1\DNMT3A_1910_block2.jpg_x1024_y1280.jpg
42,43,27,7,8,43,60844,7163,11.77,100.0,64.29,16.67,19.05,3,3,9,high,1,DNMT3A_1910_block2.jpg_x1024_y1536.jpg,DNMT3A_1910_block2.jpg,260509-HPA_DNMT3a_Patches影像檔案\256\1\DNMT3A_1910_block2.jpg_x1024_y1536.jpg
56,61,42,6,8,59,59620,8979,15.06,96.72,75.0,10.71,14.29,3,3,9,high,1,DNMT3A_1910_block2.jpg_x1024_y1792.jpg,DNMT3A_1910_block2.jpg,260509-HPA_DNMT3a_Patches影像檔案\256\1\DNMT3A_1910_block2.jpg_x1024_y1792.jpg
65,67,54,5,6,63,58914,14249,24.19,94.03,83.08,7.69,9.23,2,3,6,high,1,DNMT3A_1910_block2.jpg_x1024_y2048.jpg,DNMT3A_1910_block2.jpg,260509-HPA_DNMT3a_Patches影像檔案\256\1\DNMT3A_1910_block2.jpg_x1024_y2048.jpg
46,55,35,7,4,52,51534,8206,15.92,94.55,76.09,15.22,8.7,2,3,6,high,1,DNMT3A_1910_block2.jpg_x1024_y2304.jpg,DNMT3A_1910_block2.jpg,260509-HPA_DNMT3a_Patches影像檔案\256\1\DNMT3A_1910_block2.jpg_x1024_y2304.jpg
39,49,32,4,3,49,37356,10636,28.47,100.0,82.05,10.26,7.69,2,3,6,high,1,DNMT3A_1910_block2.jpg_x1024_y256.jpg,DNMT3A_1910_block2.jpg,260509-HPA_DNMT3a_Patches影像檔案\256\1\DNMT3A_1910_block2.jpg_x1024_y256.jpg
62,74,50,9,3,73,59046,14339,24.28,98.65,80.65,14.52,4.84,2,3,6,high,1,DNMT3A_1910_block2.jpg_x1024_y512.jpg,DNMT3A_1910_block2.jpg,260509-HPA_DNMT3a_Patches影像檔案\256\1\DNMT3A_1910_block2.jpg_x1024_y512.jpg
65,82,54,7,4,80,61977,13436,21.68,97.56,83.08,10.77,6.15,2,3,6,high,1,DNMT3A_1910_block2.jpg_x1024_y768.jpg,DNMT3A_1910_block2.jpg,260509-HPA_DNMT3a_Patches影像檔案\256\1\DNMT3A_1910_block2.jpg_x1024_y768.jpg
51,61,44,3,4,55,60160,10727,17.83,90.16,86.27,5.88,7.84,2,3,6,high,1,DNMT3A_1910_block2.jpg_x1280_y1024.jpg,DNMT3A_1910_block2.jpg,260509-HPA_DNMT3a_Patches影像檔案\256\1\DNMT3A_1910_block2.jpg_x1280_y1024.jpg
61,71,45,7,9,69,61746,10414,16.87,97.18,73.77,11.48,14.75,3,3,9,high,1,DNMT3A_1910_block2.jpg_x1280_y1280.jpg,DNMT3A_1910_block2.jpg,260509-HPA_DNMT3a_Patches影像檔案\256\1\DNMT3A_1910_block2.jpg_x1280_y1280.jpg
69,88,61,6,2,82,61341,13709,22.35,93.18,88.41,8.7,2.9,2,3,6,high,1,DNMT3A_1910_block2.jpg_x1280_y1536.jpg,DNMT3A_1910_block2.jpg,260509-HPA_DNMT3a_Patches影像檔案\256\1\DNMT3A_1910_block2.jpg_x1280_y1536.jpg
58,77,45,9,4,75,59218,12856,21.71,97.4,77.59,15.52,6.9,2,3,6,high,1,DNMT3A_1910_block2.jpg_x1280_y1792.jpg,DNMT3A_1910_block2.jpg,260509-HPA_DNMT3a_Patches影像檔案\256\1\DNMT3A_1910_block2.jpg_x1280_y1792.jpg
51,60,39,9,3,57,59061,9709,16.44,95.0,76.47,17.65,5.88,2,3,6,high,1,DNMT3A_1910_block2.jpg_x1280_y2048.jpg,DNMT3A_1910_block2.jpg,260509-HPA_DNMT3a_Patches影像檔案\256\1\DNMT3A_1910_block2.jpg_x1280_y2048.jpg
45,50,32,9,4,49,53288,9430,17.7,98.0,71.11,20.0,8.89,2,3,6,high,1,DNMT3A_1910_block2.jpg_x1280_y2304.jpg,DNMT3A_1910_block2.jpg,260509-HPA_DNMT3a_Patches影像檔案\256\1\DNMT3A_1910_block2.jpg_x1280_y2304.jpg
41,55,38,1,2,55,46156,12363,26.79,100.0,92.68,2.44,4.88,1,3,3,low,1,DNMT3A_1910_block2.jpg_x1280_y256.jpg,DNMT3A_1910_block2.jpg,260509-HPA_DNMT3a_Patches影像檔案\256\1\DNMT3A_1910_block2.jpg_x1280_y256.jpg
28,27,25,1,2,27,22249,4903,22.04,100.0,89.29,3.57,7.14,2,3,6,high,1,DNMT3A_1910_block2.jpg_x1280_y2560.jpg,DNMT3A_1910_block2.jpg,260509-HPA_DNMT3a_Patches影像檔案\256\1\DNMT3A_1910_block2.jpg_x1280_y2560.jpg
67,81,58,6,3,81,59784,14216,23.78,100.0,86.57,8.96,4.48,2,3,6,high,1,DNMT3A_1910_block2.jpg_x1280_y512.jpg,DNMT3A_1910_block2.jpg,260509-HPA_DNMT3a_Patches影像檔案\256\1\DNMT3A_1910_block2.jpg_x1280_y512.jpg
51,56,42,3,6,56,52724,9734,18.46,100.0,82.35,5.88,11.76,2,3,6,high,1,DNMT3A_1910_block2.jpg_x1280_y768.jpg,DNMT3A_1910_block2.jpg,260509-HPA_DNMT3a_Patches影像檔案\256\1\DNMT3A_1910_block2.jpg_x1280_y768.jpg
55,62,40,6,9,61,59500,8058,13.54,98.39,72.73,10.91,16.36,3,3,9,high,1,DNMT3A_1910_block2.jpg_x1536_y1024.jpg,DNMT3A_1910_block2.jpg,260509-HPA_DNMT3a_Patches影像檔案\256\1\DNMT3A_1910_block2.jpg_x1536_y1024.jpg
65,71,53,9,3,71,60603,14662,24.19,100.0,81.54,13.85,4.62,2,3,6,high,1,DNMT3A_1910_block2.jpg_x1536_y1280.jpg,DNMT3A_1910_block2.jpg,260509-HPA_DNMT3a_Patches影像檔案\256\1\DNMT3A_1910_block2.jpg_x1536_y1280.jpg
66,79,57,7,2,78,54231,15087,27.82,98.73,86.36,10.61,3.03,2,3,6,high,1,DNMT3A_1910_block2.jpg_x1536_y1536.jpg,DNMT3A_1910_block2.jpg,260509-HPA_DNMT3a_Patches影像檔案\256\1\DNMT3A_1910_block2.jpg_x1536_y1536.jpg
59,54,54,3,2,54,54861,12913,23.54,100.0,91.53,5.08,3.39,2,3,6,high,1,DNMT3A_1910_block2.jpg_x1536_y1792.jpg,DNMT3A_1910_block2.jpg,260509-HPA_DNMT3a_Patches影像檔案\256\1\DNMT3A_1910_block2.jpg_x1536_y1792.jpg
44,78,35,7,2,71,60446,11980,19.82,91.03,79.55,15.91,4.55,2,3,6,high,1,DNMT3A_1910_block2.jpg_x1536_y2048.jpg,DNMT3A_1910_block2.jpg,260509-HPA_DNMT3a_Patches影像檔案\256\1\DNMT3A_1910_block2.jpg_x1536_y2048.jpg
54,68,44,7,3,65,59142,14848,25.11,95.59,81.48,12.96,5.56,2,3,6,high,1,DNMT3A_1910_block2.jpg_x1536_y2304.jpg,DNMT3A_1910_block2.jpg,260509-HPA_DNMT3a_Patches影像檔案\256\1\DNMT3A_1910_block2.jpg_x1536_y2304.jpg
41,50,37,1,3,48,38300,7022,18.33,96.0,90.24,2.44,7.32,2,3,6,high,1,DNMT3A_1910_block2.jpg_x1536_y256.jpg,DNMT3A_1910_block2.jpg,260509-HPA_DNMT3a_Patches影像檔案\256\1\DNMT3A_1910_block2.jpg_x1536_y256.jpg
21,18,19,1,1,18,21038,6061,28.81,100.0,90.48,4.76,4.76,2,3,6,high,1,DNMT3A_1910_block2.jpg_x1536_y2560.jpg,DNMT3A_1910_block2.jpg,260509-HPA_DNMT3a_Patches影像檔案\256\1\DNMT3A_1910_block2.jpg_x1536_y2560.jpg
50,65,37,7,6,62,56871,8498,14.94,95.38,74.0,14.0,12.0,3,3,9,high,1,DNMT3A_1910_block2.jpg_x1536_y512.jpg,DNMT3A_1910_block2.jpg,260509-HPA_DNMT3a_Patches影像檔案\256\1\DNMT3A_1910_block2.jpg_x1536_y512.jpg
43,60,32,6,5,56,61000,8750,14.34,93.33,74.42,13.95,11.63,2,3,6,high,1,DNMT3A_1910_block2.jpg_x1536_y768.jpg,DNMT3A_1910_block2.jpg,260509-HPA_DNMT3a_Patches影像檔案\256\1\DNMT3A_1910_block2.jpg_x1536_y768.jpg
59,56,48,8,3,55,54586,11201,20.52,98.21,81.36,13.56,5.08,2,3,6,high,1,DNMT3A_1910_block2.jpg_x1792_y1024.jpg,DNMT3A_1910_block2.jpg,260509-HPA_DNMT3a_Patches影像檔案\256\1\DNMT3A_1910_block2.jpg_x1792_y1024.jpg
59,78,48,7,4,73,59392,13296,22.39,93.59,81.36,11.86,6.78,2,3,6,high,1,DNMT3A_1910_block2.jpg_x1792_y1280.jpg,DNMT3A_1910_block2.jpg,260509-HPA_DNMT3a_Patches影像檔案\256\1\DNMT3A_1910_block2.jpg_x1792_y1280.jpg
68,87,60,6,2,85,59972,14703,24.52,97.7,88.24,8.82,2.94,2,3,6,high,1,DNMT3A_1910_block2.jpg_x1792_y1536.jpg,DNMT3A_1910_block2.jpg,260509-HPA_DNMT3a_Patches影像檔案\256\1\DNMT3A_1910_block2.jpg_x1792_y1536.jpg
69,82,56,4,9,78,59646,11351,19.03,95.12,81.16,5.8,13.04,3,3,9,high,1,DNMT3A_1910_block2.jpg_x1792_y1792.jpg,DNMT3A_1910_block2.jpg,260509-HPA_DNMT3a_Patches影像檔案\256\1\DNMT3A_1910_block2.jpg_x1792_y1792.jpg
50,70,41,6,3,67,59134,13690,23.15,95.71,82.0,12.0,6.0,2,3,6,high,1,DNMT3A_1910_block2.jpg_x1792_y2048.jpg,DNMT3A_1910_block2.jpg,260509-HPA_DNMT3a_Patches影像檔案\256\1\DNMT3A_1910_block2.jpg_x1792_y2048.jpg
78,79,71,3,4,78,59227,15513,26.19,98.73,91.03,3.85,5.13,2,3,6,high,1,DNMT3A_1910_block2.jpg_x1792_y2304.jpg,DNMT3A_1910_block2.jpg,260509-HPA_DNMT3a_Patches影像檔案\256\1\DNMT3A_1910_block2.jpg_x1792_y2304.jpg
21,17,19,2,0,17,13927,3281,23.56,100.0,90.48,9.52,0.0,2,3,6,high,1,DNMT3A_1910_block2.jpg_x1792_y2560.jpg,DNMT3A_1910_block2.jpg,260509-HPA_DNMT3a_Patches影像檔案\256\1\DNMT3A_1910_block2.jpg_x1792_y2560.jpg
37,34,27,3,7,34,57520,7007,12.18,100.0,72.97,8.11,18.92,3,3,9,high,1,DNMT3A_1910_block2.jpg_x1792_y512.jpg,DNMT3A_1910_block2.jpg,260509-HPA_DNMT3a_Patches影像檔案\256\1\DNMT3A_1910_block2.jpg_x1792_y512.jpg
66,63,55,5,6,61,56336,9891,17.56,96.83,83.33,7.58,9.09,2,3,6,high,1,DNMT3A_1910_block2.jpg_x1792_y768.jpg,DNMT3A_1910_block2.jpg,260509-HPA_DNMT3a_Patches影像檔案\256\1\DNMT3A_1910_block2.jpg_x1792_y768.jpg
66,76,58,5,3,71,60249,14202,23.57,93.42,87.88,7.58,4.55,2,3,6,high,1,DNMT3A_1910_block2.jpg_x2048_y1024.jpg,DNMT3A_1910_block2.jpg,260509-HPA_DNMT3a_Patches影像檔案\256\1\DNMT3A_1910_block2.jpg_x2048_y1024.jpg
64,72,57,4,3,68,59018,13234,22.42,94.44,89.06,6.25,4.69,2,3,6,high,1,DNMT3A_1910_block2.jpg_x2048_y1280.jpg,DNMT3A_1910_block2.jpg,260509-HPA_DNMT3a_Patches影像檔案\256\1\DNMT3A_1910_block2.jpg_x2048_y1280.jpg
55,72,40,9,6,71,59907,11315,18.89,98.61,72.73,16.36,10.91,2,3,6,high,1,DNMT3A_1910_block2.jpg_x2048_y1536.jpg,DNMT3A_1910_block2.jpg,260509-HPA_DNMT3a_Patches影像檔案\256\1\DNMT3A_1910_block2.jpg_x2048_y1536.jpg
56,60,40,9,7,58,60567,10852,17.92,96.67,71.43,16.07,12.5,3,3,9,high,1,DNMT3A_1910_block2.jpg_x2048_y1792.jpg,DNMT3A_1910_block2.jpg,260509-HPA_DNMT3a_Patches影像檔案\256\1\DNMT3A_1910_block2.jpg_x2048_y1792.jpg
63,72,52,7,4,70,60042,11171,18.61,97.22,82.54,11.11,6.35,2,3,6,high,1,DNMT3A_1910_block2.jpg_x2048_y2048.jpg,DNMT3A_1910_block2.jpg,260509-HPA_DNMT3a_Patches影像檔案\256\1\DNMT3A_1910_block2.jpg_x2048_y2048.jpg
37,41,28,4,5,41,42630,6397,15.01,100.0,75.68,10.81,13.51,3,3,9,high,1,DNMT3A_1910_block2.jpg_x2048_y2304.jpg,DNMT3A_1910_block2.jpg,260509-HPA_DNMT3a_Patches影像檔案\256\1\DNMT3A_1910_block2.jpg_x2048_y2304.jpg
56,55,46,6,4,53,52221,10682,20.46,96.36,82.14,10.71,7.14,2,3,6,high,1,DNMT3A_1910_block2.jpg_x2048_y512.jpg,DNMT3A_1910_block2.jpg,260509-HPA_DNMT3a_Patches影像檔案\256\1\DNMT3A_1910_block2.jpg_x2048_y512.jpg
57,63,45,8,4,60,58999,13273,22.5,95.24,78.95,14.04,7.02,2,3,6,high,1,DNMT3A_1910_block2.jpg_x2048_y768.jpg,DNMT3A_1910_block2.jpg,260509-HPA_DNMT3a_Patches影像檔案\256\1\DNMT3A_1910_block2.jpg_x2048_y768.jpg
62,68,52,6,4,68,58520,11358,19.41,100.0,83.87,9.68,6.45,2,3,6,high,1,DNMT3A_1910_block2.jpg_x2304_y1024.jpg,DNMT3A_1910_block2.jpg,260509-HPA_DNMT3a_Patches影像檔案\256\1\DNMT3A_1910_block2.jpg_x2304_y1024.jpg
60,66,49,6,5,62,61066,11655,19.09,93.94,81.67,10.0,8.33,2,3,6,high,1,DNMT3A_1910_block2.jpg_x2304_y1280.jpg,DNMT3A_1910_block2.jpg,260509-HPA_DNMT3a_Patches影像檔案\256\1\DNMT3A_1910_block2.jpg_x2304_y1280.jpg
47,56,37,6,4,56,61476,9908,16.12,100.0,78.72,12.77,8.51,2,3,6,high,1,DNMT3A_1910_block2.jpg_x2304_y1536.jpg,DNMT3A_1910_block2.jpg,260509-HPA_DNMT3a_Patches影像檔案\256\1\DNMT3A_1910_block2.jpg_x2304_y1536.jpg
47,64,39,5,3,64,61185,9554,15.61,100.0,82.98,10.64,6.38,2,3,6,high,1,DNMT3A_1910_block2.jpg_x2304_y1792.jpg,DNMT3A_1910_block2.jpg,260509-HPA_DNMT3a_Patches影像檔案\256\1\DNMT3A_1910_block2.jpg_x2304_y1792.jpg
36,44,32,2,2,43,44837,8600,19.18,97.73,88.89,5.56,5.56,2,3,6,high,1,DNMT3A_1910_block2.jpg_x2304_y2048.jpg,DNMT3A_1910_block2.jpg,260509-HPA_DNMT3a_Patches影像檔案\256\1\DNMT3A_1910_block2.jpg_x2304_y2048.jpg
56,64,41,12,3,64,45217,9812,21.7,100.0,73.21,21.43,5.36,2,3,6,high,1,DNMT3A_1910_block2.jpg_x2304_y768.jpg,DNMT3A_1910_block2.jpg,260509-HPA_DNMT3a_Patches影像檔案\256\1\DNMT3A_1910_block2.jpg_x2304_y768.jpg
17,22,12,1,4,22,17364,2156,12.42,100.0,70.59,5.88,23.53,3,3,9,high,1,DNMT3A_1910_block2.jpg_x2560_y1792.jpg,DNMT3A_1910_block2.jpg,260509-HPA_DNMT3a_Patches影像檔案\256\1\DNMT3A_1910_block2.jpg_x2560_y1792.jpg
38,44,26,10,2,44,62197,8928,14.35,100.0,68.42,26.32,5.26,2,3,6,high,1,DNMT3A_1910_block2.jpg_x512_y1024.jpg,DNMT3A_1910_block2.jpg,260509-HPA_DNMT3a_Patches影像檔案\256\1\DNMT3A_1910_block2.jpg_x512_y1024.jpg
30,51,24,3,3,49,61802,6924,11.2,96.08,80.0,10.0,10.0,2,3,6,high,1,DNMT3A_1910_block2.jpg_x512_y1792.jpg,DNMT3A_1910_block2.jpg,260509-HPA_DNMT3a_Patches影像檔案\256\1\DNMT3A_1910_block2.jpg_x512_y1792.jpg
45,57,36,6,3,56,53739,9184,17.09,98.25,80.0,13.33,6.67,2,3,6,high,1,DNMT3A_1910_block2.jpg_x512_y2048.jpg,DNMT3A_1910_block2.jpg,260509-HPA_DNMT3a_Patches影像檔案\256\1\DNMT3A_1910_block2.jpg_x512_y2048.jpg
44,60,33,3,8,60,57849,7111,12.29,100.0,75.0,6.82,18.18,3,3,9,high,1,DNMT3A_1910_block2.jpg_x512_y512.jpg,DNMT3A_1910_block2.jpg,260509-HPA_DNMT3a_Patches影像檔案\256\1\DNMT3A_1910_block2.jpg_x512_y512.jpg
61,77,54,4,3,76,59900,12503,20.87,98.7,88.52,6.56,4.92,2,3,6,high,1,DNMT3A_1910_block2.jpg_x512_y768.jpg,DNMT3A_1910_block2.jpg,260509-HPA_DNMT3a_Patches影像檔案\256\1\DNMT3A_1910_block2.jpg_x512_y768.jpg
57,70,44,7,6,70,60411,14703,24.34,100.0,77.19,12.28,10.53,2,3,6,high,1,DNMT3A_1910_block2.jpg_x768_y1024.jpg,DNMT3A_1910_block2.jpg,260509-HPA_DNMT3a_Patches影像檔案\256\1\DNMT3A_1910_block2.jpg_x768_y1024.jpg
67,69,41,15,11,69,61195,9315,15.22,100.0,61.19,22.39,16.42,3,3,9,high,1,DNMT3A_1910_block2.jpg_x768_y1280.jpg,DNMT3A_1910_block2.jpg,260509-HPA_DNMT3a_Patches影像檔案\256\1\DNMT3A_1910_block2.jpg_x768_y1280.jpg
38,43,19,6,13,42,61237,4621,7.55,97.67,50.0,15.79,34.21,3,3,9,high,1,DNMT3A_1910_block2.jpg_x768_y1536.jpg,DNMT3A_1910_block2.jpg,260509-HPA_DNMT3a_Patches影像檔案\256\1\DNMT3A_1910_block2.jpg_x768_y1536.jpg
49,57,39,4,6,56,61379,11045,17.99,98.25,79.59,8.16,12.24,3,3,9,high,1,DNMT3A_1910_block2.jpg_x768_y1792.jpg,DNMT3A_1910_block2.jpg,260509-HPA_DNMT3a_Patches影像檔案\256\1\DNMT3A_1910_block2.jpg_x768_y1792.jpg
46,57,36,5,5,55,58515,8861,15.14,96.49,78.26,10.87,10.87,2,3,6,high,1,DNMT3A_1910_block2.jpg_x768_y2048.jpg,DNMT3A_1910_block2.jpg,260509-HPA_DNMT3a_Patches影像檔案\256\1\DNMT3A_1910_block2.jpg_x768_y2048.jpg
42,56,32,7,3,54,46598,6360,13.65,96.43,76.19,16.67,7.14,2,3,6,high,1,DNMT3A_1910_block2.jpg_x768_y2304.jpg,DNMT3A_1910_block2.jpg,260509-HPA_DNMT3a_Patches影像檔案\256\1\DNMT3A_1910_block2.jpg_x768_y2304.jpg
20,21,18,1,1,21,16422,4345,26.46,100.0,90.0,5.0,5.0,2,3,6,high,1,DNMT3A_1910_block2.jpg_x768_y256.jpg,DNMT3A_1910_block2.jpg,260509-HPA_DNMT3a_Patches影像檔案\256\1\DNMT3A_1910_block2.jpg_x768_y256.jpg
62,71,51,8,3,70,59316,12516,21.1,98.59,82.26,12.9,4.84,2,3,6,high,1,DNMT3A_1910_block2.jpg_x768_y512.jpg,DNMT3A_1910_block2.jpg,260509-HPA_DNMT3a_Patches影像檔案\256\1\DNMT3A_1910_block2.jpg_x768_y512.jpg
58,73,52,5,1,73,58220,15831,27.19,100.0,89.66,8.62,1.72,2,3,6,high,1,DNMT3A_1910_block2.jpg_x768_y768.jpg,DNMT3A_1910_block2.jpg,260509-HPA_DNMT3a_Patches影像檔案\256\1\DNMT3A_1910_block2.jpg_x768_y768.jpg
59,61,41,9,9,60,58341,11453,19.63,98.36,69.49,15.25,15.25,3,3,9,high,1,DNMT3A_1939_block2.jpg_x1024_y1024.jpg,DNMT3A_1939_block2.jpg,260509-HPA_DNMT3a_Patches影像檔案\256\1\DNMT3A_1939_block2.jpg_x1024_y1024.jpg
27,43,18,4,5,32,59532,12168,20.44,74.42,66.67,14.81,18.52,3,3,9,high,1,DNMT3A_1939_block2.jpg_x1024_y1280.jpg,DNMT3A_1939_block2.jpg,260509-HPA_DNMT3a_Patches影像檔案\256\1\DNMT3A_1939_block2.jpg_x1024_y1280.jpg
54,53,36,14,4,52,59789,13213,22.1,98.11,66.67,25.93,7.41,2,3,6,high,1,DNMT3A_1939_block2.jpg_x1024_y1536.jpg,DNMT3A_1939_block2.jpg,260509-HPA_DNMT3a_Patches影像檔案\256\1\DNMT3A_1939_block2.jpg_x1024_y1536.jpg
72,70,52,16,4,69,61295,14629,23.87,98.57,72.22,22.22,5.56,2,3,6,high,1,DNMT3A_1939_block2.jpg_x1024_y1792.jpg,DNMT3A_1939_block2.jpg,260509-HPA_DNMT3a_Patches影像檔案\256\1\DNMT3A_1939_block2.jpg_x1024_y1792.jpg
74,82,61,7,6,81,62239,13426,21.57,98.78,82.43,9.46,8.11,2,3,6,high,1,DNMT3A_1939_block2.jpg_x1024_y2048.jpg,DNMT3A_1939_block2.jpg,260509-HPA_DNMT3a_Patches影像檔案\256\1\DNMT3A_1939_block2.jpg_x1024_y2048.jpg
57,61,41,9,7,61,61198,13504,22.07,100.0,71.93,15.79,12.28,3,3,9,high,1,DNMT3A_1939_block2.jpg_x1024_y2304.jpg,DNMT3A_1939_block2.jpg,260509-HPA_DNMT3a_Patches影像檔案\256\1\DNMT3A_1939_block2.jpg_x1024_y2304.jpg
30,39,15,10,5,39,39381,5419,13.76,100.0,50.0,33.33,16.67,3,3,9,high,1,DNMT3A_1939_block2.jpg_x1024_y256.jpg,DNMT3A_1939_block2.jpg,260509-HPA_DNMT3a_Patches影像檔案\256\1\DNMT3A_1939_block2.jpg_x1024_y256.jpg
29,33,21,2,6,33,25905,3793,14.64,100.0,72.41,6.9,20.69,3,3,9,high,1,DNMT3A_1939_block2.jpg_x1024_y2560.jpg,DNMT3A_1939_block2.jpg,260509-HPA_DNMT3a_Patches影像檔案\256\1\DNMT3A_1939_block2.jpg_x1024_y2560.jpg
62,60,25,17,20,60,61695,6909,11.2,100.0,40.32,27.42,32.26,3,3,9,high,1,DNMT3A_1939_block2.jpg_x1024_y512.jpg,DNMT3A_1939_block2.jpg,260509-HPA_DNMT3a_Patches影像檔案\256\1\DNMT3A_1939_block2.jpg_x1024_y512.jpg
64,63,42,13,9,62,60454,11158,18.46,98.41,65.62,20.31,14.06,3,3,9,high,1,DNMT3A_1939_block2.jpg_x1024_y768.jpg,DNMT3A_1939_block2.jpg,260509-HPA_DNMT3a_Patches影像檔案\256\1\DNMT3A_1939_block2.jpg_x1024_y768.jpg
56,65,41,7,8,61,61145,13207,21.6,93.85,73.21,12.5,14.29,3,3,9,high,1,DNMT3A_1939_block2.jpg_x1280_y1024.jpg,DNMT3A_1939_block2.jpg,260509-HPA_DNMT3a_Patches影像檔案\256\1\DNMT3A_1939_block2.jpg_x1280_y1024.jpg
51,64,28,11,12,62,60811,10060,16.54,96.88,54.9,21.57,23.53,3,3,9,high,1,DNMT3A_1939_block2.jpg_x1280_y1280.jpg,DNMT3A_1939_block2.jpg,260509-HPA_DNMT3a_Patches影像檔案\256\1\DNMT3A_1939_block2.jpg_x1280_y1280.jpg
54,65,43,7,4,64,60478,13451,22.24,98.46,79.63,12.96,7.41,2,3,6,high,1,DNMT3A_1939_block2.jpg_x1280_y1536.jpg,DNMT3A_1939_block2.jpg,260509-HPA_DNMT3a_Patches影像檔案\256\1\DNMT3A_1939_block2.jpg_x1280_y1536.jpg
68,75,48,17,3,75,61227,17214,28.12,100.0,70.59,25.0,4.41,2,3,6,high,1,DNMT3A_1939_block2.jpg_x1280_y1792.jpg,DNMT3A_1939_block2.jpg,260509-HPA_DNMT3a_Patches影像檔案\256\1\DNMT3A_1939_block2.jpg_x1280_y1792.jpg
47,69,30,11,6,69,62228,14034,22.55,100.0,63.83,23.4,12.77,3,3,9,high,1,DNMT3A_1939_block2.jpg_x1280_y2048.jpg,DNMT3A_1939_block2.jpg,260509-HPA_DNMT3a_Patches影像檔案\256\1\DNMT3A_1939_block2.jpg_x1280_y2048.jpg
48,61,38,9,1,59,59286,11479,19.36,96.72,79.17,18.75,2.08,2,3,6,high,1,DNMT3A_1939_block2.jpg_x1280_y2304.jpg,DNMT3A_1939_block2.jpg,260509-HPA_DNMT3a_Patches影像檔案\256\1\DNMT3A_1939_block2.jpg_x1280_y2304.jpg
59,63,30,19,10,62,53721,9503,17.69,98.41,50.85,32.2,16.95,3,3,9,high,1,DNMT3A_1939_block2.jpg_x1280_y256.jpg,DNMT3A_1939_block2.jpg,260509-HPA_DNMT3a_Patches影像檔案\256\1\DNMT3A_1939_block2.jpg_x1280_y256.jpg
33,42,23,6,4,42,38002,6428,16.91,100.0,69.7,18.18,12.12,3,3,9,high,1,DNMT3A_1939_block2.jpg_x1280_y2560.jpg,DNMT3A_1939_block2.jpg,260509-HPA_DNMT3a_Patches影像檔案\256\1\DNMT3A_1939_block2.jpg_x1280_y2560.jpg
57,60,34,17,6,60,62259,12745,20.47,100.0,59.65,29.82,10.53,3,3,9,high,1,DNMT3A_1939_block2.jpg_x1280_y512.jpg,DNMT3A_1939_block2.jpg,260509-HPA_DNMT3a_Patches影像檔案\256\1\DNMT3A_1939_block2.jpg_x1280_y512.jpg
58,71,34,15,9,69,62236,10424,16.75,97.18,58.62,25.86,15.52,3,3,9,high,1,DNMT3A_1939_block2.jpg_x1280_y768.jpg,DNMT3A_1939_block2.jpg,260509-HPA_DNMT3a_Patches影像檔案\256\1\DNMT3A_1939_block2.jpg_x1280_y768.jpg
53,54,16,16,21,54,62214,4917,7.9,100.0,30.19,30.19,39.62,3,3,9,high,1,DNMT3A_1939_block2.jpg_x1536_y1024.jpg,DNMT3A_1939_block2.jpg,260509-HPA_DNMT3a_Patches影像檔案\256\1\DNMT3A_1939_block2.jpg_x1536_y1024.jpg
56,69,39,13,4,68,61501,13645,22.19,98.55,69.64,23.21,7.14,2,3,6,high,1,DNMT3A_1939_block2.jpg_x1536_y1280.jpg,DNMT3A_1939_block2.jpg,260509-HPA_DNMT3a_Patches影像檔案\256\1\DNMT3A_1939_block2.jpg_x1536_y1280.jpg
43,51,33,6,4,50,61529,13311,21.63,98.04,76.74,13.95,9.3,2,3,6,high,1,DNMT3A_1939_block2.jpg_x1536_y1536.jpg,DNMT3A_1939_block2.jpg,260509-HPA_DNMT3a_Patches影像檔案\256\1\DNMT3A_1939_block2.jpg_x1536_y1536.jpg
49,47,39,8,2,47,61349,16036,26.14,100.0,79.59,16.33,4.08,2,3,6,high,1,DNMT3A_1939_block2.jpg_x1536_y1792.jpg,DNMT3A_1939_block2.jpg,260509-HPA_DNMT3a_Patches影像檔案\256\1\DNMT3A_1939_block2.jpg_x1536_y1792.jpg
27,37,20,5,2,31,58360,10799,18.5,83.78,74.07,18.52,7.41,2,3,6,high,1,DNMT3A_1939_block2.jpg_x1536_y2048.jpg,DNMT3A_1939_block2.jpg,260509-HPA_DNMT3a_Patches影像檔案\256\1\DNMT3A_1939_block2.jpg_x1536_y2048.jpg
36,49,22,8,6,48,57777,7008,12.13,97.96,61.11,22.22,16.67,3,3,9,high,1,DNMT3A_1939_block2.jpg_x1536_y2304.jpg,DNMT3A_1939_block2.jpg,260509-HPA_DNMT3a_Patches影像檔案\256\1\DNMT3A_1939_block2.jpg_x1536_y2304.jpg
55,63,34,17,4,63,51541,11289,21.9,100.0,61.82,30.91,7.27,2,3,6,high,1,DNMT3A_1939_block2.jpg_x1536_y256.jpg,DNMT3A_1939_block2.jpg,260509-HPA_DNMT3a_Patches影像檔案\256\1\DNMT3A_1939_block2.jpg_x1536_y256.jpg
57,61,39,16,2,57,58262,11208,19.24,93.44,68.42,28.07,3.51,2,3,6,high,1,DNMT3A_1939_block2.jpg_x1536_y512.jpg,DNMT3A_1939_block2.jpg,260509-HPA_DNMT3a_Patches影像檔案\256\1\DNMT3A_1939_block2.jpg_x1536_y512.jpg
81,81,57,15,9,78,62233,12998,20.89,96.3,70.37,18.52,11.11,2,3,6,high,1,DNMT3A_1939_block2.jpg_x1536_y768.jpg,DNMT3A_1939_block2.jpg,260509-HPA_DNMT3a_Patches影像檔案\256\1\DNMT3A_1939_block2.jpg_x1536_y768.jpg
68,72,39,17,12,69,61516,12552,20.4,95.83,57.35,25.0,17.65,3,3,9,high,1,DNMT3A_1939_block2.jpg_x1792_y1024.jpg,DNMT3A_1939_block2.jpg,260509-HPA_DNMT3a_Patches影像檔案\256\1\DNMT3A_1939_block2.jpg_x1792_y1024.jpg
43,52,15,10,18,51,62168,5207,8.38,98.08,34.88,23.26,41.86,3,3,9,high,1,DNMT3A_1939_block2.jpg_x1792_y1280.jpg,DNMT3A_1939_block2.jpg,260509-HPA_DNMT3a_Patches影像檔案\256\1\DNMT3A_1939_block2.jpg_x1792_y1280.jpg
33,43,22,4,7,39,60551,9774,16.14,90.7,66.67,12.12,21.21,3,3,9,high,1,DNMT3A_1939_block2.jpg_x1792_y1536.jpg,DNMT3A_1939_block2.jpg,260509-HPA_DNMT3a_Patches影像檔案\256\1\DNMT3A_1939_block2.jpg_x1792_y1536.jpg
34,47,25,4,5,42,59561,11935,20.04,89.36,73.53,11.76,14.71,3,3,9,high,1,DNMT3A_1939_block2.jpg_x1792_y1792.jpg,DNMT3A_1939_block2.jpg,260509-HPA_DNMT3a_Patches影像檔案\256\1\DNMT3A_1939_block2.jpg_x1792_y1792.jpg
40,51,26,7,7,49,58514,10472,17.9,96.08,65.0,17.5,17.5,3,3,9,high,1,DNMT3A_1939_block2.jpg_x1792_y2048.jpg,DNMT3A_1939_block2.jpg,260509-HPA_DNMT3a_Patches影像檔案\256\1\DNMT3A_1939_block2.jpg_x1792_y2048.jpg
50,56,30,7,13,55,58838,5574,9.47,98.21,60.0,14.0,26.0,3,3,9,high,1,DNMT3A_1939_block2.jpg_x1792_y2304.jpg,DNMT3A_1939_block2.jpg,260509-HPA_DNMT3a_Patches影像檔案\256\1\DNMT3A_1939_block2.jpg_x1792_y2304.jpg
35,33,23,6,6,33,30606,5441,17.78,100.0,65.71,17.14,17.14,3,3,9,high,1,DNMT3A_1939_block2.jpg_x1792_y256.jpg,DNMT3A_1939_block2.jpg,260509-HPA_DNMT3a_Patches影像檔案\256\1\DNMT3A_1939_block2.jpg_x1792_y256.jpg
57,69,38,12,7,69,59350,12825,21.61,100.0,66.67,21.05,12.28,3,3,9,high,1,DNMT3A_1939_block2.jpg_x1792_y512.jpg,DNMT3A_1939_block2.jpg,260509-HPA_DNMT3a_Patches影像檔案\256\1\DNMT3A_1939_block2.jpg_x1792_y512.jpg
65,76,38,18,9,75,58893,11538,19.59,98.68,58.46,27.69,13.85,3,3,9,high,1,DNMT3A_1939_block2.jpg_x1792_y768.jpg,DNMT3A_1939_block2.jpg,260509-HPA_DNMT3a_Patches影像檔案\256\1\DNMT3A_1939_block2.jpg_x1792_y768.jpg
66,67,43,17,6,66,60149,14320,23.81,98.51,65.15,25.76,9.09,2,3,6,high,1,DNMT3A_1939_block2.jpg_x2048_y1024.jpg,DNMT3A_1939_block2.jpg,260509-HPA_DNMT3a_Patches影像檔案\256\1\DNMT3A_1939_block2.jpg_x2048_y1024.jpg
43,44,29,11,3,44,60169,12663,21.05,100.0,67.44,25.58,6.98,2,3,6,high,1,DNMT3A_1939_block2.jpg_x2048_y1280.jpg,DNMT3A_1939_block2.jpg,260509-HPA_DNMT3a_Patches影像檔案\256\1\DNMT3A_1939_block2.jpg_x2048_y1280.jpg
50,53,20,11,19,53,59662,4657,7.81,100.0,40.0,22.0,38.0,3,3,9,high,1,DNMT3A_1939_block2.jpg_x2048_y1536.jpg,DNMT3A_1939_block2.jpg,260509-HPA_DNMT3a_Patches影像檔案\256\1\DNMT3A_1939_block2.jpg_x2048_y1536.jpg
0,46,0,0,0,41,61081,0,0.0,89.13,0.0,0.0,0.0,2,3,6,high,1,DNMT3A_1939_block2.jpg_x2048_y1792.jpg,DNMT3A_1939_block2.jpg,260509-HPA_DNMT3a_Patches影像檔案\256\1\DNMT3A_1939_block2.jpg_x2048_y1792.jpg
50,55,37,9,4,54,59617,13931,23.37,98.18,74.0,18.0,8.0,2,3,6,high,1,DNMT3A_1939_block2.jpg_x2048_y2048.jpg,DNMT3A_1939_block2.jpg,260509-HPA_DNMT3a_Patches影像檔案\256\1\DNMT3A_1939_block2.jpg_x2048_y2048.jpg
44,62,30,8,6,60,51291,7626,14.87,96.77,68.18,18.18,13.64,3,3,9,high,1,DNMT3A_1939_block2.jpg_x2048_y2304.jpg,DNMT3A_1939_block2.jpg,260509-HPA_DNMT3a_Patches影像檔案\256\1\DNMT3A_1939_block2.jpg_x2048_y2304.jpg
59,57,35,19,5,54,55653,11825,21.25,94.74,59.32,32.2,8.47,2,3,6,high,1,DNMT3A_1939_block2.jpg_x2048_y512.jpg,DNMT3A_1939_block2.jpg,260509-HPA_DNMT3a_Patches影像檔案\256\1\DNMT3A_1939_block2.jpg_x2048_y512.jpg
43,64,27,11,5,61,57412,9946,17.32,95.31,62.79,25.58,11.63,3,3,9,high,1,DNMT3A_1939_block2.jpg_x2048_y768.jpg,DNMT3A_1939_block2.jpg,260509-HPA_DNMT3a_Patches影像檔案\256\1\DNMT3A_1939_block2.jpg_x2048_y768.jpg
62,63,40,17,5,62,59472,12268,20.63,98.41,64.52,27.42,8.06,2,3,6,high,1,DNMT3A_1939_block2.jpg_x2304_y1024.jpg,DNMT3A_1939_block2.jpg,260509-HPA_DNMT3a_Patches影像檔案\256\1\DNMT3A_1939_block2.jpg_x2304_y1024.jpg
46,50,23,17,6,46,59757,10461,17.51,92.0,50.0,36.96,13.04,3,3,9,high,1,DNMT3A_1939_block2.jpg_x2304_y1280.jpg,DNMT3A_1939_block2.jpg,260509-HPA_DNMT3a_Patches影像檔案\256\1\DNMT3A_1939_block2.jpg_x2304_y1280.jpg
49,56,14,13,22,51,62119,4698,7.56,91.07,28.57,26.53,44.9,3,3,9,high,1,DNMT3A_1939_block2.jpg_x2304_y1536.jpg,DNMT3A_1939_block2.jpg,260509-HPA_DNMT3a_Patches影像檔案\256\1\DNMT3A_1939_block2.jpg_x2304_y1536.jpg
53,53,19,14,20,53,61334,4801,7.83,100.0,35.85,26.42,37.74,3,3,9,high,1,DNMT3A_1939_block2.jpg_x2304_y1792.jpg,DNMT3A_1939_block2.jpg,260509-HPA_DNMT3a_Patches影像檔案\256\1\DNMT3A_1939_block2.jpg_x2304_y1792.jpg
57,58,44,9,4,58,55678,11071,19.88,100.0,77.19,15.79,7.02,2,3,6,high,1,DNMT3A_1939_block2.jpg_x2304_y2048.jpg,DNMT3A_1939_block2.jpg,260509-HPA_DNMT3a_Patches影像檔案\256\1\DNMT3A_1939_block2.jpg_x2304_y2048.jpg
41,58,24,12,5,57,48819,7867,16.11,98.28,58.54,29.27,12.2,3,3,9,high,1,DNMT3A_1939_block2.jpg_x2304_y768.jpg,DNMT3A_1939_block2.jpg,260509-HPA_DNMT3a_Patches影像檔案\256\1\DNMT3A_1939_block2.jpg_x2304_y768.jpg
22,26,18,0,4,26,22655,4959,21.89,100.0,81.82,0.0,18.18,3,3,9,high,1,DNMT3A_1939_block2.jpg_x2560_y1024.jpg,DNMT3A_1939_block2.jpg,260509-HPA_DNMT3a_Patches影像檔案\256\1\DNMT3A_1939_block2.jpg_x2560_y1024.jpg
32,35,27,4,1,34,28570,4211,14.74,97.14,84.38,12.5,3.12,2,3,6,high,1,DNMT3A_1939_block2.jpg_x2560_y1280.jpg,DNMT3A_1939_block2.jpg,260509-HPA_DNMT3a_Patches影像檔案\256\1\DNMT3A_1939_block2.jpg_x2560_y1280.jpg
37,51,23,9,5,51,36081,6515,18.06,100.0,62.16,24.32,13.51,3,3,9,high,1,DNMT3A_1939_block2.jpg_x256_y1024.jpg,DNMT3A_1939_block2.jpg,260509-HPA_DNMT3a_Patches影像檔案\256\1\DNMT3A_1939_block2.jpg_x256_y1024.jpg
59,69,34,16,9,68,46212,8195,17.73,98.55,57.63,27.12,15.25,3,3,9,high,1,DNMT3A_1939_block2.jpg_x256_y1280.jpg,DNMT3A_1939_block2.jpg,260509-HPA_DNMT3a_Patches影像檔案\256\1\DNMT3A_1939_block2.jpg_x256_y1280.jpg
39,39,29,7,3,39,43246,9084,21.01,100.0,74.36,17.95,7.69,2,3,6,high,1,DNMT3A_1939_block2.jpg_x256_y1536.jpg,DNMT3A_1939_block2.jpg,260509-HPA_DNMT3a_Patches影像檔案\256\1\DNMT3A_1939_block2.jpg_x256_y1536.jpg
40,34,29,10,1,34,31039,7444,23.98,100.0,72.5,25.0,2.5,2,3,6,high,1,DNMT3A_1939_block2.jpg_x256_y1792.jpg,DNMT3A_1939_block2.jpg,260509-HPA_DNMT3a_Patches影像檔案\256\1\DNMT3A_1939_block2.jpg_x256_y1792.jpg
12,14,7,5,0,14,18072,3179,17.59,100.0,58.33,41.67,0.0,2,3,6,high,1,DNMT3A_1939_block2.jpg_x256_y768.jpg,DNMT3A_1939_block2.jpg,260509-HPA_DNMT3a_Patches影像檔案\256\1\DNMT3A_1939_block2.jpg_x256_y768.jpg
51,61,31,11,9,60,62167,11061,17.79,98.36,60.78,21.57,17.65,3,3,9,high,1,DNMT3A_1939_block2.jpg_x512_y1024.jpg,DNMT3A_1939_block2.jpg,260509-HPA_DNMT3a_Patches影像檔案\256\1\DNMT3A_1939_block2.jpg_x512_y1024.jpg
46,53,38,5,3,53,58952,13105,22.23,100.0,82.61,10.87,6.52,2,3,6,high,1,DNMT3A_1939_block2.jpg_x512_y1280.jpg,DNMT3A_1939_block2.jpg,260509-HPA_DNMT3a_Patches影像檔案\256\1\DNMT3A_1939_block2.jpg_x512_y1280.jpg
66,70,50,12,4,70,59929,14126,23.57,100.0,75.76,18.18,6.06,2,3,6,high,1,DNMT3A_1939_block2.jpg_x512_y1536.jpg,DNMT3A_1939_block2.jpg,260509-HPA_DNMT3a_Patches影像檔案\256\1\DNMT3A_1939_block2.jpg_x512_y1536.jpg
63,71,45,13,5,71,62235,12318,19.79,100.0,71.43,20.63,7.94,2,3,6,high,1,DNMT3A_1939_block2.jpg_x512_y1792.jpg,DNMT3A_1939_block2.jpg,260509-HPA_DNMT3a_Patches影像檔案\256\1\DNMT3A_1939_block2.jpg_x512_y1792.jpg
69,65,45,18,6,64,59258,13016,21.96,98.46,65.22,26.09,8.7,2,3,6,high,1,DNMT3A_1939_block2.jpg_x512_y2048.jpg,DNMT3A_1939_block2.jpg,260509-HPA_DNMT3a_Patches影像檔案\256\1\DNMT3A_1939_block2.jpg_x512_y2048.jpg
17,19,13,1,3,19,15547,3062,19.7,100.0,76.47,5.88,17.65,3,3,9,high,1,DNMT3A_1939_block2.jpg_x512_y2304.jpg,DNMT3A_1939_block2.jpg,260509-HPA_DNMT3a_Patches影像檔案\256\1\DNMT3A_1939_block2.jpg_x512_y2304.jpg
29,43,14,9,6,41,39276,6293,16.02,95.35,48.28,31.03,20.69,3,3,9,high,1,DNMT3A_1939_block2.jpg_x512_y512.jpg,DNMT3A_1939_block2.jpg,260509-HPA_DNMT3a_Patches影像檔案\256\1\DNMT3A_1939_block2.jpg_x512_y512.jpg
57,62,46,6,5,58,62230,15911,25.57,93.55,80.7,10.53,8.77,2,3,6,high,1,DNMT3A_1939_block2.jpg_x512_y768.jpg,DNMT3A_1939_block2.jpg,260509-HPA_DNMT3a_Patches影像檔案\256\1\DNMT3A_1939_block2.jpg_x512_y768.jpg
48,49,36,7,5,48,58144,12515,21.52,97.96,75.0,14.58,10.42,2,3,6,high,1,DNMT3A_1939_block2.jpg_x768_y1024.jpg,DNMT3A_1939_block2.jpg,260509-HPA_DNMT3a_Patches影像檔案\256\1\DNMT3A_1939_block2.jpg_x768_y1024.jpg
40,46,22,12,6,43,58658,13001,22.16,93.48,55.0,30.0,15.0,3,3,9,high,1,DNMT3A_1939_block2.jpg_x768_y1280.jpg,DNMT3A_1939_block2.jpg,260509-HPA_DNMT3a_Patches影像檔案\256\1\DNMT3A_1939_block2.jpg_x768_y1280.jpg
52,54,42,7,3,54,60565,15365,25.37,100.0,80.77,13.46,5.77,2,3,6,high,1,DNMT3A_1939_block2.jpg_x768_y1536.jpg,DNMT3A_1939_block2.jpg,260509-HPA_DNMT3a_Patches影像檔案\256\1\DNMT3A_1939_block2.jpg_x768_y1536.jpg
55,62,45,6,4,60,60376,11498,19.04,96.77,81.82,10.91,7.27,2,3,6,high,1,DNMT3A_1939_block2.jpg_x768_y1792.jpg,DNMT3A_1939_block2.jpg,260509-HPA_DNMT3a_Patches影像檔案\256\1\DNMT3A_1939_block2.jpg_x768_y1792.jpg
87,80,59,21,7,77,62258,14679,23.58,96.25,67.82,24.14,8.05,2,3,6,high,1,DNMT3A_1939_block2.jpg_x768_y2048.jpg,DNMT3A_1939_block2.jpg,260509-HPA_DNMT3a_Patches影像檔案\256\1\DNMT3A_1939_block2.jpg_x768_y2048.jpg
62,59,49,7,6,59,58958,12796,21.7,100.0,79.03,11.29,9.68,2,3,6,high,1,DNMT3A_1939_block2.jpg_x768_y2304.jpg,DNMT3A_1939_block2.jpg,260509-HPA_DNMT3a_Patches影像檔案\256\1\DNMT3A_1939_block2.jpg_x768_y2304.jpg
22,24,17,5,0,24,18024,4409,24.46,100.0,77.27,22.73,0.0,2,3,6,high,1,DNMT3A_1939_block2.jpg_x768_y256.jpg,DNMT3A_1939_block2.jpg,260509-HPA_DNMT3a_Patches影像檔案\256\1\DNMT3A_1939_block2.jpg_x768_y256.jpg
64,67,41,12,11,64,59928,10777,17.98,95.52,64.06,18.75,17.19,3,3,9,high,1,DNMT3A_1939_block2.jpg_x768_y512.jpg,DNMT3A_1939_block2.jpg,260509-HPA_DNMT3a_Patches影像檔案\256\1\DNMT3A_1939_block2.jpg_x768_y512.jpg
59,68,35,12,12,68,62175,9846,15.84,100.0,59.32,20.34,20.34,3,3,9,high,1,DNMT3A_1939_block2.jpg_x768_y768.jpg,DNMT3A_1939_block2.jpg,260509-HPA_DNMT3a_Patches影像檔案\256\1\DNMT3A_1939_block2.jpg_x768_y768.jpg
12,18,10,1,1,18,48358,10680,22.09,100.0,83.33,8.33,8.33,2,3,6,high,1,DNMT3A_1977_block1.jpg_x1280_y2304.jpg,DNMT3A_1977_block1.jpg,260509-HPA_DNMT3a_Patches影像檔案\256\1\DNMT3A_1977_block1.jpg_x1280_y2304.jpg
10,12,4,3,3,12,45342,6139,13.54,100.0,40.0,30.0,30.0,3,3,9,high,1,DNMT3A_1977_block1.jpg_x1280_y2560.jpg,DNMT3A_1977_block1.jpg,260509-HPA_DNMT3a_Patches影像檔案\256\1\DNMT3A_1977_block1.jpg_x1280_y2560.jpg
13,19,6,2,5,19,41078,5373,13.08,100.0,46.15,15.38,38.46,3,3,9,high,1,DNMT3A_1977_block1.jpg_x1536_y2304.jpg,DNMT3A_1977_block1.jpg,260509-HPA_DNMT3a_Patches影像檔案\256\1\DNMT3A_1977_block1.jpg_x1536_y2304.jpg
12,15,9,0,3,15,29733,3385,11.38,100.0,75.0,0.0,25.0,3,3,9,high,1,DNMT3A_1977_block1.jpg_x512_y2304.jpg,DNMT3A_1977_block1.jpg,260509-HPA_DNMT3a_Patches影像檔案\256\1\DNMT3A_1977_block1.jpg_x512_y2304.jpg
8,20,5,2,1,19,22735,4024,17.7,95.0,62.5,25.0,12.5,3,3,9,high,1,DNMT3A_1977_block1.jpg_x512_y512.jpg,DNMT3A_1977_block1.jpg,260509-HPA_DNMT3a_Patches影像檔案\256\1\DNMT3A_1977_block1.jpg_x512_y512.jpg
9,10,7,1,1,10,47848,5591,11.68,100.0,77.78,11.11,11.11,2,3,6,high,1,DNMT3A_1977_block1.jpg_x768_y2304.jpg,DNMT3A_1977_block1.jpg,260509-HPA_DNMT3a_Patches影像檔案\256\1\DNMT3A_1977_block1.jpg_x768_y2304.jpg
7,10,4,2,1,10,18219,3006,16.5,100.0,57.14,28.57,14.29,3,3,9,high,1,DNMT3A_1977_block1.jpg_x768_y2560.jpg,DNMT3A_1977_block1.jpg,260509-HPA_DNMT3a_Patches影像檔案\256\1\DNMT3A_1977_block1.jpg_x768_y2560.jpg
13,14,10,2,1,14,9357,2038,21.78,100.0,76.92,15.38,7.69,2,3,6,high,1,DNMT3A_2091_block1.jpg_x0_y1536.jpg,DNMT3A_2091_block1.jpg,260509-HPA_DNMT3a_Patches影像檔案\256\1\DNMT3A_2091_block1.jpg_x0_y1536.jpg
34,33,30,3,1,33,46696,6213,13.31,100.0,88.24,8.82,2.94,2,3,6,high,1,DNMT3A_2091_block1.jpg_x1024_y1024.jpg,DNMT3A_2091_block1.jpg,260509-HPA_DNMT3a_Patches影像檔案\256\1\DNMT3A_2091_block1.jpg_x1024_y1024.jpg
32,37,28,3,1,37,50639,11918,23.54,100.0,87.5,9.38,3.12,2,3,6,high,1,DNMT3A_2091_block1.jpg_x1024_y1280.jpg,DNMT3A_2091_block1.jpg,260509-HPA_DNMT3a_Patches影像檔案\256\1\DNMT3A_2091_block1.jpg_x1024_y1280.jpg
33,47,30,2,1,47,54169,12217,22.55,100.0,90.91,6.06,3.03,2,3,6,high,1,DNMT3A_2091_block1.jpg_x1024_y1536.jpg,DNMT3A_2091_block1.jpg,260509-HPA_DNMT3a_Patches影像檔案\256\1\DNMT3A_2091_block1.jpg_x1024_y1536.jpg
54,53,45,7,2,53,60819,17844,29.34,100.0,83.33,12.96,3.7,2,3,6,high,1,DNMT3A_2091_block1.jpg_x1024_y1792.jpg,DNMT3A_2091_block1.jpg,260509-HPA_DNMT3a_Patches影像檔案\256\1\DNMT3A_2091_block1.jpg_x1024_y1792.jpg
51,58,39,9,3,58,61217,17688,28.89,100.0,76.47,17.65,5.88,2,3,6,high,1,DNMT3A_2091_block1.jpg_x1024_y2048.jpg,DNMT3A_2091_block1.jpg,260509-HPA_DNMT3a_Patches影像檔案\256\1\DNMT3A_2091_block1.jpg_x1024_y2048.jpg
66,65,55,9,2,65,62205,18036,28.99,100.0,83.33,13.64,3.03,2,3,6,high,1,DNMT3A_2091_block1.jpg_x1024_y2304.jpg,DNMT3A_2091_block1.jpg,260509-HPA_DNMT3a_Patches影像檔案\256\1\DNMT3A_2091_block1.jpg_x1024_y2304.jpg
56,64,46,8,2,64,55031,15913,28.92,100.0,82.14,14.29,3.57,2,3,6,high,1,DNMT3A_2091_block1.jpg_x1024_y256.jpg,DNMT3A_2091_block1.jpg,260509-HPA_DNMT3a_Patches影像檔案\256\1\DNMT3A_2091_block1.jpg_x1024_y256.jpg
39,43,28,8,3,43,52587,15462,29.4,100.0,71.79,20.51,7.69,2,3,6,high,1,DNMT3A_2091_block1.jpg_x1024_y2560.jpg,DNMT3A_2091_block1.jpg,260509-HPA_DNMT3a_Patches影像檔案\256\1\DNMT3A_2091_block1.jpg_x1024_y2560.jpg
48,68,36,10,2,68,57131,15369,26.9,100.0,75.0,20.83,4.17,2,3,6,high,1,DNMT3A_2091_block1.jpg_x1024_y512.jpg,DNMT3A_2091_block1.jpg,260509-HPA_DNMT3a_Patches影像檔案\256\1\DNMT3A_2091_block1.jpg_x1024_y512.jpg
41,53,35,6,0,53,51072,8698,17.03,100.0,85.37,14.63,0.0,2,3,6,high,1,DNMT3A_2091_block1.jpg_x1024_y768.jpg,DNMT3A_2091_block1.jpg,260509-HPA_DNMT3a_Patches影像檔案\256\1\DNMT3A_2091_block1.jpg_x1024_y768.jpg
23,24,17,5,1,24,13671,3753,27.45,100.0,73.91,21.74,4.35,2,3,6,high,1,DNMT3A_2091_block1.jpg_x1280_y0.jpg,DNMT3A_2091_block1.jpg,260509-HPA_DNMT3a_Patches影像檔案\256\1\DNMT3A_2091_block1.jpg_x1280_y0.jpg
56,63,42,12,2,63,58624,13467,22.97,100.0,75.0,21.43,3.57,2,3,6,high,1,DNMT3A_2091_block1.jpg_x1280_y1024.jpg,DNMT3A_2091_block1.jpg,260509-HPA_DNMT3a_Patches影像檔案\256\1\DNMT3A_2091_block1.jpg_x1280_y1024.jpg
37,58,30,5,2,58,57652,15034,26.08,100.0,81.08,13.51,5.41,2,3,6,high,1,DNMT3A_2091_block1.jpg_x1280_y1280.jpg,DNMT3A_2091_block1.jpg,260509-HPA_DNMT3a_Patches影像檔案\256\1\DNMT3A_2091_block1.jpg_x1280_y1280.jpg
38,48,26,7,5,48,54800,8739,15.95,100.0,68.42,18.42,13.16,3,3,9,high,1,DNMT3A_2091_block1.jpg_x1280_y1536.jpg,DNMT3A_2091_block1.jpg,260509-HPA_DNMT3a_Patches影像檔案\256\1\DNMT3A_2091_block1.jpg_x1280_y1536.jpg
35,39,29,5,1,39,56280,11428,20.31,100.0,82.86,14.29,2.86,2,3,6,high,1,DNMT3A_2091_block1.jpg_x1280_y1792.jpg,DNMT3A_2091_block1.jpg,260509-HPA_DNMT3a_Patches影像檔案\256\1\DNMT3A_2091_block1.jpg_x1280_y1792.jpg
30,40,21,7,2,40,56075,15535,27.7,100.0,70.0,23.33,6.67,2,3,6,high,1,DNMT3A_2091_block1.jpg_x1280_y2048.jpg,DNMT3A_2091_block1.jpg,260509-HPA_DNMT3a_Patches影像檔案\256\1\DNMT3A_2091_block1.jpg_x1280_y2048.jpg
23,34,16,7,0,34,52597,12604,23.96,100.0,69.57,30.43,0.0,2,3,6,high,1,DNMT3A_2091_block1.jpg_x1280_y2304.jpg,DNMT3A_2091_block1.jpg,260509-HPA_DNMT3a_Patches影像檔案\256\1\DNMT3A_2091_block1.jpg_x1280_y2304.jpg
86,78,51,26,9,78,62209,17860,28.71,100.0,59.3,30.23,10.47,3,3,9,high,1,DNMT3A_2091_block1.jpg_x1280_y256.jpg,DNMT3A_2091_block1.jpg,260509-HPA_DNMT3a_Patches影像檔案\256\1\DNMT3A_2091_block1.jpg_x1280_y256.jpg
34,44,28,4,2,44,54729,13785,25.19,100.0,82.35,11.76,5.88,2,3,6,high,1,DNMT3A_2091_block1.jpg_x1280_y2560.jpg,DNMT3A_2091_block1.jpg,260509-HPA_DNMT3a_Patches影像檔案\256\1\DNMT3A_2091_block1.jpg_x1280_y2560.jpg
62,71,51,8,3,71,62235,17971,28.88,100.0,82.26,12.9,4.84,2,3,6,high,1,DNMT3A_2091_block1.jpg_x1280_y512.jpg,DNMT3A_2091_block1.jpg,260509-HPA_DNMT3a_Patches影像檔案\256\1\DNMT3A_2091_block1.jpg_x1280_y512.jpg
59,66,46,10,3,66,59988,15195,25.33,100.0,77.97,16.95,5.08,2,3,6,high,1,DNMT3A_2091_block1.jpg_x1280_y768.jpg,DNMT3A_2091_block1.jpg,260509-HPA_DNMT3a_Patches影像檔案\256\1\DNMT3A_2091_block1.jpg_x1280_y768.jpg
19,19,10,8,1,19,11144,3079,27.63,100.0,52.63,42.11,5.26,2,3,6,high,1,DNMT3A_2091_block1.jpg_x1536_y0.jpg,DNMT3A_2091_block1.jpg,260509-HPA_DNMT3a_Patches影像檔案\256\1\DNMT3A_2091_block1.jpg_x1536_y0.jpg
84,85,60,19,5,85,62208,18116,29.12,100.0,71.43,22.62,5.95,2,3,6,high,1,DNMT3A_2091_block1.jpg_x1536_y1024.jpg,DNMT3A_2091_block1.jpg,260509-HPA_DNMT3a_Patches影像檔案\256\1\DNMT3A_2091_block1.jpg_x1536_y1024.jpg
85,88,68,13,4,88,61574,17948,29.15,100.0,80.0,15.29,4.71,2,3,6,high,1,DNMT3A_2091_block1.jpg_x1536_y1280.jpg,DNMT3A_2091_block1.jpg,260509-HPA_DNMT3a_Patches影像檔案\256\1\DNMT3A_2091_block1.jpg_x1536_y1280.jpg
30,39,23,3,4,39,51725,6052,11.7,100.0,76.67,10.0,13.33,3,3,9,high,1,DNMT3A_2091_block1.jpg_x1536_y1536.jpg,DNMT3A_2091_block1.jpg,260509-HPA_DNMT3a_Patches影像檔案\256\1\DNMT3A_2091_block1.jpg_x1536_y1536.jpg
30,30,17,11,2,30,53085,9195,17.32,100.0,56.67,36.67,6.67,2,3,6,high,1,DNMT3A_2091_block1.jpg_x1536_y1792.jpg,DNMT3A_2091_block1.jpg,260509-HPA_DNMT3a_Patches影像檔案\256\1\DNMT3A_2091_block1.jpg_x1536_y1792.jpg
29,40,27,1,1,40,47384,8709,18.38,100.0,93.1,3.45,3.45,1,3,3,low,1,DNMT3A_2091_block1.jpg_x1536_y2048.jpg,DNMT3A_2091_block1.jpg,260509-HPA_DNMT3a_Patches影像檔案\256\1\DNMT3A_2091_block1.jpg_x1536_y2048.jpg
33,41,30,2,1,41,49054,8490,17.31,100.0,90.91,6.06,3.03,2,3,6,high,1,DNMT3A_2091_block1.jpg_x1536_y2304.jpg,DNMT3A_2091_block1.jpg,260509-HPA_DNMT3a_Patches影像檔案\256\1\DNMT3A_2091_block1.jpg_x1536_y2304.jpg
79,80,62,15,2,80,62240,17997,28.92,100.0,78.48,18.99,2.53,2,3,6,high,1,DNMT3A_2091_block1.jpg_x1536_y256.jpg,DNMT3A_2091_block1.jpg,260509-HPA_DNMT3a_Patches影像檔案\256\1\DNMT3A_2091_block1.jpg_x1536_y256.jpg
38,42,35,3,0,41,48912,11125,22.74,97.62,92.11,7.89,0.0,2,3,6,high,1,DNMT3A_2091_block1.jpg_x1536_y2560.jpg,DNMT3A_2091_block1.jpg,260509-HPA_DNMT3a_Patches影像檔案\256\1\DNMT3A_2091_block1.jpg_x1536_y2560.jpg
84,76,55,22,7,76,62205,18025,28.98,100.0,65.48,26.19,8.33,2,3,6,high,1,DNMT3A_2091_block1.jpg_x1536_y512.jpg,DNMT3A_2091_block1.jpg,260509-HPA_DNMT3a_Patches影像檔案\256\1\DNMT3A_2091_block1.jpg_x1536_y512.jpg
88,74,66,14,8,74,62081,17955,28.92,100.0,75.0,15.91,9.09,2,3,6,high,1,DNMT3A_2091_block1.jpg_x1536_y768.jpg,DNMT3A_2091_block1.jpg,260509-HPA_DNMT3a_Patches影像檔案\256\1\DNMT3A_2091_block1.jpg_x1536_y768.jpg
81,71,67,11,3,71,62133,18075,29.09,100.0,82.72,13.58,3.7,2,3,6,high,1,DNMT3A_2091_block1.jpg_x1792_y1024.jpg,DNMT3A_2091_block1.jpg,260509-HPA_DNMT3a_Patches影像檔案\256\1\DNMT3A_2091_block1.jpg_x1792_y1024.jpg
70,84,62,6,2,84,60217,14822,24.61,100.0,88.57,8.57,2.86,2,3,6,high,1,DNMT3A_2091_block1.jpg_x1792_y1280.jpg,DNMT3A_2091_block1.jpg,260509-HPA_DNMT3a_Patches影像檔案\256\1\DNMT3A_2091_block1.jpg_x1792_y1280.jpg
40,50,30,8,2,50,52376,10735,20.5,100.0,75.0,20.0,5.0,2,3,6,high,1,DNMT3A_2091_block1.jpg_x1792_y1536.jpg,DNMT3A_2091_block1.jpg,260509-HPA_DNMT3a_Patches影像檔案\256\1\DNMT3A_2091_block1.jpg_x1792_y1536.jpg
27,34,23,3,1,34,40319,6591,16.35,100.0,85.19,11.11,3.7,2,3,6,high,1,DNMT3A_2091_block1.jpg_x1792_y2304.jpg,DNMT3A_2091_block1.jpg,260509-HPA_DNMT3a_Patches影像檔案\256\1\DNMT3A_2091_block1.jpg_x1792_y2304.jpg
67,70,58,9,0,70,57716,16108,27.91,100.0,86.57,13.43,0.0,2,3,6,high,1,DNMT3A_2091_block1.jpg_x1792_y256.jpg,DNMT3A_2091_block1.jpg,260509-HPA_DNMT3a_Patches影像檔案\256\1\DNMT3A_2091_block1.jpg_x1792_y256.jpg
40,53,32,8,0,53,50576,8811,17.42,100.0,80.0,20.0,0.0,2,3,6,high,1,DNMT3A_2091_block1.jpg_x1792_y2560.jpg,DNMT3A_2091_block1.jpg,260509-HPA_DNMT3a_Patches影像檔案\256\1\DNMT3A_2091_block1.jpg_x1792_y2560.jpg
61,70,51,8,2,70,61056,17659,28.92,100.0,83.61,13.11,3.28,2,3,6,high,1,DNMT3A_2091_block1.jpg_x1792_y512.jpg,DNMT3A_2091_block1.jpg,260509-HPA_DNMT3a_Patches影像檔案\256\1\DNMT3A_2091_block1.jpg_x1792_y512.jpg
77,66,56,18,3,66,62140,17863,28.75,100.0,72.73,23.38,3.9,2,3,6,high,1,DNMT3A_2091_block1.jpg_x1792_y768.jpg,DNMT3A_2091_block1.jpg,260509-HPA_DNMT3a_Patches影像檔案\256\1\DNMT3A_2091_block1.jpg_x1792_y768.jpg
82,87,60,13,9,87,62222,17950,28.85,100.0,73.17,15.85,10.98,2,3,6,high,1,DNMT3A_2091_block1.jpg_x2048_y1024.jpg,DNMT3A_2091_block1.jpg,260509-HPA_DNMT3a_Patches影像檔案\256\1\DNMT3A_2091_block1.jpg_x2048_y1024.jpg
75,86,64,9,2,86,61346,16763,27.33,100.0,85.33,12.0,2.67,2,3,6,high,1,DNMT3A_2091_block1.jpg_x2048_y1280.jpg,DNMT3A_2091_block1.jpg,260509-HPA_DNMT3a_Patches影像檔案\256\1\DNMT3A_2091_block1.jpg_x2048_y1280.jpg
41,36,30,6,5,36,37318,7905,21.18,100.0,73.17,14.63,12.2,3,3,9,high,1,DNMT3A_2091_block1.jpg_x2048_y1536.jpg,DNMT3A_2091_block1.jpg,260509-HPA_DNMT3a_Patches影像檔案\256\1\DNMT3A_2091_block1.jpg_x2048_y1536.jpg
24,33,19,1,4,32,50195,4789,9.54,96.97,79.17,4.17,16.67,3,3,9,high,1,DNMT3A_2091_block1.jpg_x2048_y1792.jpg,DNMT3A_2091_block1.jpg,260509-HPA_DNMT3a_Patches影像檔案\256\1\DNMT3A_2091_block1.jpg_x2048_y1792.jpg
48,52,39,4,5,52,54179,9042,16.69,100.0,81.25,8.33,10.42,2,3,6,high,1,DNMT3A_2091_block1.jpg_x2048_y2304.jpg,DNMT3A_2091_block1.jpg,260509-HPA_DNMT3a_Patches影像檔案\256\1\DNMT3A_2091_block1.jpg_x2048_y2304.jpg
36,35,25,8,3,35,33044,9512,28.79,100.0,69.44,22.22,8.33,2,3,6,high,1,DNMT3A_2091_block1.jpg_x2048_y256.jpg,DNMT3A_2091_block1.jpg,260509-HPA_DNMT3a_Patches影像檔案\256\1\DNMT3A_2091_block1.jpg_x2048_y256.jpg
63,75,50,10,3,75,61099,16789,27.48,100.0,79.37,15.87,4.76,2,3,6,high,1,DNMT3A_2091_block1.jpg_x2048_y512.jpg,DNMT3A_2091_block1.jpg,260509-HPA_DNMT3a_Patches影像檔案\256\1\DNMT3A_2091_block1.jpg_x2048_y512.jpg
81,86,67,9,5,86,61102,16817,27.52,100.0,82.72,11.11,6.17,2,3,6,high,1,DNMT3A_2091_block1.jpg_x2048_y768.jpg,DNMT3A_2091_block1.jpg,260509-HPA_DNMT3a_Patches影像檔案\256\1\DNMT3A_2091_block1.jpg_x2048_y768.jpg
79,84,58,19,2,84,60448,16769,27.74,100.0,73.42,24.05,2.53,2,3,6,high,1,DNMT3A_2091_block1.jpg_x2304_y1024.jpg,DNMT3A_2091_block1.jpg,260509-HPA_DNMT3a_Patches影像檔案\256\1\DNMT3A_2091_block1.jpg_x2304_y1024.jpg
62,81,47,13,2,80,60530,16209,26.78,98.77,75.81,20.97,3.23,2,3,6,high,1,DNMT3A_2091_block1.jpg_x2304_y1280.jpg,DNMT3A_2091_block1.jpg,260509-HPA_DNMT3a_Patches影像檔案\256\1\DNMT3A_2091_block1.jpg_x2304_y1280.jpg
35,50,23,8,4,50,58090,8802,15.15,100.0,65.71,22.86,11.43,3,3,9,high,1,DNMT3A_2091_block1.jpg_x2304_y1536.jpg,DNMT3A_2091_block1.jpg,260509-HPA_DNMT3a_Patches影像檔案\256\1\DNMT3A_2091_block1.jpg_x2304_y1536.jpg
47,56,37,6,4,56,55422,9375,16.92,100.0,78.72,12.77,8.51,2,3,6,high,1,DNMT3A_2091_block1.jpg_x2304_y1792.jpg,DNMT3A_2091_block1.jpg,260509-HPA_DNMT3a_Patches影像檔案\256\1\DNMT3A_2091_block1.jpg_x2304_y1792.jpg
54,64,39,11,4,64,39115,9557,24.43,100.0,72.22,20.37,7.41,2,3,6,high,1,DNMT3A_2091_block1.jpg_x2304_y512.jpg,DNMT3A_2091_block1.jpg,260509-HPA_DNMT3a_Patches影像檔案\256\1\DNMT3A_2091_block1.jpg_x2304_y512.jpg
48,35,40,3,5,35,57337,8219,14.33,100.0,83.33,6.25,10.42,2,3,6,high,1,DNMT3A_2091_block1.jpg_x2304_y768.jpg,DNMT3A_2091_block1.jpg,260509-HPA_DNMT3a_Patches影像檔案\256\1\DNMT3A_2091_block1.jpg_x2304_y768.jpg
35,31,31,1,3,31,35173,9226,26.23,100.0,88.57,2.86,8.57,2,3,6,high,1,DNMT3A_2091_block1.jpg_x2560_y1024.jpg,DNMT3A_2091_block1.jpg,260509-HPA_DNMT3a_Patches影像檔案\256\1\DNMT3A_2091_block1.jpg_x2560_y1024.jpg
44,44,38,4,2,44,51330,13128,25.58,100.0,86.36,9.09,4.55,2,3,6,high,1,DNMT3A_2091_block1.jpg_x2560_y1280.jpg,DNMT3A_2091_block1.jpg,260509-HPA_DNMT3a_Patches影像檔案\256\1\DNMT3A_2091_block1.jpg_x2560_y1280.jpg
41,42,32,7,2,42,54997,8445,15.36,100.0,78.05,17.07,4.88,2,3,6,high,1,DNMT3A_2091_block1.jpg_x2560_y1536.jpg,DNMT3A_2091_block1.jpg,260509-HPA_DNMT3a_Patches影像檔案\256\1\DNMT3A_2091_block1.jpg_x2560_y1536.jpg
42,40,36,2,4,40,40470,4910,12.13,100.0,85.71,4.76,9.52,2,3,6,high,1,DNMT3A_2091_block1.jpg_x2560_y1792.jpg,DNMT3A_2091_block1.jpg,260509-HPA_DNMT3a_Patches影像檔案\256\1\DNMT3A_2091_block1.jpg_x2560_y1792.jpg
15,22,14,0,1,22,17903,5190,28.99,100.0,93.33,0.0,6.67,1,3,3,low,1,DNMT3A_2091_block1.jpg_x256_y1024.jpg,DNMT3A_2091_block1.jpg,260509-HPA_DNMT3a_Patches影像檔案\256\1\DNMT3A_2091_block1.jpg_x256_y1024.jpg
43,53,39,4,0,53,42142,9533,22.62,100.0,90.7,9.3,0.0,2,3,6,high,1,DNMT3A_2091_block1.jpg_x256_y1280.jpg,DNMT3A_2091_block1.jpg,260509-HPA_DNMT3a_Patches影像檔案\256\1\DNMT3A_2091_block1.jpg_x256_y1280.jpg
47,62,34,11,2,62,59416,15048,25.33,100.0,72.34,23.4,4.26,2,3,6,high,1,DNMT3A_2091_block1.jpg_x256_y1536.jpg,DNMT3A_2091_block1.jpg,260509-HPA_DNMT3a_Patches影像檔案\256\1\DNMT3A_2091_block1.jpg_x256_y1536.jpg
47,52,33,11,3,52,52872,15311,28.96,100.0,70.21,23.4,6.38,2,3,6,high,1,DNMT3A_2091_block1.jpg_x256_y1792.jpg,DNMT3A_2091_block1.jpg,260509-HPA_DNMT3a_Patches影像檔案\256\1\DNMT3A_2091_block1.jpg_x256_y1792.jpg
22,29,20,1,1,29,20706,6004,29.0,100.0,90.91,4.55,4.55,1,3,3,low,1,DNMT3A_2091_block1.jpg_x256_y2048.jpg,DNMT3A_2091_block1.jpg,260509-HPA_DNMT3a_Patches影像檔案\256\1\DNMT3A_2091_block1.jpg_x256_y2048.jpg
13,13,7,4,2,13,7315,2073,28.34,100.0,53.85,30.77,15.38,3,3,9,high,1,DNMT3A_2091_block1.jpg_x256_y768.jpg,DNMT3A_2091_block1.jpg,260509-HPA_DNMT3a_Patches影像檔案\256\1\DNMT3A_2091_block1.jpg_x256_y768.jpg
40,49,37,2,1,49,54084,11358,21.0,100.0,92.5,5.0,2.5,2,3,6,high,1,DNMT3A_2091_block1.jpg_x512_y1024.jpg,DNMT3A_2091_block1.jpg,260509-HPA_DNMT3a_Patches影像檔案\256\1\DNMT3A_2091_block1.jpg_x512_y1024.jpg
48,58,41,6,1,58,59658,15876,26.61,100.0,85.42,12.5,2.08,2,3,6,high,1,DNMT3A_2091_block1.jpg_x512_y1280.jpg,DNMT3A_2091_block1.jpg,260509-HPA_DNMT3a_Patches影像檔案\256\1\DNMT3A_2091_block1.jpg_x512_y1280.jpg
57,56,45,8,4,56,61652,18066,29.3,100.0,78.95,14.04,7.02,2,3,6,high,1,DNMT3A_2091_block1.jpg_x512_y1536.jpg,DNMT3A_2091_block1.jpg,260509-HPA_DNMT3a_Patches影像檔案\256\1\DNMT3A_2091_block1.jpg_x512_y1536.jpg
63,75,43,20,0,75,61347,16829,27.43,100.0,68.25,31.75,0.0,2,3,6,high,1,DNMT3A_2091_block1.jpg_x512_y1792.jpg,DNMT3A_2091_block1.jpg,260509-HPA_DNMT3a_Patches影像檔案\256\1\DNMT3A_2091_block1.jpg_x512_y1792.jpg
39,57,29,10,0,57,60223,17394,28.88,100.0,74.36,25.64,0.0,2,3,6,high,1,DNMT3A_2091_block1.jpg_x512_y2048.jpg,DNMT3A_2091_block1.jpg,260509-HPA_DNMT3a_Patches影像檔案\256\1\DNMT3A_2091_block1.jpg_x512_y2048.jpg
29,37,19,10,0,37,38122,10540,27.65,100.0,65.52,34.48,0.0,2,3,6,high,1,DNMT3A_2091_block1.jpg_x512_y2304.jpg,DNMT3A_2091_block1.jpg,260509-HPA_DNMT3a_Patches影像檔案\256\1\DNMT3A_2091_block1.jpg_x512_y2304.jpg
15,24,11,4,0,24,38220,11246,29.42,100.0,73.33,26.67,0.0,2,3,6,high,1,DNMT3A_2091_block1.jpg_x512_y512.jpg,DNMT3A_2091_block1.jpg,260509-HPA_DNMT3a_Patches影像檔案\256\1\DNMT3A_2091_block1.jpg_x512_y512.jpg
17,9,14,3,0,9,11002,3005,27.31,100.0,82.35,17.65,0.0,2,3,6,high,1,DNMT3A_2091_block1.jpg_x512_y768.jpg,DNMT3A_2091_block1.jpg,260509-HPA_DNMT3a_Patches影像檔案\256\1\DNMT3A_2091_block1.jpg_x512_y768.jpg
28,40,24,2,2,40,52834,8573,16.23,100.0,85.71,7.14,7.14,2,3,6,high,1,DNMT3A_2091_block1.jpg_x768_y1024.jpg,DNMT3A_2091_block1.jpg,260509-HPA_DNMT3a_Patches影像檔案\256\1\DNMT3A_2091_block1.jpg_x768_y1024.jpg
54,58,45,7,2,58,56317,14931,26.51,100.0,83.33,12.96,3.7,2,3,6,high,1,DNMT3A_2091_block1.jpg_x768_y1280.jpg,DNMT3A_2091_block1.jpg,260509-HPA_DNMT3a_Patches影像檔案\256\1\DNMT3A_2091_block1.jpg_x768_y1280.jpg
44,67,39,4,1,67,57779,15476,26.78,100.0,88.64,9.09,2.27,2,3,6,high,1,DNMT3A_2091_block1.jpg_x768_y1536.jpg,DNMT3A_2091_block1.jpg,260509-HPA_DNMT3a_Patches影像檔案\256\1\DNMT3A_2091_block1.jpg_x768_y1536.jpg
43,60,39,3,1,60,59071,15224,25.77,100.0,90.7,6.98,2.33,2,3,6,high,1,DNMT3A_2091_block1.jpg_x768_y1792.jpg,DNMT3A_2091_block1.jpg,260509-HPA_DNMT3a_Patches影像檔案\256\1\DNMT3A_2091_block1.jpg_x768_y1792.jpg
53,55,45,6,2,55,60794,16090,26.47,100.0,84.91,11.32,3.77,2,3,6,high,1,DNMT3A_2091_block1.jpg_x768_y2048.jpg,DNMT3A_2091_block1.jpg,260509-HPA_DNMT3a_Patches影像檔案\256\1\DNMT3A_2091_block1.jpg_x768_y2048.jpg
67,64,46,18,3,64,62225,17953,28.85,100.0,68.66,26.87,4.48,2,3,6,high,1,DNMT3A_2091_block1.jpg_x768_y2304.jpg,DNMT3A_2091_block1.jpg,260509-HPA_DNMT3a_Patches影像檔案\256\1\DNMT3A_2091_block1.jpg_x768_y2304.jpg
35,44,32,2,1,44,31328,7654,24.43,100.0,91.43,5.71,2.86,1,3,3,low,1,DNMT3A_2091_block1.jpg_x768_y256.jpg,DNMT3A_2091_block1.jpg,260509-HPA_DNMT3a_Patches影像檔案\256\1\DNMT3A_2091_block1.jpg_x768_y256.jpg
19,26,16,3,0,26,23186,6843,29.51,100.0,84.21,15.79,0.0,2,3,6,high,1,DNMT3A_2091_block1.jpg_x768_y2560.jpg,DNMT3A_2091_block1.jpg,260509-HPA_DNMT3a_Patches影像檔案\256\1\DNMT3A_2091_block1.jpg_x768_y2560.jpg
36,48,26,6,4,48,53990,9071,16.8,100.0,72.22,16.67,11.11,2,3,6,high,1,DNMT3A_2091_block1.jpg_x768_y512.jpg,DNMT3A_2091_block1.jpg,260509-HPA_DNMT3a_Patches影像檔案\256\1\DNMT3A_2091_block1.jpg_x768_y512.jpg
26,40,25,1,0,40,42658,10814,25.35,100.0,96.15,3.85,0.0,1,3,3,low,1,DNMT3A_2091_block1.jpg_x768_y768.jpg,DNMT3A_2091_block1.jpg,260509-HPA_DNMT3a_Patches影像檔案\256\1\DNMT3A_2091_block1.jpg_x768_y768.jpg
0,36,0,0,0,35,62157,0,0.0,97.22,0.0,0.0,0.0,1,3,3,low,1,DNMT3A_2104_block2.jpg_x1024_y1024.jpg,DNMT3A_2104_block2.jpg,260509-HPA_DNMT3a_Patches影像檔案\256\1\DNMT3A_2104_block2.jpg_x1024_y1024.jpg
0,41,0,0,0,39,59004,0,0.0,95.12,0.0,0.0,0.0,3,3,9,high,1,DNMT3A_2104_block2.jpg_x1024_y1280.jpg,DNMT3A_2104_block2.jpg,260509-HPA_DNMT3a_Patches影像檔案\256\1\DNMT3A_2104_block2.jpg_x1024_y1280.jpg
46,61,15,15,16,61,57218,5418,9.47,100.0,32.61,32.61,34.78,3,3,9,high,1,DNMT3A_2104_block2.jpg_x1024_y1536.jpg,DNMT3A_2104_block2.jpg,260509-HPA_DNMT3a_Patches影像檔案\256\1\DNMT3A_2104_block2.jpg_x1024_y1536.jpg
48,48,21,11,16,48,52068,5661,10.87,100.0,43.75,22.92,33.33,3,3,9,high,1,DNMT3A_2104_block2.jpg_x1024_y2560.jpg,DNMT3A_2104_block2.jpg,260509-HPA_DNMT3a_Patches影像檔案\256\1\DNMT3A_2104_block2.jpg_x1024_y2560.jpg
66,71,37,11,18,71,59777,6981,11.68,100.0,56.06,16.67,27.27,3,3,9,high,1,DNMT3A_2104_block2.jpg_x1024_y512.jpg,DNMT3A_2104_block2.jpg,260509-HPA_DNMT3a_Patches影像檔案\256\1\DNMT3A_2104_block2.jpg_x1024_y512.jpg
0,45,0,0,0,45,60446,0,0.0,100.0,0.0,0.0,0.0,2,3,6,high,1,DNMT3A_2104_block2.jpg_x1024_y768.jpg,DNMT3A_2104_block2.jpg,260509-HPA_DNMT3a_Patches影像檔案\256\1\DNMT3A_2104_block2.jpg_x1024_y768.jpg
0,48,0,0,0,45,62174,0,0.0,93.75,0.0,0.0,0.0,3,3,9,high,1,DNMT3A_2104_block2.jpg_x1280_y1536.jpg,DNMT3A_2104_block2.jpg,260509-HPA_DNMT3a_Patches影像檔案\256\1\DNMT3A_2104_block2.jpg_x1280_y1536.jpg
53,71,25,14,14,71,62177,6883,11.07,100.0,47.17,26.42,26.42,3,3,9,high,1,DNMT3A_2104_block2.jpg_x1280_y2048.jpg,DNMT3A_2104_block2.jpg,260509-HPA_DNMT3a_Patches影像檔案\256\1\DNMT3A_2104_block2.jpg_x1280_y2048.jpg
67,81,24,18,25,81,57756,5208,9.02,100.0,35.82,26.87,37.31,3,3,9,high,1,DNMT3A_2104_block2.jpg_x1280_y256.jpg,DNMT3A_2104_block2.jpg,260509-HPA_DNMT3a_Patches影像檔案\256\1\DNMT3A_2104_block2.jpg_x1280_y256.jpg
49,57,21,10,18,56,46288,4706,10.17,98.25,42.86,20.41,36.73,3,3,9,high,1,DNMT3A_2104_block2.jpg_x1280_y2560.jpg,DNMT3A_2104_block2.jpg,260509-HPA_DNMT3a_Patches影像檔案\256\1\DNMT3A_2104_block2.jpg_x1280_y2560.jpg
93,84,63,10,20,83,61610,11406,18.51,98.81,67.74,10.75,21.51,3,3,9,high,1,DNMT3A_2104_block2.jpg_x1280_y512.jpg,DNMT3A_2104_block2.jpg,260509-HPA_DNMT3a_Patches影像檔案\256\1\DNMT3A_2104_block2.jpg_x1280_y512.jpg
0,44,0,0,0,43,58443,0,0.0,97.73,0.0,0.0,0.0,3,3,9,high,1,DNMT3A_2104_block2.jpg_x1280_y768.jpg,DNMT3A_2104_block2.jpg,260509-HPA_DNMT3a_Patches影像檔案\256\1\DNMT3A_2104_block2.jpg_x1280_y768.jpg
0,67,0,0,0,64,62231,0,0.0,95.52,0.0,0.0,0.0,1,3,3,low,1,DNMT3A_2104_block2.jpg_x1536_y1280.jpg,DNMT3A_2104_block2.jpg,260509-HPA_DNMT3a_Patches影像檔案\256\1\DNMT3A_2104_block2.jpg_x1536_y1280.jpg
0,51,0,0,0,49,62221,0,0.0,96.08,0.0,0.0,0.0,1,3,3,low,1,DNMT3A_2104_block2.jpg_x1536_y1536.jpg,DNMT3A_2104_block2.jpg,260509-HPA_DNMT3a_Patches影像檔案\256\1\DNMT3A_2104_block2.jpg_x1536_y1536.jpg
45,57,11,12,22,56,62094,5058,8.15,98.25,24.44,26.67,48.89,3,3,9,high,1,DNMT3A_2104_block2.jpg_x1536_y1792.jpg,DNMT3A_2104_block2.jpg,260509-HPA_DNMT3a_Patches影像檔案\256\1\DNMT3A_2104_block2.jpg_x1536_y1792.jpg
0,98,0,0,0,97,61977,0,0.0,98.98,0.0,0.0,0.0,1,3,3,low,1,DNMT3A_2104_block2.jpg_x1536_y2048.jpg,DNMT3A_2104_block2.jpg,260509-HPA_DNMT3a_Patches影像檔案\256\1\DNMT3A_2104_block2.jpg_x1536_y2048.jpg
0,79,0,0,0,77,56079,0,0.0,97.47,0.0,0.0,0.0,2,3,6,high,1,DNMT3A_2104_block2.jpg_x1536_y2304.jpg,DNMT3A_2104_block2.jpg,260509-HPA_DNMT3a_Patches影像檔案\256\1\DNMT3A_2104_block2.jpg_x1536_y2304.jpg
71,77,37,12,22,77,57616,6533,11.34,100.0,52.11,16.9,30.99,3,3,9,high,1,DNMT3A_2104_block2.jpg_x1536_y256.jpg,DNMT3A_2104_block2.jpg,260509-HPA_DNMT3a_Patches影像檔案\256\1\DNMT3A_2104_block2.jpg_x1536_y256.jpg
67,74,32,15,20,74,54818,7072,12.9,100.0,47.76,22.39,29.85,3,3,9,high,1,DNMT3A_2104_block2.jpg_x1536_y512.jpg,DNMT3A_2104_block2.jpg,260509-HPA_DNMT3a_Patches影像檔案\256\1\DNMT3A_2104_block2.jpg_x1536_y512.jpg
52,57,13,11,28,55,62174,4791,7.71,96.49,25.0,21.15,53.85,3,3,9,high,1,DNMT3A_2104_block2.jpg_x1792_y1024.jpg,DNMT3A_2104_block2.jpg,260509-HPA_DNMT3a_Patches影像檔案\256\1\DNMT3A_2104_block2.jpg_x1792_y1024.jpg
35,37,7,7,21,36,62193,4141,6.66,97.3,20.0,20.0,60.0,3,3,9,high,1,DNMT3A_2104_block2.jpg_x1792_y1280.jpg,DNMT3A_2104_block2.jpg,260509-HPA_DNMT3a_Patches影像檔案\256\1\DNMT3A_2104_block2.jpg_x1792_y1280.jpg
0,33,0,0,0,33,62167,0,0.0,100.0,0.0,0.0,0.0,3,3,9,high,1,DNMT3A_2104_block2.jpg_x1792_y1536.jpg,DNMT3A_2104_block2.jpg,260509-HPA_DNMT3a_Patches影像檔案\256\1\DNMT3A_2104_block2.jpg_x1792_y1536.jpg
0,63,0,0,0,58,47871,0,0.0,92.06,0.0,0.0,0.0,2,3,6,high,1,DNMT3A_2104_block2.jpg_x1792_y2048.jpg,DNMT3A_2104_block2.jpg,260509-HPA_DNMT3a_Patches影像檔案\256\1\DNMT3A_2104_block2.jpg_x1792_y2048.jpg
75,69,47,15,13,69,62062,11340,18.27,100.0,62.67,20.0,17.33,3,3,9,high,1,DNMT3A_2104_block2.jpg_x1792_y2304.jpg,DNMT3A_2104_block2.jpg,260509-HPA_DNMT3a_Patches影像檔案\256\1\DNMT3A_2104_block2.jpg_x1792_y2304.jpg
55,69,21,12,22,68,50851,3751,7.38,98.55,38.18,21.82,40.0,3,3,9,high,1,DNMT3A_2104_block2.jpg_x2048_y1536.jpg,DNMT3A_2104_block2.jpg,260509-HPA_DNMT3a_Patches影像檔案\256\1\DNMT3A_2104_block2.jpg_x2048_y1536.jpg
0,47,0,0,0,44,41710,0,0.0,93.62,0.0,0.0,0.0,1,3,3,low,1,DNMT3A_2104_block2.jpg_x2048_y2048.jpg,DNMT3A_2104_block2.jpg,260509-HPA_DNMT3a_Patches影像檔案\256\1\DNMT3A_2104_block2.jpg_x2048_y2048.jpg
0,44,0,0,0,35,55055,0,0.0,79.55,0.0,0.0,0.0,1,3,3,low,1,DNMT3A_2104_block2.jpg_x2048_y2304.jpg,DNMT3A_2104_block2.jpg,260509-HPA_DNMT3a_Patches影像檔案\256\1\DNMT3A_2104_block2.jpg_x2048_y2304.jpg
0,26,0,0,0,23,28505,0,0.0,88.46,0.0,0.0,0.0,1,3,3,low,1,DNMT3A_2104_block2.jpg_x2304_y1280.jpg,DNMT3A_2104_block2.jpg,260509-HPA_DNMT3a_Patches影像檔案\256\1\DNMT3A_2104_block2.jpg_x2304_y1280.jpg
0,60,0,0,0,59,40912,0,0.0,98.33,0.0,0.0,0.0,1,3,3,low,1,DNMT3A_2104_block2.jpg_x2304_y1536.jpg,DNMT3A_2104_block2.jpg,260509-HPA_DNMT3a_Patches影像檔案\256\1\DNMT3A_2104_block2.jpg_x2304_y1536.jpg
78,78,55,9,14,78,45956,8085,17.59,100.0,70.51,11.54,17.95,3,3,9,high,1,DNMT3A_2104_block2.jpg_x2560_y1280.jpg,DNMT3A_2104_block2.jpg,260509-HPA_DNMT3a_Patches影像檔案\256\1\DNMT3A_2104_block2.jpg_x2560_y1280.jpg
71,67,52,12,7,67,44847,9934,22.15,100.0,73.24,16.9,9.86,2,3,6,high,1,DNMT3A_2104_block2.jpg_x2560_y1536.jpg,DNMT3A_2104_block2.jpg,260509-HPA_DNMT3a_Patches影像檔案\256\1\DNMT3A_2104_block2.jpg_x2560_y1536.jpg
0,45,0,0,0,44,52613,0,0.0,97.78,0.0,0.0,0.0,1,3,3,low,1,DNMT3A_2104_block2.jpg_x256_y1024.jpg,DNMT3A_2104_block2.jpg,260509-HPA_DNMT3a_Patches影像檔案\256\1\DNMT3A_2104_block2.jpg_x256_y1024.jpg
0,60,0,0,0,60,58066,0,0.0,100.0,0.0,0.0,0.0,1,3,3,low,1,DNMT3A_2104_block2.jpg_x256_y1280.jpg,DNMT3A_2104_block2.jpg,260509-HPA_DNMT3a_Patches影像檔案\256\1\DNMT3A_2104_block2.jpg_x256_y1280.jpg
0,44,0,0,0,44,47139,0,0.0,100.0,0.0,0.0,0.0,2,3,6,high,1,DNMT3A_2104_block2.jpg_x256_y1536.jpg,DNMT3A_2104_block2.jpg,260509-HPA_DNMT3a_Patches影像檔案\256\1\DNMT3A_2104_block2.jpg_x256_y1536.jpg
0,23,0,0,0,23,34375,0,0.0,100.0,0.0,0.0,0.0,2,3,6,high,1,DNMT3A_2104_block2.jpg_x256_y768.jpg,DNMT3A_2104_block2.jpg,260509-HPA_DNMT3a_Patches影像檔案\256\1\DNMT3A_2104_block2.jpg_x256_y768.jpg
0,49,0,0,0,47,57715,0,0.0,95.92,0.0,0.0,0.0,1,3,3,low,1,DNMT3A_2104_block2.jpg_x512_y1024.jpg,DNMT3A_2104_block2.jpg,260509-HPA_DNMT3a_Patches影像檔案\256\1\DNMT3A_2104_block2.jpg_x512_y1024.jpg
0,42,0,0,0,40,58454,0,0.0,95.24,0.0,0.0,0.0,1,3,3,low,1,DNMT3A_2104_block2.jpg_x512_y1280.jpg,DNMT3A_2104_block2.jpg,260509-HPA_DNMT3a_Patches影像檔案\256\1\DNMT3A_2104_block2.jpg_x512_y1280.jpg
0,51,0,0,0,51,58225,0,0.0,100.0,0.0,0.0,0.0,1,3,3,low,1,DNMT3A_2104_block2.jpg_x512_y1536.jpg,DNMT3A_2104_block2.jpg,260509-HPA_DNMT3a_Patches影像檔案\256\1\DNMT3A_2104_block2.jpg_x512_y1536.jpg
0,50,0,0,0,50,53483,0,0.0,100.0,0.0,0.0,0.0,2,3,6,high,1,DNMT3A_2104_block2.jpg_x512_y512.jpg,DNMT3A_2104_block2.jpg,260509-HPA_DNMT3a_Patches影像檔案\256\1\DNMT3A_2104_block2.jpg_x512_y512.jpg
0,56,0,0,0,55,54841,0,0.0,98.21,0.0,0.0,0.0,1,3,3,low,1,DNMT3A_2104_block2.jpg_x512_y768.jpg,DNMT3A_2104_block2.jpg,260509-HPA_DNMT3a_Patches影像檔案\256\1\DNMT3A_2104_block2.jpg_x512_y768.jpg
0,56,0,0,0,55,61894,0,0.0,98.21,0.0,0.0,0.0,1,3,3,low,1,DNMT3A_2104_block2.jpg_x768_y1024.jpg,DNMT3A_2104_block2.jpg,260509-HPA_DNMT3a_Patches影像檔案\256\1\DNMT3A_2104_block2.jpg_x768_y1024.jpg
0,70,0,0,0,69,60678,0,0.0,98.57,0.0,0.0,0.0,1,3,3,low,1,DNMT3A_2104_block2.jpg_x768_y1280.jpg,DNMT3A_2104_block2.jpg,260509-HPA_DNMT3a_Patches影像檔案\256\1\DNMT3A_2104_block2.jpg_x768_y1280.jpg
45,48,20,7,18,47,58177,7874,13.53,97.92,44.44,15.56,40.0,3,3,9,high,1,DNMT3A_2104_block2.jpg_x768_y1536.jpg,DNMT3A_2104_block2.jpg,260509-HPA_DNMT3a_Patches影像檔案\256\1\DNMT3A_2104_block2.jpg_x768_y1536.jpg
0,25,0,0,0,25,31862,0,0.0,100.0,0.0,0.0,0.0,1,3,3,low,1,DNMT3A_2104_block2.jpg_x768_y256.jpg,DNMT3A_2104_block2.jpg,260509-HPA_DNMT3a_Patches影像檔案\256\1\DNMT3A_2104_block2.jpg_x768_y256.jpg
0,26,0,0,0,26,22782,0,0.0,100.0,0.0,0.0,0.0,1,3,3,low,1,DNMT3A_2104_block2.jpg_x768_y2560.jpg,DNMT3A_2104_block2.jpg,260509-HPA_DNMT3a_Patches影像檔案\256\1\DNMT3A_2104_block2.jpg_x768_y2560.jpg
0,33,0,0,0,33,62036,0,0.0,100.0,0.0,0.0,0.0,3,3,9,high,1,DNMT3A_2104_block2.jpg_x768_y768.jpg,DNMT3A_2104_block2.jpg,260509-HPA_DNMT3a_Patches影像檔案\256\1\DNMT3A_2104_block2.jpg_x768_y768.jpg
0,119,0,0,0,119,62236,0,0.0,100.0,0.0,0.0,0.0,1,3,3,low,1,DNMT3A_2174_block2.jpg_x1024_y1024.jpg,DNMT3A_2174_block2.jpg,260509-HPA_DNMT3a_Patches影像檔案\256\1\DNMT3A_2174_block2.jpg_x1024_y1024.jpg
3,104,0,0,3,88,62253,55,0.09,84.62,0.0,0.0,100.0,3,3,9,high,1,DNMT3A_2174_block2.jpg_x1024_y1280.jpg,DNMT3A_2174_block2.jpg,260509-HPA_DNMT3a_Patches影像檔案\256\1\DNMT3A_2174_block2.jpg_x1024_y1280.jpg
1,91,0,0,1,84,57519,21,0.04,92.31,0.0,0.0,100.0,3,3,9,high,1,DNMT3A_2174_block2.jpg_x1024_y1536.jpg,DNMT3A_2174_block2.jpg,260509-HPA_DNMT3a_Patches影像檔案\256\1\DNMT3A_2174_block2.jpg_x1024_y1536.jpg
0,67,0,0,0,64,39622,0,0.0,95.52,0.0,0.0,0.0,1,3,3,low,1,DNMT3A_2174_block2.jpg_x1024_y2304.jpg,DNMT3A_2174_block2.jpg,260509-HPA_DNMT3a_Patches影像檔案\256\1\DNMT3A_2174_block2.jpg_x1024_y2304.jpg
0,34,0,0,0,34,22883,0,0.0,100.0,0.0,0.0,0.0,1,3,3,low,1,DNMT3A_2174_block2.jpg_x1024_y256.jpg,DNMT3A_2174_block2.jpg,260509-HPA_DNMT3a_Patches影像檔案\256\1\DNMT3A_2174_block2.jpg_x1024_y256.jpg
0,43,0,0,0,41,25053,0,0.0,95.35,0.0,0.0,0.0,1,3,3,low,1,DNMT3A_2174_block2.jpg_x1024_y2560.jpg,DNMT3A_2174_block2.jpg,260509-HPA_DNMT3a_Patches影像檔案\256\1\DNMT3A_2174_block2.jpg_x1024_y2560.jpg
0,102,0,0,0,87,61462,0,0.0,85.29,0.0,0.0,0.0,1,3,3,low,1,DNMT3A_2174_block2.jpg_x1024_y512.jpg,DNMT3A_2174_block2.jpg,260509-HPA_DNMT3a_Patches影像檔案\256\1\DNMT3A_2174_block2.jpg_x1024_y512.jpg
2,103,0,0,2,92,62230,36,0.06,89.32,0.0,0.0,100.0,3,3,9,high,1,DNMT3A_2174_block2.jpg_x1024_y768.jpg,DNMT3A_2174_block2.jpg,260509-HPA_DNMT3a_Patches影像檔案\256\1\DNMT3A_2174_block2.jpg_x1024_y768.jpg
1,111,0,0,1,106,62252,16,0.03,95.5,0.0,0.0,100.0,3,3,9,high,1,DNMT3A_2174_block2.jpg_x1280_y1024.jpg,DNMT3A_2174_block2.jpg,260509-HPA_DNMT3a_Patches影像檔案\256\1\DNMT3A_2174_block2.jpg_x1280_y1024.jpg
1,95,0,0,1,76,62209,18,0.03,80.0,0.0,0.0,100.0,3,3,9,high,1,DNMT3A_2174_block2.jpg_x1280_y1280.jpg,DNMT3A_2174_block2.jpg,260509-HPA_DNMT3a_Patches影像檔案\256\1\DNMT3A_2174_block2.jpg_x1280_y1280.jpg
0,98,0,0,0,96,56203,0,0.0,97.96,0.0,0.0,0.0,1,3,3,low,1,DNMT3A_2174_block2.jpg_x1280_y1536.jpg,DNMT3A_2174_block2.jpg,260509-HPA_DNMT3a_Patches影像檔案\256\1\DNMT3A_2174_block2.jpg_x1280_y1536.jpg
0,59,0,0,0,59,42319,0,0.0,100.0,0.0,0.0,0.0,2,3,6,high,1,DNMT3A_2174_block2.jpg_x1280_y1792.jpg,DNMT3A_2174_block2.jpg,260509-HPA_DNMT3a_Patches影像檔案\256\1\DNMT3A_2174_block2.jpg_x1280_y1792.jpg
0,72,0,0,0,65,53106,0,0.0,90.28,0.0,0.0,0.0,1,3,3,low,1,DNMT3A_2174_block2.jpg_x1280_y2048.jpg,DNMT3A_2174_block2.jpg,260509-HPA_DNMT3a_Patches影像檔案\256\1\DNMT3A_2174_block2.jpg_x1280_y2048.jpg
0,75,0,0,0,68,52731,0,0.0,90.67,0.0,0.0,0.0,1,3,3,low,1,DNMT3A_2174_block2.jpg_x1280_y2304.jpg,DNMT3A_2174_block2.jpg,260509-HPA_DNMT3a_Patches影像檔案\256\1\DNMT3A_2174_block2.jpg_x1280_y2304.jpg
0,75,0,0,0,72,43080,0,0.0,96.0,0.0,0.0,0.0,1,3,3,low,1,DNMT3A_2174_block2.jpg_x1280_y256.jpg,DNMT3A_2174_block2.jpg,260509-HPA_DNMT3a_Patches影像檔案\256\1\DNMT3A_2174_block2.jpg_x1280_y256.jpg
0,75,0,0,0,67,49845,0,0.0,89.33,0.0,0.0,0.0,1,3,3,low,1,DNMT3A_2174_block2.jpg_x1280_y2560.jpg,DNMT3A_2174_block2.jpg,260509-HPA_DNMT3a_Patches影像檔案\256\1\DNMT3A_2174_block2.jpg_x1280_y2560.jpg
3,110,0,0,3,110,62206,60,0.1,100.0,0.0,0.0,100.0,3,3,9,high,1,DNMT3A_2174_block2.jpg_x1280_y512.jpg,DNMT3A_2174_block2.jpg,260509-HPA_DNMT3a_Patches影像檔案\256\1\DNMT3A_2174_block2.jpg_x1280_y512.jpg
3,107,0,0,3,105,62249,54,0.09,98.13,0.0,0.0,100.0,3,3,9,high,1,DNMT3A_2174_block2.jpg_x1280_y768.jpg,DNMT3A_2174_block2.jpg,260509-HPA_DNMT3a_Patches影像檔案\256\1\DNMT3A_2174_block2.jpg_x1280_y768.jpg
0,96,0,0,0,71,61348,0,0.0,73.96,0.0,0.0,0.0,1,3,3,low,1,DNMT3A_2174_block2.jpg_x1536_y1024.jpg,DNMT3A_2174_block2.jpg,260509-HPA_DNMT3a_Patches影像檔案\256\1\DNMT3A_2174_block2.jpg_x1536_y1024.jpg
0,116,0,0,0,115,62217,0,0.0,99.14,0.0,0.0,0.0,1,3,3,low,1,DNMT3A_2174_block2.jpg_x1536_y1280.jpg,DNMT3A_2174_block2.jpg,260509-HPA_DNMT3a_Patches影像檔案\256\1\DNMT3A_2174_block2.jpg_x1536_y1280.jpg
1,94,0,0,1,89,60662,18,0.03,94.68,0.0,0.0,100.0,3,3,9,high,1,DNMT3A_2174_block2.jpg_x1536_y1536.jpg,DNMT3A_2174_block2.jpg,260509-HPA_DNMT3a_Patches影像檔案\256\1\DNMT3A_2174_block2.jpg_x1536_y1536.jpg
0,85,0,0,0,85,57788,0,0.0,100.0,0.0,0.0,0.0,1,3,3,low,1,DNMT3A_2174_block2.jpg_x1536_y1792.jpg,DNMT3A_2174_block2.jpg,260509-HPA_DNMT3a_Patches影像檔案\256\1\DNMT3A_2174_block2.jpg_x1536_y1792.jpg
2,105,0,0,2,95,59863,50,0.08,90.48,0.0,0.0,100.0,3,3,9,high,1,DNMT3A_2174_block2.jpg_x1536_y2048.jpg,DNMT3A_2174_block2.jpg,260509-HPA_DNMT3a_Patches影像檔案\256\1\DNMT3A_2174_block2.jpg_x1536_y2048.jpg
3,110,0,0,3,109,62251,76,0.12,99.09,0.0,0.0,100.0,3,3,9,high,1,DNMT3A_2174_block2.jpg_x1536_y2304.jpg,DNMT3A_2174_block2.jpg,260509-HPA_DNMT3a_Patches影像檔案\256\1\DNMT3A_2174_block2.jpg_x1536_y2304.jpg
1,59,0,0,1,54,39326,16,0.04,91.53,0.0,0.0,100.0,3,3,9,high,1,DNMT3A_2174_block2.jpg_x1536_y256.jpg,DNMT3A_2174_block2.jpg,260509-HPA_DNMT3a_Patches影像檔案\256\1\DNMT3A_2174_block2.jpg_x1536_y256.jpg
0,91,0,0,0,80,56303,0,0.0,87.91,0.0,0.0,0.0,1,3,3,low,1,DNMT3A_2174_block2.jpg_x1536_y2560.jpg,DNMT3A_2174_block2.jpg,260509-HPA_DNMT3a_Patches影像檔案\256\1\DNMT3A_2174_block2.jpg_x1536_y2560.jpg
1,92,0,0,1,87,62245,18,0.03,94.57,0.0,0.0,100.0,3,3,9,high,1,DNMT3A_2174_block2.jpg_x1536_y512.jpg,DNMT3A_2174_block2.jpg,260509-HPA_DNMT3a_Patches影像檔案\256\1\DNMT3A_2174_block2.jpg_x1536_y512.jpg
0,107,0,0,0,97,62253,0,0.0,90.65,0.0,0.0,0.0,1,3,3,low,1,DNMT3A_2174_block2.jpg_x1536_y768.jpg,DNMT3A_2174_block2.jpg,260509-HPA_DNMT3a_Patches影像檔案\256\1\DNMT3A_2174_block2.jpg_x1536_y768.jpg
1,113,0,0,1,104,62258,29,0.05,92.04,0.0,0.0,100.0,3,3,9,high,1,DNMT3A_2174_block2.jpg_x1792_y1024.jpg,DNMT3A_2174_block2.jpg,260509-HPA_DNMT3a_Patches影像檔案\256\1\DNMT3A_2174_block2.jpg_x1792_y1024.jpg
3,113,0,0,3,109,62237,58,0.09,96.46,0.0,0.0,100.0,3,3,9,high,1,DNMT3A_2174_block2.jpg_x1792_y1280.jpg,DNMT3A_2174_block2.jpg,260509-HPA_DNMT3a_Patches影像檔案\256\1\DNMT3A_2174_block2.jpg_x1792_y1280.jpg
2,117,0,0,2,116,62244,38,0.06,99.15,0.0,0.0,100.0,3,3,9,high,1,DNMT3A_2174_block2.jpg_x1792_y1536.jpg,DNMT3A_2174_block2.jpg,260509-HPA_DNMT3a_Patches影像檔案\256\1\DNMT3A_2174_block2.jpg_x1792_y1536.jpg
1,100,0,0,1,99,58763,19,0.03,99.0,0.0,0.0,100.0,3,3,9,high,1,DNMT3A_2174_block2.jpg_x1792_y1792.jpg,DNMT3A_2174_block2.jpg,260509-HPA_DNMT3a_Patches影像檔案\256\1\DNMT3A_2174_block2.jpg_x1792_y1792.jpg
1,114,0,0,1,98,61820,16,0.03,85.96,0.0,0.0,100.0,3,3,9,high,1,DNMT3A_2174_block2.jpg_x1792_y2048.jpg,DNMT3A_2174_block2.jpg,260509-HPA_DNMT3a_Patches影像檔案\256\1\DNMT3A_2174_block2.jpg_x1792_y2048.jpg
0,108,0,0,0,104,62237,0,0.0,96.3,0.0,0.0,0.0,1,3,3,low,1,DNMT3A_2174_block2.jpg_x1792_y2304.jpg,DNMT3A_2174_block2.jpg,260509-HPA_DNMT3a_Patches影像檔案\256\1\DNMT3A_2174_block2.jpg_x1792_y2304.jpg
1,89,0,0,1,82,57446,22,0.04,92.13,0.0,0.0,100.0,3,3,9,high,1,DNMT3A_2174_block2.jpg_x1792_y2560.jpg,DNMT3A_2174_block2.jpg,260509-HPA_DNMT3a_Patches影像檔案\256\1\DNMT3A_2174_block2.jpg_x1792_y2560.jpg
0,95,0,0,0,93,55658,0,0.0,97.89,0.0,0.0,0.0,1,3,3,low,1,DNMT3A_2174_block2.jpg_x1792_y512.jpg,DNMT3A_2174_block2.jpg,260509-HPA_DNMT3a_Patches影像檔案\256\1\DNMT3A_2174_block2.jpg_x1792_y512.jpg
1,101,0,0,1,99,57022,23,0.04,98.02,0.0,0.0,100.0,3,3,9,high,1,DNMT3A_2174_block2.jpg_x1792_y768.jpg,DNMT3A_2174_block2.jpg,260509-HPA_DNMT3a_Patches影像檔案\256\1\DNMT3A_2174_block2.jpg_x1792_y768.jpg
0,119,0,0,0,112,62232,0,0.0,94.12,0.0,0.0,0.0,1,3,3,low,1,DNMT3A_2174_block2.jpg_x2048_y1024.jpg,DNMT3A_2174_block2.jpg,260509-HPA_DNMT3a_Patches影像檔案\256\1\DNMT3A_2174_block2.jpg_x2048_y1024.jpg
1,97,0,0,1,87,58536,17,0.03,89.69,0.0,0.0,100.0,3,3,9,high,1,DNMT3A_2174_block2.jpg_x2048_y1280.jpg,DNMT3A_2174_block2.jpg,260509-HPA_DNMT3a_Patches影像檔案\256\1\DNMT3A_2174_block2.jpg_x2048_y1280.jpg
0,77,0,0,0,75,49782,0,0.0,97.4,0.0,0.0,0.0,1,3,3,low,1,DNMT3A_2174_block2.jpg_x2048_y1536.jpg,DNMT3A_2174_block2.jpg,260509-HPA_DNMT3a_Patches影像檔案\256\1\DNMT3A_2174_block2.jpg_x2048_y1536.jpg
0,75,0,0,0,72,49969,0,0.0,96.0,0.0,0.0,0.0,2,3,6,high,1,DNMT3A_2174_block2.jpg_x2048_y1792.jpg,DNMT3A_2174_block2.jpg,260509-HPA_DNMT3a_Patches影像檔案\256\1\DNMT3A_2174_block2.jpg_x2048_y1792.jpg
0,72,0,0,0,68,47666,0,0.0,94.44,0.0,0.0,0.0,1,3,3,low,1,DNMT3A_2174_block2.jpg_x2048_y2048.jpg,DNMT3A_2174_block2.jpg,260509-HPA_DNMT3a_Patches影像檔案\256\1\DNMT3A_2174_block2.jpg_x2048_y2048.jpg
0,82,0,0,0,65,54243,0,0.0,79.27,0.0,0.0,0.0,1,3,3,low,1,DNMT3A_2174_block2.jpg_x2048_y2304.jpg,DNMT3A_2174_block2.jpg,260509-HPA_DNMT3a_Patches影像檔案\256\1\DNMT3A_2174_block2.jpg_x2048_y2304.jpg
0,59,0,0,0,49,37594,0,0.0,83.05,0.0,0.0,0.0,1,3,3,low,1,DNMT3A_2174_block2.jpg_x2048_y2560.jpg,DNMT3A_2174_block2.jpg,260509-HPA_DNMT3a_Patches影像檔案\256\1\DNMT3A_2174_block2.jpg_x2048_y2560.jpg
0,61,0,0,0,61,35002,0,0.0,100.0,0.0,0.0,0.0,1,3,3,low,1,DNMT3A_2174_block2.jpg_x2048_y512.jpg,DNMT3A_2174_block2.jpg,260509-HPA_DNMT3a_Patches影像檔案\256\1\DNMT3A_2174_block2.jpg_x2048_y512.jpg
1,80,0,0,1,71,44817,17,0.04,88.75,0.0,0.0,100.0,3,3,9,high,1,DNMT3A_2174_block2.jpg_x2048_y768.jpg,DNMT3A_2174_block2.jpg,260509-HPA_DNMT3a_Patches影像檔案\256\1\DNMT3A_2174_block2.jpg_x2048_y768.jpg
0,66,0,0,0,58,37901,0,0.0,87.88,0.0,0.0,0.0,1,3,3,low,1,DNMT3A_2174_block2.jpg_x2304_y1024.jpg,DNMT3A_2174_block2.jpg,260509-HPA_DNMT3a_Patches影像檔案\256\1\DNMT3A_2174_block2.jpg_x2304_y1024.jpg
0,62,0,0,0,62,43345,0,0.0,100.0,0.0,0.0,0.0,1,3,3,low,1,DNMT3A_2174_block2.jpg_x2304_y2048.jpg,DNMT3A_2174_block2.jpg,260509-HPA_DNMT3a_Patches影像檔案\256\1\DNMT3A_2174_block2.jpg_x2304_y2048.jpg
0,80,0,0,0,78,44821,0,0.0,97.5,0.0,0.0,0.0,1,3,3,low,1,DNMT3A_2174_block2.jpg_x2304_y2304.jpg,DNMT3A_2174_block2.jpg,260509-HPA_DNMT3a_Patches影像檔案\256\1\DNMT3A_2174_block2.jpg_x2304_y2304.jpg
0,58,0,0,0,58,36030,0,0.0,100.0,0.0,0.0,0.0,1,3,3,low,1,DNMT3A_2174_block2.jpg_x2304_y512.jpg,DNMT3A_2174_block2.jpg,260509-HPA_DNMT3a_Patches影像檔案\256\1\DNMT3A_2174_block2.jpg_x2304_y512.jpg
0,82,0,0,0,82,51996,0,0.0,100.0,0.0,0.0,0.0,1,3,3,low,1,DNMT3A_2174_block2.jpg_x2304_y768.jpg,DNMT3A_2174_block2.jpg,260509-HPA_DNMT3a_Patches影像檔案\256\1\DNMT3A_2174_block2.jpg_x2304_y768.jpg
0,35,0,0,0,33,23327,0,0.0,94.29,0.0,0.0,0.0,1,3,3,low,1,DNMT3A_2174_block2.jpg_x256_y1024.jpg,DNMT3A_2174_block2.jpg,260509-HPA_DNMT3a_Patches影像檔案\256\1\DNMT3A_2174_block2.jpg_x256_y1024.jpg
0,54,0,0,0,46,34927,0,0.0,85.19,0.0,0.0,0.0,1,3,3,low,1,DNMT3A_2174_block2.jpg_x256_y1280.jpg,DNMT3A_2174_block2.jpg,260509-HPA_DNMT3a_Patches影像檔案\256\1\DNMT3A_2174_block2.jpg_x256_y1280.jpg
0,53,0,0,0,48,34634,0,0.0,90.57,0.0,0.0,0.0,1,3,3,low,1,DNMT3A_2174_block2.jpg_x256_y1536.jpg,DNMT3A_2174_block2.jpg,260509-HPA_DNMT3a_Patches影像檔案\256\1\DNMT3A_2174_block2.jpg_x256_y1536.jpg
1,111,0,0,1,111,62256,18,0.03,100.0,0.0,0.0,100.0,3,3,9,high,1,DNMT3A_2174_block2.jpg_x512_y1024.jpg,DNMT3A_2174_block2.jpg,260509-HPA_DNMT3a_Patches影像檔案\256\1\DNMT3A_2174_block2.jpg_x512_y1024.jpg
3,86,0,0,3,86,62251,58,0.09,100.0,0.0,0.0,100.0,3,3,9,high,1,DNMT3A_2174_block2.jpg_x512_y1280.jpg,DNMT3A_2174_block2.jpg,260509-HPA_DNMT3a_Patches影像檔案\256\1\DNMT3A_2174_block2.jpg_x512_y1280.jpg
0,82,0,0,0,81,56362,0,0.0,98.78,0.0,0.0,0.0,1,3,3,low,1,DNMT3A_2174_block2.jpg_x512_y1536.jpg,DNMT3A_2174_block2.jpg,260509-HPA_DNMT3a_Patches影像檔案\256\1\DNMT3A_2174_block2.jpg_x512_y1536.jpg
0,74,0,0,0,70,52411,0,0.0,94.59,0.0,0.0,0.0,1,3,3,low,1,DNMT3A_2174_block2.jpg_x512_y768.jpg,DNMT3A_2174_block2.jpg,260509-HPA_DNMT3a_Patches影像檔案\256\1\DNMT3A_2174_block2.jpg_x512_y768.jpg
2,118,0,0,2,118,62259,40,0.06,100.0,0.0,0.0,100.0,3,3,9,high,1,DNMT3A_2174_block2.jpg_x768_y1024.jpg,DNMT3A_2174_block2.jpg,260509-HPA_DNMT3a_Patches影像檔案\256\1\DNMT3A_2174_block2.jpg_x768_y1024.jpg
1,97,0,0,1,86,61859,17,0.03,88.66,0.0,0.0,100.0,3,3,9,high,1,DNMT3A_2174_block2.jpg_x768_y1280.jpg,DNMT3A_2174_block2.jpg,260509-HPA_DNMT3a_Patches影像檔案\256\1\DNMT3A_2174_block2.jpg_x768_y1280.jpg
0,70,0,0,0,68,56674,0,0.0,97.14,0.0,0.0,0.0,2,3,6,high,1,DNMT3A_2174_block2.jpg_x768_y1536.jpg,DNMT3A_2174_block2.jpg,260509-HPA_DNMT3a_Patches影像檔案\256\1\DNMT3A_2174_block2.jpg_x768_y1536.jpg
0,65,0,0,0,60,48692,0,0.0,92.31,0.0,0.0,0.0,1,3,3,low,1,DNMT3A_2174_block2.jpg_x768_y512.jpg,DNMT3A_2174_block2.jpg,260509-HPA_DNMT3a_Patches影像檔案\256\1\DNMT3A_2174_block2.jpg_x768_y512.jpg
2,90,0,0,2,82,61979,36,0.06,91.11,0.0,0.0,100.0,3,3,9,high,1,DNMT3A_2174_block2.jpg_x768_y768.jpg,DNMT3A_2174_block2.jpg,260509-HPA_DNMT3a_Patches影像檔案\256\1\DNMT3A_2174_block2.jpg_x768_y768.jpg
55,83,28,13,14,75,60148,5608,9.32,90.36,50.91,23.64,25.45,3,3,9,high,1,DNMT3A_2252_block2.jpg_x1024_y1024.jpg,DNMT3A_2252_block2.jpg,260509-HPA_DNMT3a_Patches影像檔案\256\1\DNMT3A_2252_block2.jpg_x1024_y1024.jpg
56,85,37,10,9,80,60515,7331,12.11,94.12,66.07,17.86,16.07,3,3,9,high,1,DNMT3A_2252_block2.jpg_x1024_y1280.jpg,DNMT3A_2252_block2.jpg,260509-HPA_DNMT3a_Patches影像檔案\256\1\DNMT3A_2252_block2.jpg_x1024_y1280.jpg
43,65,19,11,13,62,58101,5265,9.06,95.38,44.19,25.58,30.23,3,3,9,high,1,DNMT3A_2252_block2.jpg_x1024_y1536.jpg,DNMT3A_2252_block2.jpg,260509-HPA_DNMT3a_Patches影像檔案\256\1\DNMT3A_2252_block2.jpg_x1024_y1536.jpg
65,86,46,11,8,79,58400,7450,12.76,91.86,70.77,16.92,12.31,3,3,9,high,1,DNMT3A_2252_block2.jpg_x1024_y1792.jpg,DNMT3A_2252_block2.jpg,260509-HPA_DNMT3a_Patches影像檔案\256\1\DNMT3A_2252_block2.jpg_x1024_y1792.jpg
45,60,30,4,11,55,55376,5783,10.44,91.67,66.67,8.89,24.44,3,3,9,high,1,DNMT3A_2252_block2.jpg_x1024_y2048.jpg,DNMT3A_2252_block2.jpg,260509-HPA_DNMT3a_Patches影像檔案\256\1\DNMT3A_2252_block2.jpg_x1024_y2048.jpg
47,68,25,7,15,61,59473,5447,9.16,89.71,53.19,14.89,31.91,3,3,9,high,1,DNMT3A_2252_block2.jpg_x1024_y2304.jpg,DNMT3A_2252_block2.jpg,260509-HPA_DNMT3a_Patches影像檔案\256\1\DNMT3A_2252_block2.jpg_x1024_y2304.jpg
27,37,14,6,7,36,30461,2550,8.37,97.3,51.85,22.22,25.93,3,3,9,high,1,DNMT3A_2252_block2.jpg_x1024_y2560.jpg,DNMT3A_2252_block2.jpg,260509-HPA_DNMT3a_Patches影像檔案\256\1\DNMT3A_2252_block2.jpg_x1024_y2560.jpg
51,64,30,4,17,62,58074,5061,8.71,96.88,58.82,7.84,33.33,3,3,9,high,1,DNMT3A_2252_block2.jpg_x1024_y512.jpg,DNMT3A_2252_block2.jpg,260509-HPA_DNMT3a_Patches影像檔案\256\1\DNMT3A_2252_block2.jpg_x1024_y512.jpg
60,75,44,7,9,70,60441,7669,12.69,93.33,73.33,11.67,15.0,3,3,9,high,1,DNMT3A_2252_block2.jpg_x1024_y768.jpg,DNMT3A_2252_block2.jpg,260509-HPA_DNMT3a_Patches影像檔案\256\1\DNMT3A_2252_block2.jpg_x1024_y768.jpg
60,85,33,14,13,82,61926,7268,11.74,96.47,55.0,23.33,21.67,3,3,9,high,1,DNMT3A_2252_block2.jpg_x1280_y1024.jpg,DNMT3A_2252_block2.jpg,260509-HPA_DNMT3a_Patches影像檔案\256\1\DNMT3A_2252_block2.jpg_x1280_y1024.jpg
62,80,42,2,18,70,62104,5716,9.2,87.5,67.74,3.23,29.03,3,3,9,high,1,DNMT3A_2252_block2.jpg_x1280_y1280.jpg,DNMT3A_2252_block2.jpg,260509-HPA_DNMT3a_Patches影像檔案\256\1\DNMT3A_2252_block2.jpg_x1280_y1280.jpg
49,77,28,8,13,73,60221,5543,9.2,94.81,57.14,16.33,26.53,3,3,9,high,1,DNMT3A_2252_block2.jpg_x1280_y1536.jpg,DNMT3A_2252_block2.jpg,260509-HPA_DNMT3a_Patches影像檔案\256\1\DNMT3A_2252_block2.jpg_x1280_y1536.jpg
54,74,29,10,15,65,56302,5995,10.65,87.84,53.7,18.52,27.78,3,3,9,high,1,DNMT3A_2252_block2.jpg_x1280_y1792.jpg,DNMT3A_2252_block2.jpg,260509-HPA_DNMT3a_Patches影像檔案\256\1\DNMT3A_2252_block2.jpg_x1280_y1792.jpg
50,65,29,8,13,52,59348,5884,9.91,80.0,58.0,16.0,26.0,3,3,9,high,1,DNMT3A_2252_block2.jpg_x1280_y2048.jpg,DNMT3A_2252_block2.jpg,260509-HPA_DNMT3a_Patches影像檔案\256\1\DNMT3A_2252_block2.jpg_x1280_y2048.jpg
53,70,28,17,8,65,58449,6543,11.19,92.86,52.83,32.08,15.09,3,3,9,high,1,DNMT3A_2252_block2.jpg_x1280_y2304.jpg,DNMT3A_2252_block2.jpg,260509-HPA_DNMT3a_Patches影像檔案\256\1\DNMT3A_2252_block2.jpg_x1280_y2304.jpg
32,39,16,4,12,37,43558,4245,9.75,94.87,50.0,12.5,37.5,3,3,9,high,1,DNMT3A_2252_block2.jpg_x1280_y2560.jpg,DNMT3A_2252_block2.jpg,260509-HPA_DNMT3a_Patches影像檔案\256\1\DNMT3A_2252_block2.jpg_x1280_y2560.jpg
35,26,25,5,5,25,50988,6092,11.95,96.15,71.43,14.29,14.29,3,3,9,high,1,DNMT3A_2252_block2.jpg_x1280_y512.jpg,DNMT3A_2252_block2.jpg,260509-HPA_DNMT3a_Patches影像檔案\256\1\DNMT3A_2252_block2.jpg_x1280_y512.jpg
48,57,28,11,9,55,57357,5236,9.13,96.49,58.33,22.92,18.75,3,3,9,high,1,DNMT3A_2252_block2.jpg_x1280_y768.jpg,DNMT3A_2252_block2.jpg,260509-HPA_DNMT3a_Patches影像檔案\256\1\DNMT3A_2252_block2.jpg_x1280_y768.jpg
47,63,30,6,11,58,53279,5416,10.17,92.06,63.83,12.77,23.4,3,3,9,high,1,DNMT3A_2252_block2.jpg_x1536_y1024.jpg,DNMT3A_2252_block2.jpg,260509-HPA_DNMT3a_Patches影像檔案\256\1\DNMT3A_2252_block2.jpg_x1536_y1024.jpg
59,71,36,14,9,67,56749,8080,14.24,94.37,61.02,23.73,15.25,3,3,9,high,1,DNMT3A_2252_block2.jpg_x1536_y1280.jpg,DNMT3A_2252_block2.jpg,260509-HPA_DNMT3a_Patches影像檔案\256\1\DNMT3A_2252_block2.jpg_x1536_y1280.jpg
42,58,21,7,14,52,53857,5182,9.62,89.66,50.0,16.67,33.33,3,3,9,high,1,DNMT3A_2252_block2.jpg_x1536_y1536.jpg,DNMT3A_2252_block2.jpg,260509-HPA_DNMT3a_Patches影像檔案\256\1\DNMT3A_2252_block2.jpg_x1536_y1536.jpg
64,81,38,7,19,78,57271,6391,11.16,96.3,59.38,10.94,29.69,3,3,9,high,1,DNMT3A_2252_block2.jpg_x1536_y1792.jpg,DNMT3A_2252_block2.jpg,260509-HPA_DNMT3a_Patches影像檔案\256\1\DNMT3A_2252_block2.jpg_x1536_y1792.jpg
51,59,26,14,11,55,59487,6708,11.28,93.22,50.98,27.45,21.57,3,3,9,high,1,DNMT3A_2252_block2.jpg_x1536_y2048.jpg,DNMT3A_2252_block2.jpg,260509-HPA_DNMT3a_Patches影像檔案\256\1\DNMT3A_2252_block2.jpg_x1536_y2048.jpg
52,58,29,14,9,55,59736,8051,13.48,94.83,55.77,26.92,17.31,3,3,9,high,1,DNMT3A_2252_block2.jpg_x1536_y2304.jpg,DNMT3A_2252_block2.jpg,260509-HPA_DNMT3a_Patches影像檔案\256\1\DNMT3A_2252_block2.jpg_x1536_y2304.jpg
36,47,16,11,9,46,36138,4367,12.08,97.87,44.44,30.56,25.0,3,3,9,high,1,DNMT3A_2252_block2.jpg_x1536_y2560.jpg,DNMT3A_2252_block2.jpg,260509-HPA_DNMT3a_Patches影像檔案\256\1\DNMT3A_2252_block2.jpg_x1536_y2560.jpg
26,49,9,6,11,47,56829,3955,6.96,95.92,34.62,23.08,42.31,3,3,9,high,1,DNMT3A_2252_block2.jpg_x1536_y512.jpg,DNMT3A_2252_block2.jpg,260509-HPA_DNMT3a_Patches影像檔案\256\1\DNMT3A_2252_block2.jpg_x1536_y512.jpg
56,67,30,13,13,59,58905,6702,11.38,88.06,53.57,23.21,23.21,3,3,9,high,1,DNMT3A_2252_block2.jpg_x1536_y768.jpg,DNMT3A_2252_block2.jpg,260509-HPA_DNMT3a_Patches影像檔案\256\1\DNMT3A_2252_block2.jpg_x1536_y768.jpg
42,67,22,7,13,57,50906,4881,9.59,85.07,52.38,16.67,30.95,3,3,9,high,1,DNMT3A_2252_block2.jpg_x1792_y1024.jpg,DNMT3A_2252_block2.jpg,260509-HPA_DNMT3a_Patches影像檔案\256\1\DNMT3A_2252_block2.jpg_x1792_y1024.jpg
33,47,6,12,15,43,50146,2756,5.5,91.49,18.18,36.36,45.45,3,3,9,high,1,DNMT3A_2252_block2.jpg_x1792_y1280.jpg,DNMT3A_2252_block2.jpg,260509-HPA_DNMT3a_Patches影像檔案\256\1\DNMT3A_2252_block2.jpg_x1792_y1280.jpg
0,61,0,0,0,59,59888,0,0.0,96.72,0.0,0.0,0.0,3,3,9,high,1,DNMT3A_2252_block2.jpg_x1792_y1536.jpg,DNMT3A_2252_block2.jpg,260509-HPA_DNMT3a_Patches影像檔案\256\1\DNMT3A_2252_block2.jpg_x1792_y1536.jpg
60,72,34,13,13,69,58694,6085,10.37,95.83,56.67,21.67,21.67,3,3,9,high,1,DNMT3A_2252_block2.jpg_x1792_y1792.jpg,DNMT3A_2252_block2.jpg,260509-HPA_DNMT3a_Patches影像檔案\256\1\DNMT3A_2252_block2.jpg_x1792_y1792.jpg
0,70,0,0,0,67,59349,0,0.0,95.71,0.0,0.0,0.0,2,3,6,high,1,DNMT3A_2252_block2.jpg_x1792_y2048.jpg,DNMT3A_2252_block2.jpg,260509-HPA_DNMT3a_Patches影像檔案\256\1\DNMT3A_2252_block2.jpg_x1792_y2048.jpg
56,60,39,10,7,60,62242,9849,15.82,100.0,69.64,17.86,12.5,3,3,9,high,1,DNMT3A_2252_block2.jpg_x1792_y2304.jpg,DNMT3A_2252_block2.jpg,260509-HPA_DNMT3a_Patches影像檔案\256\1\DNMT3A_2252_block2.jpg_x1792_y2304.jpg
36,42,22,7,7,41,32584,4130,12.67,97.62,61.11,19.44,19.44,3,3,9,high,1,DNMT3A_2252_block2.jpg_x1792_y2560.jpg,DNMT3A_2252_block2.jpg,260509-HPA_DNMT3a_Patches影像檔案\256\1\DNMT3A_2252_block2.jpg_x1792_y2560.jpg
26,51,7,4,15,47,57016,3184,5.58,92.16,26.92,15.38,57.69,3,3,9,high,1,DNMT3A_2252_block2.jpg_x1792_y512.jpg,DNMT3A_2252_block2.jpg,260509-HPA_DNMT3a_Patches影像檔案\256\1\DNMT3A_2252_block2.jpg_x1792_y512.jpg
65,76,36,15,14,71,58974,6251,10.6,93.42,55.38,23.08,21.54,3,3,9,high,1,DNMT3A_2252_block2.jpg_x1792_y768.jpg,DNMT3A_2252_block2.jpg,260509-HPA_DNMT3a_Patches影像檔案\256\1\DNMT3A_2252_block2.jpg_x1792_y768.jpg
51,69,29,8,14,65,59369,6171,10.39,94.2,56.86,15.69,27.45,3,3,9,high,1,DNMT3A_2252_block2.jpg_x2048_y1024.jpg,DNMT3A_2252_block2.jpg,260509-HPA_DNMT3a_Patches影像檔案\256\1\DNMT3A_2252_block2.jpg_x2048_y1024.jpg
0,63,0,0,0,53,56549,0,0.0,84.13,0.0,0.0,0.0,2,3,6,high,1,DNMT3A_2252_block2.jpg_x2048_y1280.jpg,DNMT3A_2252_block2.jpg,260509-HPA_DNMT3a_Patches影像檔案\256\1\DNMT3A_2252_block2.jpg_x2048_y1280.jpg
58,67,36,9,13,59,60544,7311,12.08,88.06,62.07,15.52,22.41,3,3,9,high,1,DNMT3A_2252_block2.jpg_x2048_y1536.jpg,DNMT3A_2252_block2.jpg,260509-HPA_DNMT3a_Patches影像檔案\256\1\DNMT3A_2252_block2.jpg_x2048_y1536.jpg
57,76,30,15,12,69,60682,6952,11.46,90.79,52.63,26.32,21.05,3,3,9,high,1,DNMT3A_2252_block2.jpg_x2048_y1792.jpg,DNMT3A_2252_block2.jpg,260509-HPA_DNMT3a_Patches影像檔案\256\1\DNMT3A_2252_block2.jpg_x2048_y1792.jpg
67,80,42,9,16,76,60090,7673,12.77,95.0,62.69,13.43,23.88,3,3,9,high,1,DNMT3A_2252_block2.jpg_x2048_y2048.jpg,DNMT3A_2252_block2.jpg,260509-HPA_DNMT3a_Patches影像檔案\256\1\DNMT3A_2252_block2.jpg_x2048_y2048.jpg
66,69,32,15,19,67,50215,6215,12.38,97.1,48.48,22.73,28.79,3,3,9,high,1,DNMT3A_2252_block2.jpg_x2048_y2304.jpg,DNMT3A_2252_block2.jpg,260509-HPA_DNMT3a_Patches影像檔案\256\1\DNMT3A_2252_block2.jpg_x2048_y2304.jpg
51,46,31,10,10,46,57562,7805,13.56,100.0,60.78,19.61,19.61,3,3,9,high,1,DNMT3A_2252_block2.jpg_x2048_y768.jpg,DNMT3A_2252_block2.jpg,260509-HPA_DNMT3a_Patches影像檔案\256\1\DNMT3A_2252_block2.jpg_x2048_y768.jpg
41,35,30,6,5,35,39020,7557,19.37,100.0,73.17,14.63,12.2,3,3,9,high,1,DNMT3A_2252_block2.jpg_x2304_y1024.jpg,DNMT3A_2252_block2.jpg,260509-HPA_DNMT3a_Patches影像檔案\256\1\DNMT3A_2252_block2.jpg_x2304_y1024.jpg
43,55,24,11,8,52,55851,6930,12.41,94.55,55.81,25.58,18.6,3,3,9,high,1,DNMT3A_2252_block2.jpg_x2304_y1280.jpg,DNMT3A_2252_block2.jpg,260509-HPA_DNMT3a_Patches影像檔案\256\1\DNMT3A_2252_block2.jpg_x2304_y1280.jpg
47,54,21,14,12,49,58089,4887,8.41,90.74,44.68,29.79,25.53,3,3,9,high,1,DNMT3A_2252_block2.jpg_x2304_y1536.jpg,DNMT3A_2252_block2.jpg,260509-HPA_DNMT3a_Patches影像檔案\256\1\DNMT3A_2252_block2.jpg_x2304_y1536.jpg
63,65,45,9,9,64,56733,8997,15.86,98.46,71.43,14.29,14.29,3,3,9,high,1,DNMT3A_2252_block2.jpg_x2304_y1792.jpg,DNMT3A_2252_block2.jpg,260509-HPA_DNMT3a_Patches影像檔案\256\1\DNMT3A_2252_block2.jpg_x2304_y1792.jpg
42,50,29,9,4,46,33582,6623,19.72,92.0,69.05,21.43,9.52,2,3,6,high,1,DNMT3A_2252_block2.jpg_x2304_y2048.jpg,DNMT3A_2252_block2.jpg,260509-HPA_DNMT3a_Patches影像檔案\256\1\DNMT3A_2252_block2.jpg_x2304_y2048.jpg
8,12,3,3,2,12,16404,2781,16.95,100.0,37.5,37.5,25.0,3,3,9,high,1,DNMT3A_2252_block2.jpg_x2304_y768.jpg,DNMT3A_2252_block2.jpg,260509-HPA_DNMT3a_Patches影像檔案\256\1\DNMT3A_2252_block2.jpg_x2304_y768.jpg
35,39,21,3,11,38,32493,3765,11.59,97.44,60.0,8.57,31.43,3,3,9,high,1,DNMT3A_2252_block2.jpg_x256_y1024.jpg,DNMT3A_2252_block2.jpg,260509-HPA_DNMT3a_Patches影像檔案\256\1\DNMT3A_2252_block2.jpg_x256_y1024.jpg
48,59,37,6,5,56,41837,7479,17.88,94.92,77.08,12.5,10.42,2,3,6,high,1,DNMT3A_2252_block2.jpg_x256_y1280.jpg,DNMT3A_2252_block2.jpg,260509-HPA_DNMT3a_Patches影像檔案\256\1\DNMT3A_2252_block2.jpg_x256_y1280.jpg
33,50,21,3,9,48,36870,4576,12.41,96.0,63.64,9.09,27.27,3,3,9,high,1,DNMT3A_2252_block2.jpg_x256_y1536.jpg,DNMT3A_2252_block2.jpg,260509-HPA_DNMT3a_Patches影像檔案\256\1\DNMT3A_2252_block2.jpg_x256_y1536.jpg
24,30,12,7,5,30,22790,2348,10.3,100.0,50.0,29.17,20.83,3,3,9,high,1,DNMT3A_2252_block2.jpg_x256_y1792.jpg,DNMT3A_2252_block2.jpg,260509-HPA_DNMT3a_Patches影像檔案\256\1\DNMT3A_2252_block2.jpg_x256_y1792.jpg
72,79,49,12,11,72,61134,8786,14.37,91.14,68.06,16.67,15.28,3,3,9,high,1,DNMT3A_2252_block2.jpg_x512_y1024.jpg,DNMT3A_2252_block2.jpg,260509-HPA_DNMT3a_Patches影像檔案\256\1\DNMT3A_2252_block2.jpg_x512_y1024.jpg
62,75,43,9,10,71,59509,8250,13.86,94.67,69.35,14.52,16.13,3,3,9,high,1,DNMT3A_2252_block2.jpg_x512_y1280.jpg,DNMT3A_2252_block2.jpg,260509-HPA_DNMT3a_Patches影像檔案\256\1\DNMT3A_2252_block2.jpg_x512_y1280.jpg
64,74,42,10,12,68,60627,7483,12.34,91.89,65.62,15.62,18.75,3,3,9,high,1,DNMT3A_2252_block2.jpg_x512_y1536.jpg,DNMT3A_2252_block2.jpg,260509-HPA_DNMT3a_Patches影像檔案\256\1\DNMT3A_2252_block2.jpg_x512_y1536.jpg
64,81,33,11,20,68,57687,6040,10.47,83.95,51.56,17.19,31.25,3,3,9,high,1,DNMT3A_2252_block2.jpg_x512_y1792.jpg,DNMT3A_2252_block2.jpg,260509-HPA_DNMT3a_Patches影像檔案\256\1\DNMT3A_2252_block2.jpg_x512_y1792.jpg
47,55,22,11,14,55,53816,5450,10.13,100.0,46.81,23.4,29.79,3,3,9,high,1,DNMT3A_2252_block2.jpg_x512_y2048.jpg,DNMT3A_2252_block2.jpg,260509-HPA_DNMT3a_Patches影像檔案\256\1\DNMT3A_2252_block2.jpg_x512_y2048.jpg
59,56,37,8,14,56,50880,7073,13.9,100.0,62.71,13.56,23.73,3,3,9,high,1,DNMT3A_2252_block2.jpg_x512_y768.jpg,DNMT3A_2252_block2.jpg,260509-HPA_DNMT3a_Patches影像檔案\256\1\DNMT3A_2252_block2.jpg_x512_y768.jpg
72,76,52,13,7,72,57970,8442,14.56,94.74,72.22,18.06,9.72,2,3,6,high,1,DNMT3A_2252_block2.jpg_x768_y1024.jpg,DNMT3A_2252_block2.jpg,260509-HPA_DNMT3a_Patches影像檔案\256\1\DNMT3A_2252_block2.jpg_x768_y1024.jpg
59,91,43,7,9,81,60114,8842,14.71,89.01,72.88,11.86,15.25,3,3,9,high,1,DNMT3A_2252_block2.jpg_x768_y1280.jpg,DNMT3A_2252_block2.jpg,260509-HPA_DNMT3a_Patches影像檔案\256\1\DNMT3A_2252_block2.jpg_x768_y1280.jpg
61,84,33,14,14,81,59393,7659,12.9,96.43,54.1,22.95,22.95,3,3,9,high,1,DNMT3A_2252_block2.jpg_x768_y1536.jpg,DNMT3A_2252_block2.jpg,260509-HPA_DNMT3a_Patches影像檔案\256\1\DNMT3A_2252_block2.jpg_x768_y1536.jpg
49,67,34,8,7,64,55681,7319,13.14,95.52,69.39,16.33,14.29,3,3,9,high,1,DNMT3A_2252_block2.jpg_x768_y1792.jpg,DNMT3A_2252_block2.jpg,260509-HPA_DNMT3a_Patches影像檔案\256\1\DNMT3A_2252_block2.jpg_x768_y1792.jpg
50,67,35,10,5,61,56092,8771,15.64,91.04,70.0,20.0,10.0,2,3,6,high,1,DNMT3A_2252_block2.jpg_x768_y2048.jpg,DNMT3A_2252_block2.jpg,260509-HPA_DNMT3a_Patches影像檔案\256\1\DNMT3A_2252_block2.jpg_x768_y2048.jpg
40,58,16,6,18,58,53641,3226,6.01,100.0,40.0,15.0,45.0,3,3,9,high,1,DNMT3A_2252_block2.jpg_x768_y2304.jpg,DNMT3A_2252_block2.jpg,260509-HPA_DNMT3a_Patches影像檔案\256\1\DNMT3A_2252_block2.jpg_x768_y2304.jpg
41,56,15,8,18,56,57607,3381,5.87,100.0,36.59,19.51,43.9,3,3,9,high,1,DNMT3A_2252_block2.jpg_x768_y512.jpg,DNMT3A_2252_block2.jpg,260509-HPA_DNMT3a_Patches影像檔案\256\1\DNMT3A_2252_block2.jpg_x768_y512.jpg
59,69,40,7,12,67,57388,7498,13.07,97.1,67.8,11.86,20.34,3,3,9,high,1,DNMT3A_2252_block2.jpg_x768_y768.jpg,DNMT3A_2252_block2.jpg,260509-HPA_DNMT3a_Patches影像檔案\256\1\DNMT3A_2252_block2.jpg_x768_y768.jpg
0,28,0,0,0,28,21247,0,0.0,100.0,0.0,0.0,0.0,2,3,6,high,1,DNMT3A_2368_block2.jpg_x0_y1536.jpg,DNMT3A_2368_block2.jpg,260509-HPA_DNMT3a_Patches影像檔案\256\1\DNMT3A_2368_block2.jpg_x0_y1536.jpg
18,20,9,5,4,20,13020,2021,15.52,100.0,50.0,27.78,22.22,3,3,9,high,1,DNMT3A_2368_block2.jpg_x0_y1792.jpg,DNMT3A_2368_block2.jpg,260509-HPA_DNMT3a_Patches影像檔案\256\1\DNMT3A_2368_block2.jpg_x0_y1792.jpg
46,57,21,17,8,57,56994,6296,11.05,100.0,45.65,36.96,17.39,3,3,9,high,1,DNMT3A_2368_block2.jpg_x1024_y1024.jpg,DNMT3A_2368_block2.jpg,260509-HPA_DNMT3a_Patches影像檔案\256\1\DNMT3A_2368_block2.jpg_x1024_y1024.jpg
56,59,37,4,15,59,50252,6783,13.5,100.0,66.07,7.14,26.79,3,3,9,high,1,DNMT3A_2368_block2.jpg_x1024_y1280.jpg,DNMT3A_2368_block2.jpg,260509-HPA_DNMT3a_Patches影像檔案\256\1\DNMT3A_2368_block2.jpg_x1024_y1280.jpg
37,43,18,9,10,43,55091,4677,8.49,100.0,48.65,24.32,27.03,3,3,9,high,1,DNMT3A_2368_block2.jpg_x1024_y1536.jpg,DNMT3A_2368_block2.jpg,260509-HPA_DNMT3a_Patches影像檔案\256\1\DNMT3A_2368_block2.jpg_x1024_y1536.jpg
22,35,10,6,6,35,55507,3195,5.76,100.0,45.45,27.27,27.27,3,3,9,high,1,DNMT3A_2368_block2.jpg_x1024_y1792.jpg,DNMT3A_2368_block2.jpg,260509-HPA_DNMT3a_Patches影像檔案\256\1\DNMT3A_2368_block2.jpg_x1024_y1792.jpg
31,45,15,6,10,45,60127,3320,5.52,100.0,48.39,19.35,32.26,3,3,9,high,1,DNMT3A_2368_block2.jpg_x1024_y2304.jpg,DNMT3A_2368_block2.jpg,260509-HPA_DNMT3a_Patches影像檔案\256\1\DNMT3A_2368_block2.jpg_x1024_y2304.jpg
22,37,16,0,6,36,37857,3830,10.12,97.3,72.73,0.0,27.27,3,3,9,high,1,DNMT3A_2368_block2.jpg_x1024_y2560.jpg,DNMT3A_2368_block2.jpg,260509-HPA_DNMT3a_Patches影像檔案\256\1\DNMT3A_2368_block2.jpg_x1024_y2560.jpg
36,54,27,4,5,53,54333,5991,11.03,98.15,75.0,11.11,13.89,3,3,9,high,1,DNMT3A_2368_block2.jpg_x1024_y512.jpg,DNMT3A_2368_block2.jpg,260509-HPA_DNMT3a_Patches影像檔案\256\1\DNMT3A_2368_block2.jpg_x1024_y512.jpg
33,52,19,8,6,52,57398,4618,8.05,100.0,57.58,24.24,18.18,3,3,9,high,1,DNMT3A_2368_block2.jpg_x1024_y768.jpg,DNMT3A_2368_block2.jpg,260509-HPA_DNMT3a_Patches影像檔案\256\1\DNMT3A_2368_block2.jpg_x1024_y768.jpg
29,44,7,9,13,44,58358,3226,5.53,100.0,24.14,31.03,44.83,3,3,9,high,1,DNMT3A_2368_block2.jpg_x1280_y2048.jpg,DNMT3A_2368_block2.jpg,260509-HPA_DNMT3a_Patches影像檔案\256\1\DNMT3A_2368_block2.jpg_x1280_y2048.jpg
21,35,7,7,7,34,38169,3055,8.0,97.14,33.33,33.33,33.33,3,3,9,high,1,DNMT3A_2368_block2.jpg_x1280_y2560.jpg,DNMT3A_2368_block2.jpg,260509-HPA_DNMT3a_Patches影像檔案\256\1\DNMT3A_2368_block2.jpg_x1280_y2560.jpg
50,55,25,10,15,55,53015,4768,8.99,100.0,50.0,20.0,30.0,3,3,9,high,1,DNMT3A_2368_block2.jpg_x1536_y1024.jpg,DNMT3A_2368_block2.jpg,260509-HPA_DNMT3a_Patches影像檔案\256\1\DNMT3A_2368_block2.jpg_x1536_y1024.jpg
102,96,60,29,13,96,59111,8516,14.41,100.0,58.82,28.43,12.75,3,3,9,high,1,DNMT3A_2368_block2.jpg_x1536_y1280.jpg,DNMT3A_2368_block2.jpg,260509-HPA_DNMT3a_Patches影像檔案\256\1\DNMT3A_2368_block2.jpg_x1536_y1280.jpg
77,70,30,23,24,70,55878,5594,10.01,100.0,38.96,29.87,31.17,3,3,9,high,1,DNMT3A_2368_block2.jpg_x1536_y1536.jpg,DNMT3A_2368_block2.jpg,260509-HPA_DNMT3a_Patches影像檔案\256\1\DNMT3A_2368_block2.jpg_x1536_y1536.jpg
11,19,3,0,8,19,61995,2585,4.17,100.0,27.27,0.0,72.73,3,3,9,high,1,DNMT3A_2368_block2.jpg_x2304_y2048.jpg,DNMT3A_2368_block2.jpg,260509-HPA_DNMT3a_Patches影像檔案\256\1\DNMT3A_2368_block2.jpg_x2304_y2048.jpg
58,65,37,13,8,65,60112,7245,12.05,100.0,63.79,22.41,13.79,3,3,9,high,1,DNMT3A_2368_block2.jpg_x256_y1536.jpg,DNMT3A_2368_block2.jpg,260509-HPA_DNMT3a_Patches影像檔案\256\1\DNMT3A_2368_block2.jpg_x256_y1536.jpg
67,69,43,14,10,69,60318,9561,15.85,100.0,64.18,20.9,14.93,3,3,9,high,1,DNMT3A_2368_block2.jpg_x256_y1792.jpg,DNMT3A_2368_block2.jpg,260509-HPA_DNMT3a_Patches影像檔案\256\1\DNMT3A_2368_block2.jpg_x256_y1792.jpg
23,46,12,6,5,42,48891,3433,7.02,91.3,52.17,26.09,21.74,3,3,9,high,1,DNMT3A_2368_block2.jpg_x512_y1024.jpg,DNMT3A_2368_block2.jpg,260509-HPA_DNMT3a_Patches影像檔案\256\1\DNMT3A_2368_block2.jpg_x512_y1024.jpg
40,55,26,7,7,55,53960,6777,12.56,100.0,65.0,17.5,17.5,3,3,9,high,1,DNMT3A_2368_block2.jpg_x512_y768.jpg,DNMT3A_2368_block2.jpg,260509-HPA_DNMT3a_Patches影像檔案\256\1\DNMT3A_2368_block2.jpg_x512_y768.jpg
51,59,37,8,6,59,56475,9212,16.31,100.0,72.55,15.69,11.76,2,3,6,high,1,DNMT3A_2368_block2.jpg_x768_y1024.jpg,DNMT3A_2368_block2.jpg,260509-HPA_DNMT3a_Patches影像檔案\256\1\DNMT3A_2368_block2.jpg_x768_y1024.jpg
46,57,29,6,11,56,53190,6295,11.83,98.25,63.04,13.04,23.91,3,3,9,high,1,DNMT3A_2368_block2.jpg_x768_y1280.jpg,DNMT3A_2368_block2.jpg,260509-HPA_DNMT3a_Patches影像檔案\256\1\DNMT3A_2368_block2.jpg_x768_y1280.jpg
35,46,19,11,5,46,56311,4047,7.19,100.0,54.29,31.43,14.29,3,3,9,high,1,DNMT3A_2368_block2.jpg_x768_y256.jpg,DNMT3A_2368_block2.jpg,260509-HPA_DNMT3a_Patches影像檔案\256\1\DNMT3A_2368_block2.jpg_x768_y256.jpg
32,39,24,4,4,39,53716,7389,13.76,100.0,75.0,12.5,12.5,3,3,9,high,1,DNMT3A_2368_block2.jpg_x768_y512.jpg,DNMT3A_2368_block2.jpg,260509-HPA_DNMT3a_Patches影像檔案\256\1\DNMT3A_2368_block2.jpg_x768_y512.jpg
51,63,43,4,4,63,57635,12055,20.92,100.0,84.31,7.84,7.84,2,3,6,high,1,DNMT3A_2368_block2.jpg_x768_y768.jpg,DNMT3A_2368_block2.jpg,260509-HPA_DNMT3a_Patches影像檔案\256\1\DNMT3A_2368_block2.jpg_x768_y768.jpg
43,44,26,13,4,44,62228,14135,22.71,100.0,60.47,30.23,9.3,2,3,6,high,1,DNMT3A_2392_block1.jpg_x1024_y1024.jpg,DNMT3A_2392_block1.jpg,260509-HPA_DNMT3a_Patches影像檔案\256\1\DNMT3A_2392_block1.jpg_x1024_y1024.jpg
55,54,41,10,4,54,62214,14666,23.57,100.0,74.55,18.18,7.27,2,3,6,high,1,DNMT3A_2392_block1.jpg_x1024_y1280.jpg,DNMT3A_2392_block1.jpg,260509-HPA_DNMT3a_Patches影像檔案\256\1\DNMT3A_2392_block1.jpg_x1024_y1280.jpg
85,88,72,9,4,88,62215,12097,19.44,100.0,84.71,10.59,4.71,2,3,6,high,1,DNMT3A_2392_block1.jpg_x1024_y1536.jpg,DNMT3A_2392_block1.jpg,260509-HPA_DNMT3a_Patches影像檔案\256\1\DNMT3A_2392_block1.jpg_x1024_y1536.jpg
87,75,76,5,6,75,61615,11306,18.35,100.0,87.36,5.75,6.9,2,3,6,high,1,DNMT3A_2392_block1.jpg_x1024_y1792.jpg,DNMT3A_2392_block1.jpg,260509-HPA_DNMT3a_Patches影像檔案\256\1\DNMT3A_2392_block1.jpg_x1024_y1792.jpg
42,48,33,5,4,48,61157,11224,18.35,100.0,78.57,11.9,9.52,2,3,6,high,1,DNMT3A_2392_block1.jpg_x1024_y2048.jpg,DNMT3A_2392_block1.jpg,260509-HPA_DNMT3a_Patches影像檔案\256\1\DNMT3A_2392_block1.jpg_x1024_y2048.jpg
47,41,34,10,3,41,58419,10483,17.94,100.0,72.34,21.28,6.38,2,3,6,high,1,DNMT3A_2392_block1.jpg_x1024_y2304.jpg,DNMT3A_2392_block1.jpg,260509-HPA_DNMT3a_Patches影像檔案\256\1\DNMT3A_2392_block1.jpg_x1024_y2304.jpg
40,40,32,4,4,40,55552,13198,23.76,100.0,80.0,10.0,10.0,2,3,6,high,1,DNMT3A_2392_block1.jpg_x1024_y2560.jpg,DNMT3A_2392_block1.jpg,260509-HPA_DNMT3a_Patches影像檔案\256\1\DNMT3A_2392_block1.jpg_x1024_y2560.jpg
41,57,28,10,3,57,61923,15153,24.47,100.0,68.29,24.39,7.32,2,3,6,high,1,DNMT3A_2392_block1.jpg_x1024_y512.jpg,DNMT3A_2392_block1.jpg,260509-HPA_DNMT3a_Patches影像檔案\256\1\DNMT3A_2392_block1.jpg_x1024_y512.jpg
47,46,35,5,7,46,60910,11023,18.1,100.0,74.47,10.64,14.89,3,3,9,high,1,DNMT3A_2392_block1.jpg_x1024_y768.jpg,DNMT3A_2392_block1.jpg,260509-HPA_DNMT3a_Patches影像檔案\256\1\DNMT3A_2392_block1.jpg_x1024_y768.jpg
44,57,30,12,2,57,61692,13409,21.74,100.0,68.18,27.27,4.55,2,3,6,high,1,DNMT3A_2392_block1.jpg_x1280_y1024.jpg,DNMT3A_2392_block1.jpg,260509-HPA_DNMT3a_Patches影像檔案\256\1\DNMT3A_2392_block1.jpg_x1280_y1024.jpg
55,58,40,8,7,58,62184,13386,21.53,100.0,72.73,14.55,12.73,3,3,9,high,1,DNMT3A_2392_block1.jpg_x1280_y1280.jpg,DNMT3A_2392_block1.jpg,260509-HPA_DNMT3a_Patches影像檔案\256\1\DNMT3A_2392_block1.jpg_x1280_y1280.jpg
51,55,35,10,6,55,62225,15302,24.59,100.0,68.63,19.61,11.76,3,3,9,high,1,DNMT3A_2392_block1.jpg_x1280_y1536.jpg,DNMT3A_2392_block1.jpg,260509-HPA_DNMT3a_Patches影像檔案\256\1\DNMT3A_2392_block1.jpg_x1280_y1536.jpg
43,39,28,10,5,39,62128,15799,25.43,100.0,65.12,23.26,11.63,3,3,9,high,1,DNMT3A_2392_block1.jpg_x1280_y1792.jpg,DNMT3A_2392_block1.jpg,260509-HPA_DNMT3a_Patches影像檔案\256\1\DNMT3A_2392_block1.jpg_x1280_y1792.jpg
39,42,32,3,4,42,61413,14201,23.12,100.0,82.05,7.69,10.26,2,3,6,high,1,DNMT3A_2392_block1.jpg_x1280_y2048.jpg,DNMT3A_2392_block1.jpg,260509-HPA_DNMT3a_Patches影像檔案\256\1\DNMT3A_2392_block1.jpg_x1280_y2048.jpg
35,38,27,4,4,38,62230,10038,16.13,100.0,77.14,11.43,11.43,2,3,6,high,1,DNMT3A_2392_block1.jpg_x1280_y2304.jpg,DNMT3A_2392_block1.jpg,260509-HPA_DNMT3a_Patches影像檔案\256\1\DNMT3A_2392_block1.jpg_x1280_y2304.jpg
54,57,47,3,4,57,47086,9832,20.88,100.0,87.04,5.56,7.41,2,3,6,high,1,DNMT3A_2392_block1.jpg_x1280_y256.jpg,DNMT3A_2392_block1.jpg,260509-HPA_DNMT3a_Patches影像檔案\256\1\DNMT3A_2392_block1.jpg_x1280_y256.jpg
34,40,24,3,7,40,62158,6730,10.83,100.0,70.59,8.82,20.59,3,3,9,high,1,DNMT3A_2392_block1.jpg_x1280_y2560.jpg,DNMT3A_2392_block1.jpg,260509-HPA_DNMT3a_Patches影像檔案\256\1\DNMT3A_2392_block1.jpg_x1280_y2560.jpg
45,51,28,13,4,51,61628,14635,23.75,100.0,62.22,28.89,8.89,2,3,6,high,1,DNMT3A_2392_block1.jpg_x1280_y512.jpg,DNMT3A_2392_block1.jpg,260509-HPA_DNMT3a_Patches影像檔案\256\1\DNMT3A_2392_block1.jpg_x1280_y512.jpg
44,40,28,13,3,40,62238,15591,25.05,100.0,63.64,29.55,6.82,2,3,6,high,1,DNMT3A_2392_block1.jpg_x1280_y768.jpg,DNMT3A_2392_block1.jpg,260509-HPA_DNMT3a_Patches影像檔案\256\1\DNMT3A_2392_block1.jpg_x1280_y768.jpg
43,56,31,7,5,56,62196,12760,20.52,100.0,72.09,16.28,11.63,2,3,6,high,1,DNMT3A_2392_block1.jpg_x1536_y1024.jpg,DNMT3A_2392_block1.jpg,260509-HPA_DNMT3a_Patches影像檔案\256\1\DNMT3A_2392_block1.jpg_x1536_y1024.jpg
49,49,30,14,5,49,61471,13352,21.72,100.0,61.22,28.57,10.2,2,3,6,high,1,DNMT3A_2392_block1.jpg_x1536_y1280.jpg,DNMT3A_2392_block1.jpg,260509-HPA_DNMT3a_Patches影像檔案\256\1\DNMT3A_2392_block1.jpg_x1536_y1280.jpg
45,47,33,8,4,47,56138,12625,22.49,100.0,73.33,17.78,8.89,2,3,6,high,1,DNMT3A_2392_block1.jpg_x1536_y1536.jpg,DNMT3A_2392_block1.jpg,260509-HPA_DNMT3a_Patches影像檔案\256\1\DNMT3A_2392_block1.jpg_x1536_y1536.jpg
37,38,28,6,3,38,56683,13948,24.61,100.0,75.68,16.22,8.11,2,3,6,high,1,DNMT3A_2392_block1.jpg_x1536_y1792.jpg,DNMT3A_2392_block1.jpg,260509-HPA_DNMT3a_Patches影像檔案\256\1\DNMT3A_2392_block1.jpg_x1536_y1792.jpg
17,29,12,1,4,29,61220,4959,8.1,100.0,70.59,5.88,23.53,3,3,9,high,1,DNMT3A_2392_block1.jpg_x1536_y2048.jpg,DNMT3A_2392_block1.jpg,260509-HPA_DNMT3a_Patches影像檔案\256\1\DNMT3A_2392_block1.jpg_x1536_y2048.jpg
48,52,43,3,2,52,46274,7827,16.91,100.0,89.58,6.25,4.17,2,3,6,high,1,DNMT3A_2392_block1.jpg_x1536_y256.jpg,DNMT3A_2392_block1.jpg,260509-HPA_DNMT3a_Patches影像檔案\256\1\DNMT3A_2392_block1.jpg_x1536_y256.jpg
25,30,17,2,6,30,60976,4382,7.19,100.0,68.0,8.0,24.0,3,3,9,high,1,DNMT3A_2392_block1.jpg_x1536_y2560.jpg,DNMT3A_2392_block1.jpg,260509-HPA_DNMT3a_Patches影像檔案\256\1\DNMT3A_2392_block1.jpg_x1536_y2560.jpg
35,41,18,12,5,41,62227,14786,23.76,100.0,51.43,34.29,14.29,3,3,9,high,1,DNMT3A_2392_block1.jpg_x1536_y512.jpg,DNMT3A_2392_block1.jpg,260509-HPA_DNMT3a_Patches影像檔案\256\1\DNMT3A_2392_block1.jpg_x1536_y512.jpg
44,49,29,12,3,49,60152,14251,23.69,100.0,65.91,27.27,6.82,2,3,6,high,1,DNMT3A_2392_block1.jpg_x1536_y768.jpg,DNMT3A_2392_block1.jpg,260509-HPA_DNMT3a_Patches影像檔案\256\1\DNMT3A_2392_block1.jpg_x1536_y768.jpg
42,43,24,11,7,43,61203,11852,19.37,100.0,57.14,26.19,16.67,3,3,9,high,1,DNMT3A_2392_block1.jpg_x1792_y1024.jpg,DNMT3A_2392_block1.jpg,260509-HPA_DNMT3a_Patches影像檔案\256\1\DNMT3A_2392_block1.jpg_x1792_y1024.jpg
49,51,32,11,6,51,60669,15638,25.78,100.0,65.31,22.45,12.24,3,3,9,high,1,DNMT3A_2392_block1.jpg_x1792_y1280.jpg,DNMT3A_2392_block1.jpg,260509-HPA_DNMT3a_Patches影像檔案\256\1\DNMT3A_2392_block1.jpg_x1792_y1280.jpg
40,35,25,8,7,35,60565,12724,21.01,100.0,62.5,20.0,17.5,3,3,9,high,1,DNMT3A_2392_block1.jpg_x1792_y1536.jpg,DNMT3A_2392_block1.jpg,260509-HPA_DNMT3a_Patches影像檔案\256\1\DNMT3A_2392_block1.jpg_x1792_y1536.jpg
44,41,30,10,4,41,61112,12188,19.94,100.0,68.18,22.73,9.09,2,3,6,high,1,DNMT3A_2392_block1.jpg_x1792_y1792.jpg,DNMT3A_2392_block1.jpg,260509-HPA_DNMT3a_Patches影像檔案\256\1\DNMT3A_2392_block1.jpg_x1792_y1792.jpg
39,46,29,5,5,46,62239,8672,13.93,100.0,74.36,12.82,12.82,3,3,9,high,1,DNMT3A_2392_block1.jpg_x1792_y2048.jpg,DNMT3A_2392_block1.jpg,260509-HPA_DNMT3a_Patches影像檔案\256\1\DNMT3A_2392_block1.jpg_x1792_y2048.jpg
25,30,17,5,3,30,62191,9243,14.86,100.0,68.0,20.0,12.0,3,3,9,high,1,DNMT3A_2392_block1.jpg_x1792_y2304.jpg,DNMT3A_2392_block1.jpg,260509-HPA_DNMT3a_Patches影像檔案\256\1\DNMT3A_2392_block1.jpg_x1792_y2304.jpg
54,52,50,2,2,52,35584,8657,24.33,100.0,92.59,3.7,3.7,1,3,3,low,1,DNMT3A_2392_block1.jpg_x1792_y256.jpg,DNMT3A_2392_block1.jpg,260509-HPA_DNMT3a_Patches影像檔案\256\1\DNMT3A_2392_block1.jpg_x1792_y256.jpg
43,43,34,5,4,43,60783,14331,23.58,100.0,79.07,11.63,9.3,2,3,6,high,1,DNMT3A_2392_block1.jpg_x1792_y2560.jpg,DNMT3A_2392_block1.jpg,260509-HPA_DNMT3a_Patches影像檔案\256\1\DNMT3A_2392_block1.jpg_x1792_y2560.jpg
39,50,27,9,3,49,60325,13185,21.86,98.0,69.23,23.08,7.69,2,3,6,high,1,DNMT3A_2392_block1.jpg_x1792_y512.jpg,DNMT3A_2392_block1.jpg,260509-HPA_DNMT3a_Patches影像檔案\256\1\DNMT3A_2392_block1.jpg_x1792_y512.jpg
42,46,31,7,4,46,62221,13845,22.25,100.0,73.81,16.67,9.52,2,3,6,high,1,DNMT3A_2392_block1.jpg_x1792_y768.jpg,DNMT3A_2392_block1.jpg,260509-HPA_DNMT3a_Patches影像檔案\256\1\DNMT3A_2392_block1.jpg_x1792_y768.jpg
36,34,24,8,4,34,62194,13377,21.51,100.0,66.67,22.22,11.11,2,3,6,high,1,DNMT3A_2392_block1.jpg_x2048_y1024.jpg,DNMT3A_2392_block1.jpg,260509-HPA_DNMT3a_Patches影像檔案\256\1\DNMT3A_2392_block1.jpg_x2048_y1024.jpg
41,45,30,9,2,45,61921,16103,26.01,100.0,73.17,21.95,4.88,2,3,6,high,1,DNMT3A_2392_block1.jpg_x2048_y1280.jpg,DNMT3A_2392_block1.jpg,260509-HPA_DNMT3a_Patches影像檔案\256\1\DNMT3A_2392_block1.jpg_x2048_y1280.jpg
50,45,29,14,7,45,62244,14729,23.66,100.0,58.0,28.0,14.0,3,3,9,high,1,DNMT3A_2392_block1.jpg_x2048_y1536.jpg,DNMT3A_2392_block1.jpg,260509-HPA_DNMT3a_Patches影像檔案\256\1\DNMT3A_2392_block1.jpg_x2048_y1536.jpg
47,42,30,11,6,42,62250,13110,21.06,100.0,63.83,23.4,12.77,3,3,9,high,1,DNMT3A_2392_block1.jpg_x2048_y1792.jpg,DNMT3A_2392_block1.jpg,260509-HPA_DNMT3a_Patches影像檔案\256\1\DNMT3A_2392_block1.jpg_x2048_y1792.jpg
40,38,23,12,5,38,62255,12818,20.59,100.0,57.5,30.0,12.5,3,3,9,high,1,DNMT3A_2392_block1.jpg_x2048_y2048.jpg,DNMT3A_2392_block1.jpg,260509-HPA_DNMT3a_Patches影像檔案\256\1\DNMT3A_2392_block1.jpg_x2048_y2048.jpg
42,52,29,9,4,52,58516,13000,22.22,100.0,69.05,21.43,9.52,2,3,6,high,1,DNMT3A_2392_block1.jpg_x2048_y2304.jpg,DNMT3A_2392_block1.jpg,260509-HPA_DNMT3a_Patches影像檔案\256\1\DNMT3A_2392_block1.jpg_x2048_y2304.jpg
20,41,9,8,3,41,31176,6498,20.84,100.0,45.0,40.0,15.0,3,3,9,high,1,DNMT3A_2392_block1.jpg_x2048_y2560.jpg,DNMT3A_2392_block1.jpg,260509-HPA_DNMT3a_Patches影像檔案\256\1\DNMT3A_2392_block1.jpg_x2048_y2560.jpg
72,56,64,5,3,56,58735,11990,20.41,100.0,88.89,6.94,4.17,2,3,6,high,1,DNMT3A_2392_block1.jpg_x2048_y512.jpg,DNMT3A_2392_block1.jpg,260509-HPA_DNMT3a_Patches影像檔案\256\1\DNMT3A_2392_block1.jpg_x2048_y512.jpg
48,46,42,4,2,46,62229,12547,20.16,100.0,87.5,8.33,4.17,2,3,6,high,1,DNMT3A_2392_block1.jpg_x2048_y768.jpg,DNMT3A_2392_block1.jpg,260509-HPA_DNMT3a_Patches影像檔案\256\1\DNMT3A_2392_block1.jpg_x2048_y768.jpg
50,50,40,6,4,50,57016,9998,17.54,100.0,80.0,12.0,8.0,2,3,6,high,1,DNMT3A_2392_block1.jpg_x2304_y1024.jpg,DNMT3A_2392_block1.jpg,260509-HPA_DNMT3a_Patches影像檔案\256\1\DNMT3A_2392_block1.jpg_x2304_y1024.jpg
47,56,42,1,4,56,60212,11580,19.23,100.0,89.36,2.13,8.51,2,3,6,high,1,DNMT3A_2392_block1.jpg_x2304_y1280.jpg,DNMT3A_2392_block1.jpg,260509-HPA_DNMT3a_Patches影像檔案\256\1\DNMT3A_2392_block1.jpg_x2304_y1280.jpg
53,62,33,15,5,62,60762,11333,18.65,100.0,62.26,28.3,9.43,2,3,6,high,1,DNMT3A_2392_block1.jpg_x2304_y1536.jpg,DNMT3A_2392_block1.jpg,260509-HPA_DNMT3a_Patches影像檔案\256\1\DNMT3A_2392_block1.jpg_x2304_y1536.jpg
38,59,33,2,3,59,54946,9650,17.56,100.0,86.84,5.26,7.89,2,3,6,high,1,DNMT3A_2392_block1.jpg_x2304_y1792.jpg,DNMT3A_2392_block1.jpg,260509-HPA_DNMT3a_Patches影像檔案\256\1\DNMT3A_2392_block1.jpg_x2304_y1792.jpg
39,51,30,7,2,50,54912,6523,11.88,98.04,76.92,17.95,5.13,2,3,6,high,1,DNMT3A_2392_block1.jpg_x2304_y2048.jpg,DNMT3A_2392_block1.jpg,260509-HPA_DNMT3a_Patches影像檔案\256\1\DNMT3A_2392_block1.jpg_x2304_y2048.jpg
46,55,42,3,1,55,52973,13557,25.59,100.0,91.3,6.52,2.17,1,3,3,low,1,DNMT3A_2392_block1.jpg_x2304_y768.jpg,DNMT3A_2392_block1.jpg,260509-HPA_DNMT3a_Patches影像檔案\256\1\DNMT3A_2392_block1.jpg_x2304_y768.jpg
50,53,36,12,2,53,40176,8746,21.77,100.0,72.0,24.0,4.0,2,3,6,high,1,DNMT3A_2392_block1.jpg_x2560_y1280.jpg,DNMT3A_2392_block1.jpg,260509-HPA_DNMT3a_Patches影像檔案\256\1\DNMT3A_2392_block1.jpg_x2560_y1280.jpg
59,64,51,7,1,64,48375,11139,23.03,100.0,86.44,11.86,1.69,2,3,6,high,1,DNMT3A_2392_block1.jpg_x2560_y1536.jpg,DNMT3A_2392_block1.jpg,260509-HPA_DNMT3a_Patches影像檔案\256\1\DNMT3A_2392_block1.jpg_x2560_y1536.jpg
42,40,22,16,4,40,44075,11592,26.3,100.0,52.38,38.1,9.52,2,3,6,high,1,DNMT3A_2392_block1.jpg_x256_y1024.jpg,DNMT3A_2392_block1.jpg,260509-HPA_DNMT3a_Patches影像檔案\256\1\DNMT3A_2392_block1.jpg_x256_y1024.jpg
44,50,34,7,3,50,55784,13739,24.63,100.0,77.27,15.91,6.82,2,3,6,high,1,DNMT3A_2392_block1.jpg_x256_y1280.jpg,DNMT3A_2392_block1.jpg,260509-HPA_DNMT3a_Patches影像檔案\256\1\DNMT3A_2392_block1.jpg_x256_y1280.jpg
40,38,25,9,6,38,52732,14102,26.74,100.0,62.5,22.5,15.0,3,3,9,high,1,DNMT3A_2392_block1.jpg_x256_y1536.jpg,DNMT3A_2392_block1.jpg,260509-HPA_DNMT3a_Patches影像檔案\256\1\DNMT3A_2392_block1.jpg_x256_y1536.jpg
42,45,28,10,4,45,45464,8766,19.28,100.0,66.67,23.81,9.52,2,3,6,high,1,DNMT3A_2392_block1.jpg_x256_y1792.jpg,DNMT3A_2392_block1.jpg,260509-HPA_DNMT3a_Patches影像檔案\256\1\DNMT3A_2392_block1.jpg_x256_y1792.jpg
19,18,17,1,1,18,17597,3133,17.8,100.0,89.47,5.26,5.26,1,3,3,low,1,DNMT3A_2392_block1.jpg_x256_y2048.jpg,DNMT3A_2392_block1.jpg,260509-HPA_DNMT3a_Patches影像檔案\256\1\DNMT3A_2392_block1.jpg_x256_y2048.jpg
21,26,13,5,3,26,18542,3163,17.06,100.0,61.9,23.81,14.29,3,3,9,high,1,DNMT3A_2392_block1.jpg_x256_y768.jpg,DNMT3A_2392_block1.jpg,260509-HPA_DNMT3a_Patches影像檔案\256\1\DNMT3A_2392_block1.jpg_x256_y768.jpg
49,54,35,10,4,54,60566,13189,21.78,100.0,71.43,20.41,8.16,2,3,6,high,1,DNMT3A_2392_block1.jpg_x512_y1024.jpg,DNMT3A_2392_block1.jpg,260509-HPA_DNMT3a_Patches影像檔案\256\1\DNMT3A_2392_block1.jpg_x512_y1024.jpg
51,51,30,14,7,51,62258,15855,25.47,100.0,58.82,27.45,13.73,3,3,9,high,1,DNMT3A_2392_block1.jpg_x512_y1280.jpg,DNMT3A_2392_block1.jpg,260509-HPA_DNMT3a_Patches影像檔案\256\1\DNMT3A_2392_block1.jpg_x512_y1280.jpg
44,43,21,16,7,43,61776,15022,24.32,100.0,47.73,36.36,15.91,3,3,9,high,1,DNMT3A_2392_block1.jpg_x512_y1536.jpg,DNMT3A_2392_block1.jpg,260509-HPA_DNMT3a_Patches影像檔案\256\1\DNMT3A_2392_block1.jpg_x512_y1536.jpg
58,58,44,10,4,58,62235,13757,22.1,100.0,75.86,17.24,6.9,2,3,6,high,1,DNMT3A_2392_block1.jpg_x512_y1792.jpg,DNMT3A_2392_block1.jpg,260509-HPA_DNMT3a_Patches影像檔案\256\1\DNMT3A_2392_block1.jpg_x512_y1792.jpg
39,39,28,6,5,39,59664,11559,19.37,100.0,71.79,15.38,12.82,3,3,9,high,1,DNMT3A_2392_block1.jpg_x512_y2048.jpg,DNMT3A_2392_block1.jpg,260509-HPA_DNMT3a_Patches影像檔案\256\1\DNMT3A_2392_block1.jpg_x512_y2048.jpg
28,27,24,3,1,27,34683,9616,27.73,100.0,85.71,10.71,3.57,2,3,6,high,1,DNMT3A_2392_block1.jpg_x512_y2304.jpg,DNMT3A_2392_block1.jpg,260509-HPA_DNMT3a_Patches影像檔案\256\1\DNMT3A_2392_block1.jpg_x512_y2304.jpg
23,29,15,5,3,29,33278,6848,20.58,100.0,65.22,21.74,13.04,3,3,9,high,1,DNMT3A_2392_block1.jpg_x512_y512.jpg,DNMT3A_2392_block1.jpg,260509-HPA_DNMT3a_Patches影像檔案\256\1\DNMT3A_2392_block1.jpg_x512_y512.jpg
51,60,38,9,4,60,59939,12039,20.09,100.0,74.51,17.65,7.84,2,3,6,high,1,DNMT3A_2392_block1.jpg_x512_y768.jpg,DNMT3A_2392_block1.jpg,260509-HPA_DNMT3a_Patches影像檔案\256\1\DNMT3A_2392_block1.jpg_x512_y768.jpg
44,43,30,8,6,43,61320,15989,26.07,100.0,68.18,18.18,13.64,3,3,9,high,1,DNMT3A_2392_block1.jpg_x768_y1024.jpg,DNMT3A_2392_block1.jpg,260509-HPA_DNMT3a_Patches影像檔案\256\1\DNMT3A_2392_block1.jpg_x768_y1024.jpg
49,53,34,9,6,53,62248,14840,23.84,100.0,69.39,18.37,12.24,3,3,9,high,1,DNMT3A_2392_block1.jpg_x768_y1280.jpg,DNMT3A_2392_block1.jpg,260509-HPA_DNMT3a_Patches影像檔案\256\1\DNMT3A_2392_block1.jpg_x768_y1280.jpg
59,73,44,9,6,73,62231,12750,20.49,100.0,74.58,15.25,10.17,2,3,6,high,1,DNMT3A_2392_block1.jpg_x768_y1536.jpg,DNMT3A_2392_block1.jpg,260509-HPA_DNMT3a_Patches影像檔案\256\1\DNMT3A_2392_block1.jpg_x768_y1536.jpg
62,68,51,9,2,68,59573,13077,21.95,100.0,82.26,14.52,3.23,2,3,6,high,1,DNMT3A_2392_block1.jpg_x768_y1792.jpg,DNMT3A_2392_block1.jpg,260509-HPA_DNMT3a_Patches影像檔案\256\1\DNMT3A_2392_block1.jpg_x768_y1792.jpg
37,31,28,6,3,31,61820,16144,26.11,100.0,75.68,16.22,8.11,2,3,6,high,1,DNMT3A_2392_block1.jpg_x768_y2048.jpg,DNMT3A_2392_block1.jpg,260509-HPA_DNMT3a_Patches影像檔案\256\1\DNMT3A_2392_block1.jpg_x768_y2048.jpg
57,58,54,1,2,58,61073,13492,22.09,100.0,94.74,1.75,3.51,1,3,3,low,1,DNMT3A_2392_block1.jpg_x768_y2304.jpg,DNMT3A_2392_block1.jpg,260509-HPA_DNMT3a_Patches影像檔案\256\1\DNMT3A_2392_block1.jpg_x768_y2304.jpg
35,36,28,6,1,36,30946,6408,20.71,100.0,80.0,17.14,2.86,2,3,6,high,1,DNMT3A_2392_block1.jpg_x768_y2560.jpg,DNMT3A_2392_block1.jpg,260509-HPA_DNMT3a_Patches影像檔案\256\1\DNMT3A_2392_block1.jpg_x768_y2560.jpg
44,51,28,13,3,51,58780,12147,20.67,100.0,63.64,29.55,6.82,2,3,6,high,1,DNMT3A_2392_block1.jpg_x768_y512.jpg,DNMT3A_2392_block1.jpg,260509-HPA_DNMT3a_Patches影像檔案\256\1\DNMT3A_2392_block1.jpg_x768_y512.jpg
47,51,35,4,8,51,62055,15569,25.09,100.0,74.47,8.51,17.02,3,3,9,high,1,DNMT3A_2392_block1.jpg_x768_y768.jpg,DNMT3A_2392_block1.jpg,260509-HPA_DNMT3a_Patches影像檔案\256\1\DNMT3A_2392_block1.jpg_x768_y768.jpg
5,16,0,0,5,15,25402,473,1.86,93.75,0.0,0.0,100.0,3,3,9,high,1,DNMT3A_2407_block2.jpg_x1024_y256.jpg,DNMT3A_2407_block2.jpg,260509-HPA_DNMT3a_Patches影像檔案\256\1\DNMT3A_2407_block2.jpg_x1024_y256.jpg
12,33,0,0,12,33,32300,781,2.42,100.0,0.0,0.0,100.0,3,3,9,high,1,DNMT3A_2407_block2.jpg_x1024_y512.jpg,DNMT3A_2407_block2.jpg,260509-HPA_DNMT3a_Patches影像檔案\256\1\DNMT3A_2407_block2.jpg_x1024_y512.jpg
6,15,0,0,6,15,18207,473,2.6,100.0,0.0,0.0,100.0,3,3,9,high,1,DNMT3A_2407_block2.jpg_x1280_y1024.jpg,DNMT3A_2407_block2.jpg,260509-HPA_DNMT3a_Patches影像檔案\256\1\DNMT3A_2407_block2.jpg_x1280_y1024.jpg
5,8,2,1,2,8,14526,1088,7.49,100.0,40.0,20.0,40.0,3,3,9,high,1,DNMT3A_2407_block2.jpg_x1280_y1792.jpg,DNMT3A_2407_block2.jpg,260509-HPA_DNMT3a_Patches影像檔案\256\1\DNMT3A_2407_block2.jpg_x1280_y1792.jpg
0,27,0,0,0,27,19753,0,0.0,100.0,0.0,0.0,0.0,3,3,9,high,1,DNMT3A_2407_block2.jpg_x1280_y256.jpg,DNMT3A_2407_block2.jpg,260509-HPA_DNMT3a_Patches影像檔案\256\1\DNMT3A_2407_block2.jpg_x1280_y256.jpg
6,23,0,0,6,23,31265,434,1.39,100.0,0.0,0.0,100.0,3,3,9,high,1,DNMT3A_2407_block2.jpg_x1280_y512.jpg,DNMT3A_2407_block2.jpg,260509-HPA_DNMT3a_Patches影像檔案\256\1\DNMT3A_2407_block2.jpg_x1280_y512.jpg
2,18,0,0,2,18,15024,293,1.95,100.0,0.0,0.0,100.0,3,3,9,high,1,DNMT3A_2407_block2.jpg_x1536_y1536.jpg,DNMT3A_2407_block2.jpg,260509-HPA_DNMT3a_Patches影像檔案\256\1\DNMT3A_2407_block2.jpg_x1536_y1536.jpg
27,21,20,4,3,21,7111,1325,18.63,100.0,74.07,14.81,11.11,2,3,6,high,1,DNMT3A_2407_block2.jpg_x1536_y1792.jpg,DNMT3A_2407_block2.jpg,260509-HPA_DNMT3a_Patches影像檔案\256\1\DNMT3A_2407_block2.jpg_x1536_y1792.jpg
11,12,9,2,0,12,19465,5091,26.15,100.0,81.82,18.18,0.0,2,3,6,high,1,DNMT3A_2407_block2.jpg_x1536_y2048.jpg,DNMT3A_2407_block2.jpg,260509-HPA_DNMT3a_Patches影像檔案\256\1\DNMT3A_2407_block2.jpg_x1536_y2048.jpg
5,11,1,1,3,11,10336,549,5.31,100.0,20.0,20.0,60.0,3,3,9,high,1,DNMT3A_2407_block2.jpg_x1536_y2304.jpg,DNMT3A_2407_block2.jpg,260509-HPA_DNMT3a_Patches影像檔案\256\1\DNMT3A_2407_block2.jpg_x1536_y2304.jpg
11,41,0,1,10,41,38900,916,2.35,100.0,0.0,9.09,90.91,3,3,9,high,1,DNMT3A_2407_block2.jpg_x1536_y512.jpg,DNMT3A_2407_block2.jpg,260509-HPA_DNMT3a_Patches影像檔案\256\1\DNMT3A_2407_block2.jpg_x1536_y512.jpg
10,29,0,0,10,29,32409,878,2.71,100.0,0.0,0.0,100.0,3,3,9,high,1,DNMT3A_2407_block2.jpg_x1536_y768.jpg,DNMT3A_2407_block2.jpg,260509-HPA_DNMT3a_Patches影像檔案\256\1\DNMT3A_2407_block2.jpg_x1536_y768.jpg
0,27,0,0,0,27,43632,0,0.0,100.0,0.0,0.0,0.0,3,3,9,high,1,DNMT3A_2407_block2.jpg_x1792_y1024.jpg,DNMT3A_2407_block2.jpg,260509-HPA_DNMT3a_Patches影像檔案\256\1\DNMT3A_2407_block2.jpg_x1792_y1024.jpg
0,24,0,0,0,23,25817,0,0.0,95.83,0.0,0.0,0.0,3,3,9,high,1,DNMT3A_2407_block2.jpg_x1792_y1280.jpg,DNMT3A_2407_block2.jpg,260509-HPA_DNMT3a_Patches影像檔案\256\1\DNMT3A_2407_block2.jpg_x1792_y1280.jpg
3,12,0,0,3,12,10378,328,3.16,100.0,0.0,0.0,100.0,3,3,9,high,1,DNMT3A_2407_block2.jpg_x1792_y1536.jpg,DNMT3A_2407_block2.jpg,260509-HPA_DNMT3a_Patches影像檔案\256\1\DNMT3A_2407_block2.jpg_x1792_y1536.jpg
2,8,0,0,2,8,5903,161,2.73,100.0,0.0,0.0,100.0,3,3,9,high,1,DNMT3A_2407_block2.jpg_x1792_y1792.jpg,DNMT3A_2407_block2.jpg,260509-HPA_DNMT3a_Patches影像檔案\256\1\DNMT3A_2407_block2.jpg_x1792_y1792.jpg
11,7,5,4,2,7,6357,1702,26.77,100.0,45.45,36.36,18.18,3,3,9,high,1,DNMT3A_2407_block2.jpg_x1792_y2304.jpg,DNMT3A_2407_block2.jpg,260509-HPA_DNMT3a_Patches影像檔案\256\1\DNMT3A_2407_block2.jpg_x1792_y2304.jpg
2,17,0,0,2,17,10360,231,2.23,100.0,0.0,0.0,100.0,3,3,9,high,1,DNMT3A_2407_block2.jpg_x1792_y512.jpg,DNMT3A_2407_block2.jpg,260509-HPA_DNMT3a_Patches影像檔案\256\1\DNMT3A_2407_block2.jpg_x1792_y512.jpg
8,48,0,0,8,48,33355,451,1.35,100.0,0.0,0.0,100.0,3,3,9,high,1,DNMT3A_2407_block2.jpg_x1792_y768.jpg,DNMT3A_2407_block2.jpg,260509-HPA_DNMT3a_Patches影像檔案\256\1\DNMT3A_2407_block2.jpg_x1792_y768.jpg
0,2,0,0,0,2,6952,0,0.0,100.0,0.0,0.0,0.0,3,3,9,high,1,DNMT3A_2407_block2.jpg_x2048_y1280.jpg,DNMT3A_2407_block2.jpg,260509-HPA_DNMT3a_Patches影像檔案\256\1\DNMT3A_2407_block2.jpg_x2048_y1280.jpg
7,12,0,0,7,12,19357,445,2.3,100.0,0.0,0.0,100.0,3,3,9,high,1,DNMT3A_2407_block2.jpg_x512_y1024.jpg,DNMT3A_2407_block2.jpg,260509-HPA_DNMT3a_Patches影像檔案\256\1\DNMT3A_2407_block2.jpg_x512_y1024.jpg
11,17,2,2,7,17,16972,1307,7.7,100.0,18.18,18.18,63.64,3,3,9,high,1,DNMT3A_2407_block2.jpg_x512_y1280.jpg,DNMT3A_2407_block2.jpg,260509-HPA_DNMT3a_Patches影像檔案\256\1\DNMT3A_2407_block2.jpg_x512_y1280.jpg
0,19,0,0,0,19,22783,0,0.0,100.0,0.0,0.0,0.0,3,3,9,high,1,DNMT3A_2407_block2.jpg_x512_y512.jpg,DNMT3A_2407_block2.jpg,260509-HPA_DNMT3a_Patches影像檔案\256\1\DNMT3A_2407_block2.jpg_x512_y512.jpg
12,13,0,0,12,13,30826,756,2.45,100.0,0.0,0.0,100.0,3,3,9,high,1,DNMT3A_2407_block2.jpg_x512_y768.jpg,DNMT3A_2407_block2.jpg,260509-HPA_DNMT3a_Patches影像檔案\256\1\DNMT3A_2407_block2.jpg_x512_y768.jpg
18,11,9,5,4,11,10720,1319,12.3,100.0,50.0,27.78,22.22,3,3,9,high,1,DNMT3A_2407_block2.jpg_x768_y256.jpg,DNMT3A_2407_block2.jpg,260509-HPA_DNMT3a_Patches影像檔案\256\1\DNMT3A_2407_block2.jpg_x768_y256.jpg
0,24,0,0,0,23,42547,0,0.0,95.83,0.0,0.0,0.0,3,3,9,high,1,DNMT3A_2407_block2.jpg_x768_y512.jpg,DNMT3A_2407_block2.jpg,260509-HPA_DNMT3a_Patches影像檔案\256\1\DNMT3A_2407_block2.jpg_x768_y512.jpg
6,12,0,0,6,12,19019,322,1.69,100.0,0.0,0.0,100.0,3,3,9,high,1,DNMT3A_2407_block2.jpg_x768_y768.jpg,DNMT3A_2407_block2.jpg,260509-HPA_DNMT3a_Patches影像檔案\256\1\DNMT3A_2407_block2.jpg_x768_y768.jpg
89,99,57,23,9,98,62250,12051,19.36,98.99,64.04,25.84,10.11,2,3,6,high,1,DNMT3A_2428_block2.jpg_x1024_y1024.jpg,DNMT3A_2428_block2.jpg,260509-HPA_DNMT3a_Patches影像檔案\256\1\DNMT3A_2428_block2.jpg_x1024_y1024.jpg
100,97,68,17,15,97,62242,12151,19.52,100.0,68.0,17.0,15.0,3,3,9,high,1,DNMT3A_2428_block2.jpg_x1024_y1280.jpg,DNMT3A_2428_block2.jpg,260509-HPA_DNMT3a_Patches影像檔案\256\1\DNMT3A_2428_block2.jpg_x1024_y1280.jpg
90,100,54,15,21,99,62228,10933,17.57,99.0,60.0,16.67,23.33,3,3,9,high,1,DNMT3A_2428_block2.jpg_x1024_y1536.jpg,DNMT3A_2428_block2.jpg,260509-HPA_DNMT3a_Patches影像檔案\256\1\DNMT3A_2428_block2.jpg_x1024_y1536.jpg
101,100,71,22,8,100,62226,12354,19.85,100.0,70.3,21.78,7.92,2,3,6,high,1,DNMT3A_2428_block2.jpg_x1024_y1792.jpg,DNMT3A_2428_block2.jpg,260509-HPA_DNMT3a_Patches影像檔案\256\1\DNMT3A_2428_block2.jpg_x1024_y1792.jpg
0,93,0,0,0,90,62215,0,0.0,96.77,0.0,0.0,0.0,1,3,3,low,1,DNMT3A_2428_block2.jpg_x1024_y2048.jpg,DNMT3A_2428_block2.jpg,260509-HPA_DNMT3a_Patches影像檔案\256\1\DNMT3A_2428_block2.jpg_x1024_y2048.jpg
88,104,52,22,14,100,62209,11101,17.84,96.15,59.09,25.0,15.91,3,3,9,high,1,DNMT3A_2428_block2.jpg_x1024_y2304.jpg,DNMT3A_2428_block2.jpg,260509-HPA_DNMT3a_Patches影像檔案\256\1\DNMT3A_2428_block2.jpg_x1024_y2304.jpg
70,73,48,13,9,73,47285,9779,20.68,100.0,68.57,18.57,12.86,3,3,9,high,1,DNMT3A_2428_block2.jpg_x1024_y256.jpg,DNMT3A_2428_block2.jpg,260509-HPA_DNMT3a_Patches影像檔案\256\1\DNMT3A_2428_block2.jpg_x1024_y256.jpg
40,65,25,5,10,57,40065,5294,13.21,87.69,62.5,12.5,25.0,3,3,9,high,1,DNMT3A_2428_block2.jpg_x1024_y2560.jpg,DNMT3A_2428_block2.jpg,260509-HPA_DNMT3a_Patches影像檔案\256\1\DNMT3A_2428_block2.jpg_x1024_y2560.jpg
114,111,83,19,12,111,62204,12512,20.11,100.0,72.81,16.67,10.53,2,3,6,high,1,DNMT3A_2428_block2.jpg_x1024_y512.jpg,DNMT3A_2428_block2.jpg,260509-HPA_DNMT3a_Patches影像檔案\256\1\DNMT3A_2428_block2.jpg_x1024_y512.jpg
95,85,55,28,12,85,62195,11315,18.19,100.0,57.89,29.47,12.63,3,3,9,high,1,DNMT3A_2428_block2.jpg_x1024_y768.jpg,DNMT3A_2428_block2.jpg,260509-HPA_DNMT3a_Patches影像檔案\256\1\DNMT3A_2428_block2.jpg_x1024_y768.jpg
83,78,62,13,8,77,62223,12355,19.86,98.72,74.7,15.66,9.64,2,3,6,high,1,DNMT3A_2428_block2.jpg_x1280_y1024.jpg,DNMT3A_2428_block2.jpg,260509-HPA_DNMT3a_Patches影像檔案\256\1\DNMT3A_2428_block2.jpg_x1280_y1024.jpg
94,85,60,23,11,85,62214,12264,19.71,100.0,63.83,24.47,11.7,3,3,9,high,1,DNMT3A_2428_block2.jpg_x1280_y1280.jpg,DNMT3A_2428_block2.jpg,260509-HPA_DNMT3a_Patches影像檔案\256\1\DNMT3A_2428_block2.jpg_x1280_y1280.jpg
104,106,75,15,14,104,62206,12259,19.71,98.11,72.12,14.42,13.46,3,3,9,high,1,DNMT3A_2428_block2.jpg_x1280_y1536.jpg,DNMT3A_2428_block2.jpg,260509-HPA_DNMT3a_Patches影像檔案\256\1\DNMT3A_2428_block2.jpg_x1280_y1536.jpg
115,103,76,24,15,103,62145,13697,22.04,100.0,66.09,20.87,13.04,3,3,9,high,1,DNMT3A_2428_block2.jpg_x1280_y1792.jpg,DNMT3A_2428_block2.jpg,260509-HPA_DNMT3a_Patches影像檔案\256\1\DNMT3A_2428_block2.jpg_x1280_y1792.jpg
98,94,77,13,8,91,62224,15010,24.12,96.81,78.57,13.27,8.16,2,3,6,high,1,DNMT3A_2428_block2.jpg_x1280_y2048.jpg,DNMT3A_2428_block2.jpg,260509-HPA_DNMT3a_Patches影像檔案\256\1\DNMT3A_2428_block2.jpg_x1280_y2048.jpg
93,89,61,17,15,89,62240,13454,21.62,100.0,65.59,18.28,16.13,3,3,9,high,1,DNMT3A_2428_block2.jpg_x1280_y2304.jpg,DNMT3A_2428_block2.jpg,260509-HPA_DNMT3a_Patches影像檔案\256\1\DNMT3A_2428_block2.jpg_x1280_y2304.jpg
96,94,64,25,7,93,59061,11392,19.29,98.94,66.67,26.04,7.29,2,3,6,high,1,DNMT3A_2428_block2.jpg_x1280_y256.jpg,DNMT3A_2428_block2.jpg,260509-HPA_DNMT3a_Patches影像檔案\256\1\DNMT3A_2428_block2.jpg_x1280_y256.jpg
72,87,45,19,8,86,52886,11491,21.73,98.85,62.5,26.39,11.11,3,3,9,high,1,DNMT3A_2428_block2.jpg_x1280_y2560.jpg,DNMT3A_2428_block2.jpg,260509-HPA_DNMT3a_Patches影像檔案\256\1\DNMT3A_2428_block2.jpg_x1280_y2560.jpg
110,109,76,21,13,109,62258,12341,19.82,100.0,69.09,19.09,11.82,3,3,9,high,1,DNMT3A_2428_block2.jpg_x1280_y512.jpg,DNMT3A_2428_block2.jpg,260509-HPA_DNMT3a_Patches影像檔案\256\1\DNMT3A_2428_block2.jpg_x1280_y512.jpg
105,105,78,16,11,105,62190,13571,21.82,100.0,74.29,15.24,10.48,2,3,6,high,1,DNMT3A_2428_block2.jpg_x1280_y768.jpg,DNMT3A_2428_block2.jpg,260509-HPA_DNMT3a_Patches影像檔案\256\1\DNMT3A_2428_block2.jpg_x1280_y768.jpg
53,71,43,8,2,63,60859,11853,19.48,88.73,81.13,15.09,3.77,2,3,6,high,1,DNMT3A_2428_block2.jpg_x1536_y1024.jpg,DNMT3A_2428_block2.jpg,260509-HPA_DNMT3a_Patches影像檔案\256\1\DNMT3A_2428_block2.jpg_x1536_y1024.jpg
94,88,63,23,8,87,62240,12630,20.29,98.86,67.02,24.47,8.51,2,3,6,high,1,DNMT3A_2428_block2.jpg_x1536_y1280.jpg,DNMT3A_2428_block2.jpg,260509-HPA_DNMT3a_Patches影像檔案\256\1\DNMT3A_2428_block2.jpg_x1536_y1280.jpg
89,93,64,12,13,93,62198,10662,17.14,100.0,71.91,13.48,14.61,3,3,9,high,1,DNMT3A_2428_block2.jpg_x1536_y1536.jpg,DNMT3A_2428_block2.jpg,260509-HPA_DNMT3a_Patches影像檔案\256\1\DNMT3A_2428_block2.jpg_x1536_y1536.jpg
111,102,89,15,7,102,62200,14648,23.55,100.0,80.18,13.51,6.31,2,3,6,high,1,DNMT3A_2428_block2.jpg_x1536_y1792.jpg,DNMT3A_2428_block2.jpg,260509-HPA_DNMT3a_Patches影像檔案\256\1\DNMT3A_2428_block2.jpg_x1536_y1792.jpg
97,94,65,21,11,94,62246,12870,20.68,100.0,67.01,21.65,11.34,3,3,9,high,1,DNMT3A_2428_block2.jpg_x1536_y2048.jpg,DNMT3A_2428_block2.jpg,260509-HPA_DNMT3a_Patches影像檔案\256\1\DNMT3A_2428_block2.jpg_x1536_y2048.jpg
91,91,62,21,8,89,62215,13397,21.53,97.8,68.13,23.08,8.79,2,3,6,high,1,DNMT3A_2428_block2.jpg_x1536_y2304.jpg,DNMT3A_2428_block2.jpg,260509-HPA_DNMT3a_Patches影像檔案\256\1\DNMT3A_2428_block2.jpg_x1536_y2304.jpg
75,69,48,16,11,69,57876,10266,17.74,100.0,64.0,21.33,14.67,3,3,9,high,1,DNMT3A_2428_block2.jpg_x1536_y256.jpg,DNMT3A_2428_block2.jpg,260509-HPA_DNMT3a_Patches影像檔案\256\1\DNMT3A_2428_block2.jpg_x1536_y256.jpg
50,62,33,12,5,62,48139,10116,21.01,100.0,66.0,24.0,10.0,2,3,6,high,1,DNMT3A_2428_block2.jpg_x1536_y2560.jpg,DNMT3A_2428_block2.jpg,260509-HPA_DNMT3a_Patches影像檔案\256\1\DNMT3A_2428_block2.jpg_x1536_y2560.jpg
68,98,47,13,8,95,62217,10818,17.39,96.94,69.12,19.12,11.76,3,3,9,high,1,DNMT3A_2428_block2.jpg_x1536_y512.jpg,DNMT3A_2428_block2.jpg,260509-HPA_DNMT3a_Patches影像檔案\256\1\DNMT3A_2428_block2.jpg_x1536_y512.jpg
75,83,45,13,17,82,62247,8609,13.83,98.8,60.0,17.33,22.67,3,3,9,high,1,DNMT3A_2428_block2.jpg_x1536_y768.jpg,DNMT3A_2428_block2.jpg,260509-HPA_DNMT3a_Patches影像檔案\256\1\DNMT3A_2428_block2.jpg_x1536_y768.jpg
96,99,69,17,10,96,62217,13086,21.03,96.97,71.88,17.71,10.42,2,3,6,high,1,DNMT3A_2428_block2.jpg_x1792_y1024.jpg,DNMT3A_2428_block2.jpg,260509-HPA_DNMT3a_Patches影像檔案\256\1\DNMT3A_2428_block2.jpg_x1792_y1024.jpg
83,79,53,16,14,77,62232,11769,18.91,97.47,63.86,19.28,16.87,3,3,9,high,1,DNMT3A_2428_block2.jpg_x1792_y1280.jpg,DNMT3A_2428_block2.jpg,260509-HPA_DNMT3a_Patches影像檔案\256\1\DNMT3A_2428_block2.jpg_x1792_y1280.jpg
51,76,33,6,12,70,62221,7701,12.38,92.11,64.71,11.76,23.53,3,3,9,high,1,DNMT3A_2428_block2.jpg_x1792_y1536.jpg,DNMT3A_2428_block2.jpg,260509-HPA_DNMT3a_Patches影像檔案\256\1\DNMT3A_2428_block2.jpg_x1792_y1536.jpg
76,83,56,14,6,79,62238,12507,20.1,95.18,73.68,18.42,7.89,2,3,6,high,1,DNMT3A_2428_block2.jpg_x1792_y1792.jpg,DNMT3A_2428_block2.jpg,260509-HPA_DNMT3a_Patches影像檔案\256\1\DNMT3A_2428_block2.jpg_x1792_y1792.jpg
85,88,64,15,6,84,62176,12617,20.29,95.45,75.29,17.65,7.06,2,3,6,high,1,DNMT3A_2428_block2.jpg_x1792_y2048.jpg,DNMT3A_2428_block2.jpg,260509-HPA_DNMT3a_Patches影像檔案\256\1\DNMT3A_2428_block2.jpg_x1792_y2048.jpg
58,70,37,16,5,67,62157,12481,20.08,95.71,63.79,27.59,8.62,2,3,6,high,1,DNMT3A_2428_block2.jpg_x1792_y2304.jpg,DNMT3A_2428_block2.jpg,260509-HPA_DNMT3a_Patches影像檔案\256\1\DNMT3A_2428_block2.jpg_x1792_y2304.jpg
67,75,34,21,12,74,45651,7675,16.81,98.67,50.75,31.34,17.91,3,3,9,high,1,DNMT3A_2428_block2.jpg_x1792_y256.jpg,DNMT3A_2428_block2.jpg,260509-HPA_DNMT3a_Patches影像檔案\256\1\DNMT3A_2428_block2.jpg_x1792_y256.jpg
56,52,41,10,5,51,39214,8429,21.49,98.08,73.21,17.86,8.93,2,3,6,high,1,DNMT3A_2428_block2.jpg_x1792_y2560.jpg,DNMT3A_2428_block2.jpg,260509-HPA_DNMT3a_Patches影像檔案\256\1\DNMT3A_2428_block2.jpg_x1792_y2560.jpg
70,86,48,14,8,80,62237,10895,17.51,93.02,68.57,20.0,11.43,3,3,9,high,1,DNMT3A_2428_block2.jpg_x1792_y512.jpg,DNMT3A_2428_block2.jpg,260509-HPA_DNMT3a_Patches影像檔案\256\1\DNMT3A_2428_block2.jpg_x1792_y512.jpg
61,60,48,6,7,57,62180,11672,18.77,95.0,78.69,9.84,11.48,2,3,6,high,1,DNMT3A_2428_block2.jpg_x1792_y768.jpg,DNMT3A_2428_block2.jpg,260509-HPA_DNMT3a_Patches影像檔案\256\1\DNMT3A_2428_block2.jpg_x1792_y768.jpg
107,109,77,20,10,108,62250,13843,22.24,99.08,71.96,18.69,9.35,2,3,6,high,1,DNMT3A_2428_block2.jpg_x2048_y1024.jpg,DNMT3A_2428_block2.jpg,260509-HPA_DNMT3a_Patches影像檔案\256\1\DNMT3A_2428_block2.jpg_x2048_y1024.jpg
78,82,48,20,10,81,62246,11226,18.03,98.78,61.54,25.64,12.82,3,3,9,high,1,DNMT3A_2428_block2.jpg_x2048_y1280.jpg,DNMT3A_2428_block2.jpg,260509-HPA_DNMT3a_Patches影像檔案\256\1\DNMT3A_2428_block2.jpg_x2048_y1280.jpg
89,76,57,20,12,75,62246,14092,22.64,98.68,64.04,22.47,13.48,3,3,9,high,1,DNMT3A_2428_block2.jpg_x2048_y1536.jpg,DNMT3A_2428_block2.jpg,260509-HPA_DNMT3a_Patches影像檔案\256\1\DNMT3A_2428_block2.jpg_x2048_y1536.jpg
112,96,89,16,7,96,62237,15557,25.0,100.0,79.46,14.29,6.25,2,3,6,high,1,DNMT3A_2428_block2.jpg_x2048_y1792.jpg,DNMT3A_2428_block2.jpg,260509-HPA_DNMT3a_Patches影像檔案\256\1\DNMT3A_2428_block2.jpg_x2048_y1792.jpg
57,72,42,7,8,70,62241,10321,16.58,97.22,73.68,12.28,14.04,3,3,9,high,1,DNMT3A_2428_block2.jpg_x2048_y2048.jpg,DNMT3A_2428_block2.jpg,260509-HPA_DNMT3a_Patches影像檔案\256\1\DNMT3A_2428_block2.jpg_x2048_y2048.jpg
66,77,39,17,10,73,60851,10059,16.53,94.81,59.09,25.76,15.15,3,3,9,high,1,DNMT3A_2428_block2.jpg_x2048_y2304.jpg,DNMT3A_2428_block2.jpg,260509-HPA_DNMT3a_Patches影像檔案\256\1\DNMT3A_2428_block2.jpg_x2048_y2304.jpg
104,98,73,15,16,97,62226,11973,19.24,98.98,70.19,14.42,15.38,3,3,9,high,1,DNMT3A_2428_block2.jpg_x2048_y512.jpg,DNMT3A_2428_block2.jpg,260509-HPA_DNMT3a_Patches影像檔案\256\1\DNMT3A_2428_block2.jpg_x2048_y512.jpg
81,86,60,13,8,86,62205,11679,18.78,100.0,74.07,16.05,9.88,2,3,6,high,1,DNMT3A_2428_block2.jpg_x2048_y768.jpg,DNMT3A_2428_block2.jpg,260509-HPA_DNMT3a_Patches影像檔案\256\1\DNMT3A_2428_block2.jpg_x2048_y768.jpg
106,92,69,28,9,92,62222,13933,22.39,100.0,65.09,26.42,8.49,2,3,6,high,1,DNMT3A_2428_block2.jpg_x2304_y1024.jpg,DNMT3A_2428_block2.jpg,260509-HPA_DNMT3a_Patches影像檔案\256\1\DNMT3A_2428_block2.jpg_x2304_y1024.jpg
96,96,66,17,13,93,62242,13672,21.97,96.88,68.75,17.71,13.54,3,3,9,high,1,DNMT3A_2428_block2.jpg_x2304_y1280.jpg,DNMT3A_2428_block2.jpg,260509-HPA_DNMT3a_Patches影像檔案\256\1\DNMT3A_2428_block2.jpg_x2304_y1280.jpg
51,72,41,6,4,70,61934,9249,14.93,97.22,80.39,11.76,7.84,2,3,6,high,1,DNMT3A_2428_block2.jpg_x2304_y1536.jpg,DNMT3A_2428_block2.jpg,260509-HPA_DNMT3a_Patches影像檔案\256\1\DNMT3A_2428_block2.jpg_x2304_y1536.jpg
77,87,55,12,10,83,62184,13345,21.46,95.4,71.43,15.58,12.99,3,3,9,high,1,DNMT3A_2428_block2.jpg_x2304_y1792.jpg,DNMT3A_2428_block2.jpg,260509-HPA_DNMT3a_Patches影像檔案\256\1\DNMT3A_2428_block2.jpg_x2304_y1792.jpg
45,79,39,6,0,76,55701,10653,19.13,96.2,86.67,13.33,0.0,2,3,6,high,1,DNMT3A_2428_block2.jpg_x2304_y2048.jpg,DNMT3A_2428_block2.jpg,260509-HPA_DNMT3a_Patches影像檔案\256\1\DNMT3A_2428_block2.jpg_x2304_y2048.jpg
28,32,20,8,0,31,18059,4417,24.46,96.88,71.43,28.57,0.0,2,3,6,high,1,DNMT3A_2428_block2.jpg_x2304_y2304.jpg,DNMT3A_2428_block2.jpg,260509-HPA_DNMT3a_Patches影像檔案\256\1\DNMT3A_2428_block2.jpg_x2304_y2304.jpg
44,52,26,14,4,52,30385,5997,19.74,100.0,59.09,31.82,9.09,2,3,6,high,1,DNMT3A_2428_block2.jpg_x2304_y512.jpg,DNMT3A_2428_block2.jpg,260509-HPA_DNMT3a_Patches影像檔案\256\1\DNMT3A_2428_block2.jpg_x2304_y512.jpg
110,112,81,21,8,112,62228,14876,23.91,100.0,73.64,19.09,7.27,2,3,6,high,1,DNMT3A_2428_block2.jpg_x2304_y768.jpg,DNMT3A_2428_block2.jpg,260509-HPA_DNMT3a_Patches影像檔案\256\1\DNMT3A_2428_block2.jpg_x2304_y768.jpg
59,65,36,15,8,65,38266,6569,17.17,100.0,61.02,25.42,13.56,3,3,9,high,1,DNMT3A_2428_block2.jpg_x2560_y1024.jpg,DNMT3A_2428_block2.jpg,260509-HPA_DNMT3a_Patches影像檔案\256\1\DNMT3A_2428_block2.jpg_x2560_y1024.jpg
92,94,61,26,5,93,51776,11378,21.98,98.94,66.3,28.26,5.43,2,3,6,high,1,DNMT3A_2428_block2.jpg_x2560_y1280.jpg,DNMT3A_2428_block2.jpg,260509-HPA_DNMT3a_Patches影像檔案\256\1\DNMT3A_2428_block2.jpg_x2560_y1280.jpg
80,82,53,18,9,81,47344,10445,22.06,98.78,66.25,22.5,11.25,3,3,9,high,1,DNMT3A_2428_block2.jpg_x2560_y1536.jpg,DNMT3A_2428_block2.jpg,260509-HPA_DNMT3a_Patches影像檔案\256\1\DNMT3A_2428_block2.jpg_x2560_y1536.jpg
42,47,28,11,3,47,29228,5372,18.38,100.0,66.67,26.19,7.14,2,3,6,high,1,DNMT3A_2428_block2.jpg_x2560_y1792.jpg,DNMT3A_2428_block2.jpg,260509-HPA_DNMT3a_Patches影像檔案\256\1\DNMT3A_2428_block2.jpg_x2560_y1792.jpg
31,43,9,13,9,38,60837,6596,10.84,88.37,29.03,41.94,29.03,3,3,9,high,1,DNMT3A_2428_block2.jpg_x256_y1536.jpg,DNMT3A_2428_block2.jpg,260509-HPA_DNMT3a_Patches影像檔案\256\1\DNMT3A_2428_block2.jpg_x256_y1536.jpg
43,49,19,9,15,48,62249,5694,9.15,97.96,44.19,20.93,34.88,3,3,9,high,1,DNMT3A_2428_block2.jpg_x512_y1024.jpg,DNMT3A_2428_block2.jpg,260509-HPA_DNMT3a_Patches影像檔案\256\1\DNMT3A_2428_block2.jpg_x512_y1024.jpg
58,77,41,9,8,77,62219,9391,15.09,100.0,70.69,15.52,13.79,3,3,9,high,1,DNMT3A_2428_block2.jpg_x512_y1280.jpg,DNMT3A_2428_block2.jpg,260509-HPA_DNMT3a_Patches影像檔案\256\1\DNMT3A_2428_block2.jpg_x512_y1280.jpg
41,71,19,7,15,65,62200,5481,8.81,91.55,46.34,17.07,36.59,3,3,9,high,1,DNMT3A_2428_block2.jpg_x512_y1536.jpg,DNMT3A_2428_block2.jpg,260509-HPA_DNMT3a_Patches影像檔案\256\1\DNMT3A_2428_block2.jpg_x512_y1536.jpg
33,44,11,10,12,43,61847,3710,6.0,97.73,33.33,30.3,36.36,3,3,9,high,1,DNMT3A_2428_block2.jpg_x512_y1792.jpg,DNMT3A_2428_block2.jpg,260509-HPA_DNMT3a_Patches影像檔案\256\1\DNMT3A_2428_block2.jpg_x512_y1792.jpg
53,67,33,12,8,63,61823,9561,15.47,94.03,62.26,22.64,15.09,3,3,9,high,1,DNMT3A_2428_block2.jpg_x512_y2048.jpg,DNMT3A_2428_block2.jpg,260509-HPA_DNMT3a_Patches影像檔案\256\1\DNMT3A_2428_block2.jpg_x512_y2048.jpg
24,35,17,4,3,32,25700,4870,18.95,91.43,70.83,16.67,12.5,3,3,9,high,1,DNMT3A_2428_block2.jpg_x512_y2304.jpg,DNMT3A_2428_block2.jpg,260509-HPA_DNMT3a_Patches影像檔案\256\1\DNMT3A_2428_block2.jpg_x512_y2304.jpg
45,59,22,18,5,55,62248,6844,10.99,93.22,48.89,40.0,11.11,3,3,9,high,1,DNMT3A_2428_block2.jpg_x512_y768.jpg,DNMT3A_2428_block2.jpg,260509-HPA_DNMT3a_Patches影像檔案\256\1\DNMT3A_2428_block2.jpg_x512_y768.jpg
96,96,54,23,19,96,62241,11358,18.25,100.0,56.25,23.96,19.79,3,3,9,high,1,DNMT3A_2428_block2.jpg_x768_y1024.jpg,DNMT3A_2428_block2.jpg,260509-HPA_DNMT3a_Patches影像檔案\256\1\DNMT3A_2428_block2.jpg_x768_y1024.jpg
96,91,64,21,11,91,62172,12421,19.98,100.0,66.67,21.88,11.46,3,3,9,high,1,DNMT3A_2428_block2.jpg_x768_y1280.jpg,DNMT3A_2428_block2.jpg,260509-HPA_DNMT3a_Patches影像檔案\256\1\DNMT3A_2428_block2.jpg_x768_y1280.jpg
61,75,31,10,20,70,62162,6548,10.53,93.33,50.82,16.39,32.79,3,3,9,high,1,DNMT3A_2428_block2.jpg_x768_y1536.jpg,DNMT3A_2428_block2.jpg,260509-HPA_DNMT3a_Patches影像檔案\256\1\DNMT3A_2428_block2.jpg_x768_y1536.jpg
59,77,41,11,7,73,62187,9533,15.33,94.81,69.49,18.64,11.86,3,3,9,high,1,DNMT3A_2428_block2.jpg_x768_y1792.jpg,DNMT3A_2428_block2.jpg,260509-HPA_DNMT3a_Patches影像檔案\256\1\DNMT3A_2428_block2.jpg_x768_y1792.jpg
0,100,0,0,0,96,62253,0,0.0,96.0,0.0,0.0,0.0,1,3,3,low,1,DNMT3A_2428_block2.jpg_x768_y2048.jpg,DNMT3A_2428_block2.jpg,260509-HPA_DNMT3a_Patches影像檔案\256\1\DNMT3A_2428_block2.jpg_x768_y2048.jpg
73,70,46,16,11,65,60440,10394,17.2,92.86,63.01,21.92,15.07,3,3,9,high,1,DNMT3A_2428_block2.jpg_x768_y2304.jpg,DNMT3A_2428_block2.jpg,260509-HPA_DNMT3a_Patches影像檔案\256\1\DNMT3A_2428_block2.jpg_x768_y2304.jpg
40,51,25,6,9,47,33465,4656,13.91,92.16,62.5,15.0,22.5,3,3,9,high,1,DNMT3A_2428_block2.jpg_x768_y256.jpg,DNMT3A_2428_block2.jpg,260509-HPA_DNMT3a_Patches影像檔案\256\1\DNMT3A_2428_block2.jpg_x768_y256.jpg
74,90,40,17,17,89,62223,10313,16.57,98.89,54.05,22.97,22.97,3,3,9,high,1,DNMT3A_2428_block2.jpg_x768_y512.jpg,DNMT3A_2428_block2.jpg,260509-HPA_DNMT3a_Patches影像檔案\256\1\DNMT3A_2428_block2.jpg_x768_y512.jpg
78,78,49,17,12,77,60501,9394,15.53,98.72,62.82,21.79,15.38,3,3,9,high,1,DNMT3A_2428_block2.jpg_x768_y768.jpg,DNMT3A_2428_block2.jpg,260509-HPA_DNMT3a_Patches影像檔案\256\1\DNMT3A_2428_block2.jpg_x768_y768.jpg
60,58,46,11,3,58,61716,17672,28.63,100.0,76.67,18.33,5.0,2,3,6,high,1,DNMT3A_2805_block1.jpg_x1024_y1024.jpg,DNMT3A_2805_block1.jpg,260509-HPA_DNMT3a_Patches影像檔案\256\1\DNMT3A_2805_block1.jpg_x1024_y1024.jpg
64,54,45,17,2,54,61744,17648,28.58,100.0,70.31,26.56,3.12,2,3,6,high,1,DNMT3A_2805_block1.jpg_x1024_y1280.jpg,DNMT3A_2805_block1.jpg,260509-HPA_DNMT3a_Patches影像檔案\256\1\DNMT3A_2805_block1.jpg_x1024_y1280.jpg
51,52,43,5,3,52,60734,17509,28.83,100.0,84.31,9.8,5.88,2,3,6,high,1,DNMT3A_2805_block1.jpg_x1024_y1536.jpg,DNMT3A_2805_block1.jpg,260509-HPA_DNMT3a_Patches影像檔案\256\1\DNMT3A_2805_block1.jpg_x1024_y1536.jpg
61,67,46,10,5,67,60581,16709,27.58,100.0,75.41,16.39,8.2,2,3,6,high,1,DNMT3A_2805_block1.jpg_x1024_y1792.jpg,DNMT3A_2805_block1.jpg,260509-HPA_DNMT3a_Patches影像檔案\256\1\DNMT3A_2805_block1.jpg_x1024_y1792.jpg
34,52,30,2,2,51,59101,16274,27.54,98.08,88.24,5.88,5.88,2,3,6,high,1,DNMT3A_2805_block1.jpg_x1024_y2048.jpg,DNMT3A_2805_block1.jpg,260509-HPA_DNMT3a_Patches影像檔案\256\1\DNMT3A_2805_block1.jpg_x1024_y2048.jpg
59,59,44,11,4,59,56589,8958,15.83,100.0,74.58,18.64,6.78,2,3,6,high,1,DNMT3A_2805_block1.jpg_x1024_y2304.jpg,DNMT3A_2805_block1.jpg,260509-HPA_DNMT3a_Patches影像檔案\256\1\DNMT3A_2805_block1.jpg_x1024_y2304.jpg
62,64,49,12,1,64,58380,16774,28.73,100.0,79.03,19.35,1.61,2,3,6,high,1,DNMT3A_2805_block1.jpg_x1024_y256.jpg,DNMT3A_2805_block1.jpg,260509-HPA_DNMT3a_Patches影像檔案\256\1\DNMT3A_2805_block1.jpg_x1024_y256.jpg
95,84,86,6,3,84,55841,12856,23.02,100.0,90.53,6.32,3.16,1,3,3,low,1,DNMT3A_2805_block1.jpg_x1024_y2560.jpg,DNMT3A_2805_block1.jpg,260509-HPA_DNMT3a_Patches影像檔案\256\1\DNMT3A_2805_block1.jpg_x1024_y2560.jpg
83,57,64,14,5,57,61806,17877,28.92,100.0,77.11,16.87,6.02,2,3,6,high,1,DNMT3A_2805_block1.jpg_x1024_y512.jpg,DNMT3A_2805_block1.jpg,260509-HPA_DNMT3a_Patches影像檔案\256\1\DNMT3A_2805_block1.jpg_x1024_y512.jpg
57,54,43,11,3,54,60580,17601,29.05,100.0,75.44,19.3,5.26,2,3,6,high,1,DNMT3A_2805_block1.jpg_x1024_y768.jpg,DNMT3A_2805_block1.jpg,260509-HPA_DNMT3a_Patches影像檔案\256\1\DNMT3A_2805_block1.jpg_x1024_y768.jpg
13,17,10,3,0,17,11935,3450,28.91,100.0,76.92,23.08,0.0,2,3,6,high,1,DNMT3A_2805_block1.jpg_x1280_y0.jpg,DNMT3A_2805_block1.jpg,260509-HPA_DNMT3a_Patches影像檔案\256\1\DNMT3A_2805_block1.jpg_x1280_y0.jpg
51,46,42,5,4,46,58470,17121,29.28,100.0,82.35,9.8,7.84,2,3,6,high,1,DNMT3A_2805_block1.jpg_x1280_y1024.jpg,DNMT3A_2805_block1.jpg,260509-HPA_DNMT3a_Patches影像檔案\256\1\DNMT3A_2805_block1.jpg_x1280_y1024.jpg
54,51,44,10,0,51,60699,17206,28.35,100.0,81.48,18.52,0.0,2,3,6,high,1,DNMT3A_2805_block1.jpg_x1280_y1280.jpg,DNMT3A_2805_block1.jpg,260509-HPA_DNMT3a_Patches影像檔案\256\1\DNMT3A_2805_block1.jpg_x1280_y1280.jpg
59,55,53,5,1,55,59936,17104,28.54,100.0,89.83,8.47,1.69,2,3,6,high,1,DNMT3A_2805_block1.jpg_x1280_y1536.jpg,DNMT3A_2805_block1.jpg,260509-HPA_DNMT3a_Patches影像檔案\256\1\DNMT3A_2805_block1.jpg_x1280_y1536.jpg
60,66,48,8,4,66,60995,16590,27.2,100.0,80.0,13.33,6.67,2,3,6,high,1,DNMT3A_2805_block1.jpg_x1280_y1792.jpg,DNMT3A_2805_block1.jpg,260509-HPA_DNMT3a_Patches影像檔案\256\1\DNMT3A_2805_block1.jpg_x1280_y1792.jpg
43,51,40,2,1,51,58258,16931,29.06,100.0,93.02,4.65,2.33,1,3,3,low,1,DNMT3A_2805_block1.jpg_x1280_y2048.jpg,DNMT3A_2805_block1.jpg,260509-HPA_DNMT3a_Patches影像檔案\256\1\DNMT3A_2805_block1.jpg_x1280_y2048.jpg
61,67,49,10,2,67,57455,16454,28.64,100.0,80.33,16.39,3.28,2,3,6,high,1,DNMT3A_2805_block1.jpg_x1280_y2304.jpg,DNMT3A_2805_block1.jpg,260509-HPA_DNMT3a_Patches影像檔案\256\1\DNMT3A_2805_block1.jpg_x1280_y2304.jpg
52,58,45,4,3,58,58558,16442,28.08,100.0,86.54,7.69,5.77,2,3,6,high,1,DNMT3A_2805_block1.jpg_x1280_y256.jpg,DNMT3A_2805_block1.jpg,260509-HPA_DNMT3a_Patches影像檔案\256\1\DNMT3A_2805_block1.jpg_x1280_y256.jpg
93,72,69,15,9,72,62209,13624,21.9,100.0,74.19,16.13,9.68,2,3,6,high,1,DNMT3A_2805_block1.jpg_x1280_y2560.jpg,DNMT3A_2805_block1.jpg,260509-HPA_DNMT3a_Patches影像檔案\256\1\DNMT3A_2805_block1.jpg_x1280_y2560.jpg
63,62,33,22,8,62,62162,17870,28.75,100.0,52.38,34.92,12.7,3,3,9,high,1,DNMT3A_2805_block1.jpg_x1280_y512.jpg,DNMT3A_2805_block1.jpg,260509-HPA_DNMT3a_Patches影像檔案\256\1\DNMT3A_2805_block1.jpg_x1280_y512.jpg
46,41,37,5,4,41,61421,17926,29.19,100.0,80.43,10.87,8.7,2,3,6,high,1,DNMT3A_2805_block1.jpg_x1280_y768.jpg,DNMT3A_2805_block1.jpg,260509-HPA_DNMT3a_Patches影像檔案\256\1\DNMT3A_2805_block1.jpg_x1280_y768.jpg
14,12,8,5,1,12,10769,3092,28.71,100.0,57.14,35.71,7.14,2,3,6,high,1,DNMT3A_2805_block1.jpg_x1536_y0.jpg,DNMT3A_2805_block1.jpg,260509-HPA_DNMT3a_Patches影像檔案\256\1\DNMT3A_2805_block1.jpg_x1536_y0.jpg
46,47,41,3,2,46,60982,17632,28.91,97.87,89.13,6.52,4.35,1,3,3,low,1,DNMT3A_2805_block1.jpg_x1536_y1024.jpg,DNMT3A_2805_block1.jpg,260509-HPA_DNMT3a_Patches影像檔案\256\1\DNMT3A_2805_block1.jpg_x1536_y1024.jpg
62,52,45,12,5,52,61230,17240,28.16,100.0,72.58,19.35,8.06,2,3,6,high,1,DNMT3A_2805_block1.jpg_x1536_y1280.jpg,DNMT3A_2805_block1.jpg,260509-HPA_DNMT3a_Patches影像檔案\256\1\DNMT3A_2805_block1.jpg_x1536_y1280.jpg
67,56,50,13,4,56,62171,17439,28.05,100.0,74.63,19.4,5.97,2,3,6,high,1,DNMT3A_2805_block1.jpg_x1536_y1536.jpg,DNMT3A_2805_block1.jpg,260509-HPA_DNMT3a_Patches影像檔案\256\1\DNMT3A_2805_block1.jpg_x1536_y1536.jpg
49,49,45,2,2,49,60035,17002,28.32,100.0,91.84,4.08,4.08,2,3,6,high,1,DNMT3A_2805_block1.jpg_x1536_y1792.jpg,DNMT3A_2805_block1.jpg,260509-HPA_DNMT3a_Patches影像檔案\256\1\DNMT3A_2805_block1.jpg_x1536_y1792.jpg
44,57,38,2,4,57,60083,17423,29.0,100.0,86.36,4.55,9.09,2,3,6,high,1,DNMT3A_2805_block1.jpg_x1536_y2048.jpg,DNMT3A_2805_block1.jpg,260509-HPA_DNMT3a_Patches影像檔案\256\1\DNMT3A_2805_block1.jpg_x1536_y2048.jpg
49,55,37,8,4,55,56409,12615,22.36,100.0,75.51,16.33,8.16,2,3,6,high,1,DNMT3A_2805_block1.jpg_x1536_y2304.jpg,DNMT3A_2805_block1.jpg,260509-HPA_DNMT3a_Patches影像檔案\256\1\DNMT3A_2805_block1.jpg_x1536_y2304.jpg
47,44,36,9,2,44,60207,17577,29.19,100.0,76.6,19.15,4.26,2,3,6,high,1,DNMT3A_2805_block1.jpg_x1536_y256.jpg,DNMT3A_2805_block1.jpg,260509-HPA_DNMT3a_Patches影像檔案\256\1\DNMT3A_2805_block1.jpg_x1536_y256.jpg
85,83,67,16,2,83,62212,16393,26.35,100.0,78.82,18.82,2.35,2,3,6,high,1,DNMT3A_2805_block1.jpg_x1536_y2560.jpg,DNMT3A_2805_block1.jpg,260509-HPA_DNMT3a_Patches影像檔案\256\1\DNMT3A_2805_block1.jpg_x1536_y2560.jpg
48,39,39,5,4,39,59267,16638,28.07,100.0,81.25,10.42,8.33,2,3,6,high,1,DNMT3A_2805_block1.jpg_x1536_y512.jpg,DNMT3A_2805_block1.jpg,260509-HPA_DNMT3a_Patches影像檔案\256\1\DNMT3A_2805_block1.jpg_x1536_y512.jpg
43,43,30,9,4,43,60798,17814,29.3,100.0,69.77,20.93,9.3,2,3,6,high,1,DNMT3A_2805_block1.jpg_x1536_y768.jpg,DNMT3A_2805_block1.jpg,260509-HPA_DNMT3a_Patches影像檔案\256\1\DNMT3A_2805_block1.jpg_x1536_y768.jpg
69,56,43,20,6,56,62206,17677,28.42,100.0,62.32,28.99,8.7,2,3,6,high,1,DNMT3A_2805_block1.jpg_x1792_y1024.jpg,DNMT3A_2805_block1.jpg,260509-HPA_DNMT3a_Patches影像檔案\256\1\DNMT3A_2805_block1.jpg_x1792_y1024.jpg
63,61,58,1,4,61,61237,17402,28.42,100.0,92.06,1.59,6.35,1,3,3,low,1,DNMT3A_2805_block1.jpg_x1792_y1280.jpg,DNMT3A_2805_block1.jpg,260509-HPA_DNMT3a_Patches影像檔案\256\1\DNMT3A_2805_block1.jpg_x1792_y1280.jpg
65,53,46,14,5,53,59845,16953,28.33,100.0,70.77,21.54,7.69,2,3,6,high,1,DNMT3A_2805_block1.jpg_x1792_y1536.jpg,DNMT3A_2805_block1.jpg,260509-HPA_DNMT3a_Patches影像檔案\256\1\DNMT3A_2805_block1.jpg_x1792_y1536.jpg
62,55,50,11,1,55,60984,17190,28.19,100.0,80.65,17.74,1.61,2,3,6,high,1,DNMT3A_2805_block1.jpg_x1792_y1792.jpg,DNMT3A_2805_block1.jpg,260509-HPA_DNMT3a_Patches影像檔案\256\1\DNMT3A_2805_block1.jpg_x1792_y1792.jpg
46,49,42,3,1,49,57464,16529,28.76,100.0,91.3,6.52,2.17,1,3,3,low,1,DNMT3A_2805_block1.jpg_x1792_y2048.jpg,DNMT3A_2805_block1.jpg,260509-HPA_DNMT3a_Patches影像檔案\256\1\DNMT3A_2805_block1.jpg_x1792_y2048.jpg
59,45,46,10,3,45,51820,8788,16.96,100.0,77.97,16.95,5.08,2,3,6,high,1,DNMT3A_2805_block1.jpg_x1792_y2304.jpg,DNMT3A_2805_block1.jpg,260509-HPA_DNMT3a_Patches影像檔案\256\1\DNMT3A_2805_block1.jpg_x1792_y2304.jpg
40,44,32,8,0,44,55104,14584,26.47,100.0,80.0,20.0,0.0,2,3,6,high,1,DNMT3A_2805_block1.jpg_x1792_y256.jpg,DNMT3A_2805_block1.jpg,260509-HPA_DNMT3a_Patches影像檔案\256\1\DNMT3A_2805_block1.jpg_x1792_y256.jpg
67,64,56,10,1,64,51806,14329,27.66,100.0,83.58,14.93,1.49,2,3,6,high,1,DNMT3A_2805_block1.jpg_x1792_y2560.jpg,DNMT3A_2805_block1.jpg,260509-HPA_DNMT3a_Patches影像檔案\256\1\DNMT3A_2805_block1.jpg_x1792_y2560.jpg
51,56,44,5,2,56,60909,17724,29.1,100.0,86.27,9.8,3.92,2,3,6,high,1,DNMT3A_2805_block1.jpg_x1792_y512.jpg,DNMT3A_2805_block1.jpg,260509-HPA_DNMT3a_Patches影像檔案\256\1\DNMT3A_2805_block1.jpg_x1792_y512.jpg
46,36,36,6,4,36,60550,17766,29.34,100.0,78.26,13.04,8.7,2,3,6,high,1,DNMT3A_2805_block1.jpg_x1792_y768.jpg,DNMT3A_2805_block1.jpg,260509-HPA_DNMT3a_Patches影像檔案\256\1\DNMT3A_2805_block1.jpg_x1792_y768.jpg
67,57,43,20,4,57,62234,17911,28.78,100.0,64.18,29.85,5.97,2,3,6,high,1,DNMT3A_2805_block1.jpg_x2048_y1024.jpg,DNMT3A_2805_block1.jpg,260509-HPA_DNMT3a_Patches影像檔案\256\1\DNMT3A_2805_block1.jpg_x2048_y1024.jpg
64,60,41,19,4,60,62158,17794,28.63,100.0,64.06,29.69,6.25,2,3,6,high,1,DNMT3A_2805_block1.jpg_x2048_y1280.jpg,DNMT3A_2805_block1.jpg,260509-HPA_DNMT3a_Patches影像檔案\256\1\DNMT3A_2805_block1.jpg_x2048_y1280.jpg
62,67,35,21,6,67,60486,17153,28.36,100.0,56.45,33.87,9.68,2,3,6,high,1,DNMT3A_2805_block1.jpg_x2048_y1536.jpg,DNMT3A_2805_block1.jpg,260509-HPA_DNMT3a_Patches影像檔案\256\1\DNMT3A_2805_block1.jpg_x2048_y1536.jpg
67,64,49,14,4,64,62236,17500,28.12,100.0,73.13,20.9,5.97,2,3,6,high,1,DNMT3A_2805_block1.jpg_x2048_y1792.jpg,DNMT3A_2805_block1.jpg,260509-HPA_DNMT3a_Patches影像檔案\256\1\DNMT3A_2805_block1.jpg_x2048_y1792.jpg
59,69,49,6,4,69,57437,15931,27.74,100.0,83.05,10.17,6.78,2,3,6,high,1,DNMT3A_2805_block1.jpg_x2048_y2048.jpg,DNMT3A_2805_block1.jpg,260509-HPA_DNMT3a_Patches影像檔案\256\1\DNMT3A_2805_block1.jpg_x2048_y2048.jpg
120,54,107,9,4,54,57464,13646,23.75,100.0,89.17,7.5,3.33,2,3,6,high,1,DNMT3A_2805_block1.jpg_x2048_y2304.jpg,DNMT3A_2805_block1.jpg,260509-HPA_DNMT3a_Patches影像檔案\256\1\DNMT3A_2805_block1.jpg_x2048_y2304.jpg
35,33,29,3,3,33,29725,5088,17.12,100.0,82.86,8.57,8.57,2,3,6,high,1,DNMT3A_2805_block1.jpg_x2048_y256.jpg,DNMT3A_2805_block1.jpg,260509-HPA_DNMT3a_Patches影像檔案\256\1\DNMT3A_2805_block1.jpg_x2048_y256.jpg
36,45,29,3,4,45,61422,17818,29.01,100.0,80.56,8.33,11.11,2,3,6,high,1,DNMT3A_2805_block1.jpg_x2048_y512.jpg,DNMT3A_2805_block1.jpg,260509-HPA_DNMT3a_Patches影像檔案\256\1\DNMT3A_2805_block1.jpg_x2048_y512.jpg
59,46,48,5,6,46,61982,18224,29.4,100.0,81.36,8.47,10.17,2,3,6,high,1,DNMT3A_2805_block1.jpg_x2048_y768.jpg,DNMT3A_2805_block1.jpg,260509-HPA_DNMT3a_Patches影像檔案\256\1\DNMT3A_2805_block1.jpg_x2048_y768.jpg
33,38,27,3,3,38,58520,17179,29.36,100.0,81.82,9.09,9.09,2,3,6,high,1,DNMT3A_2805_block1.jpg_x2304_y1024.jpg,DNMT3A_2805_block1.jpg,260509-HPA_DNMT3a_Patches影像檔案\256\1\DNMT3A_2805_block1.jpg_x2304_y1024.jpg
61,53,48,9,4,53,61119,17443,28.54,100.0,78.69,14.75,6.56,2,3,6,high,1,DNMT3A_2805_block1.jpg_x2304_y1280.jpg,DNMT3A_2805_block1.jpg,260509-HPA_DNMT3a_Patches影像檔案\256\1\DNMT3A_2805_block1.jpg_x2304_y1280.jpg
64,64,55,5,4,64,62188,17226,27.7,100.0,85.94,7.81,6.25,2,3,6,high,1,DNMT3A_2805_block1.jpg_x2304_y1536.jpg,DNMT3A_2805_block1.jpg,260509-HPA_DNMT3a_Patches影像檔案\256\1\DNMT3A_2805_block1.jpg_x2304_y1536.jpg
43,43,32,7,4,43,55766,14441,25.9,100.0,74.42,16.28,9.3,2,3,6,high,1,DNMT3A_2805_block1.jpg_x2304_y1792.jpg,DNMT3A_2805_block1.jpg,260509-HPA_DNMT3a_Patches影像檔案\256\1\DNMT3A_2805_block1.jpg_x2304_y1792.jpg
69,62,60,5,4,62,56238,11263,20.03,100.0,86.96,7.25,5.8,2,3,6,high,1,DNMT3A_2805_block1.jpg_x2304_y2048.jpg,DNMT3A_2805_block1.jpg,260509-HPA_DNMT3a_Patches影像檔案\256\1\DNMT3A_2805_block1.jpg_x2304_y2048.jpg
62,47,55,3,4,47,33959,8127,23.93,100.0,88.71,4.84,6.45,2,3,6,high,1,DNMT3A_2805_block1.jpg_x2304_y2304.jpg,DNMT3A_2805_block1.jpg,260509-HPA_DNMT3a_Patches影像檔案\256\1\DNMT3A_2805_block1.jpg_x2304_y2304.jpg
16,18,14,2,0,18,32650,7398,22.66,100.0,87.5,12.5,0.0,1,3,3,low,1,DNMT3A_2805_block1.jpg_x2304_y512.jpg,DNMT3A_2805_block1.jpg,260509-HPA_DNMT3a_Patches影像檔案\256\1\DNMT3A_2805_block1.jpg_x2304_y512.jpg
46,47,32,6,8,47,58933,12683,21.52,100.0,69.57,13.04,17.39,3,3,9,high,1,DNMT3A_2805_block1.jpg_x2304_y768.jpg,DNMT3A_2805_block1.jpg,260509-HPA_DNMT3a_Patches影像檔案\256\1\DNMT3A_2805_block1.jpg_x2304_y768.jpg
51,54,39,8,4,54,51718,14832,28.68,100.0,76.47,15.69,7.84,2,3,6,high,1,DNMT3A_2805_block1.jpg_x2560_y1024.jpg,DNMT3A_2805_block1.jpg,260509-HPA_DNMT3a_Patches影像檔案\256\1\DNMT3A_2805_block1.jpg_x2560_y1024.jpg
41,42,33,3,5,42,58184,15184,26.1,100.0,80.49,7.32,12.2,3,3,9,high,1,DNMT3A_2805_block1.jpg_x2560_y1280.jpg,DNMT3A_2805_block1.jpg,260509-HPA_DNMT3a_Patches影像檔案\256\1\DNMT3A_2805_block1.jpg_x2560_y1280.jpg
42,44,38,1,3,44,50947,13767,27.02,100.0,90.48,2.38,7.14,2,3,6,high,1,DNMT3A_2805_block1.jpg_x2560_y1536.jpg,DNMT3A_2805_block1.jpg,260509-HPA_DNMT3a_Patches影像檔案\256\1\DNMT3A_2805_block1.jpg_x2560_y1536.jpg
40,40,31,5,4,40,32479,6760,20.81,100.0,77.5,12.5,10.0,2,3,6,high,1,DNMT3A_2805_block1.jpg_x2560_y1792.jpg,DNMT3A_2805_block1.jpg,260509-HPA_DNMT3a_Patches影像檔案\256\1\DNMT3A_2805_block1.jpg_x2560_y1792.jpg
32,30,27,3,2,30,29599,8445,28.53,100.0,84.38,9.38,6.25,2,3,6,high,1,DNMT3A_2805_block1.jpg_x2560_y768.jpg,DNMT3A_2805_block1.jpg,260509-HPA_DNMT3a_Patches影像檔案\256\1\DNMT3A_2805_block1.jpg_x2560_y768.jpg
54,56,41,9,4,56,53871,15323,28.44,100.0,75.93,16.67,7.41,2,3,6,high,1,DNMT3A_2805_block1.jpg_x256_y1024.jpg,DNMT3A_2805_block1.jpg,260509-HPA_DNMT3a_Patches影像檔案\256\1\DNMT3A_2805_block1.jpg_x256_y1024.jpg
34,52,28,3,3,52,59014,17325,29.36,100.0,82.35,8.82,8.82,2,3,6,high,1,DNMT3A_2805_block1.jpg_x256_y1280.jpg,DNMT3A_2805_block1.jpg,260509-HPA_DNMT3a_Patches影像檔案\256\1\DNMT3A_2805_block1.jpg_x256_y1280.jpg
36,48,27,5,4,48,55127,16092,29.19,100.0,75.0,13.89,11.11,2,3,6,high,1,DNMT3A_2805_block1.jpg_x256_y1536.jpg,DNMT3A_2805_block1.jpg,260509-HPA_DNMT3a_Patches影像檔案\256\1\DNMT3A_2805_block1.jpg_x256_y1536.jpg
33,41,24,6,3,41,35423,6608,18.65,100.0,72.73,18.18,9.09,2,3,6,high,1,DNMT3A_2805_block1.jpg_x256_y1792.jpg,DNMT3A_2805_block1.jpg,260509-HPA_DNMT3a_Patches影像檔案\256\1\DNMT3A_2805_block1.jpg_x256_y1792.jpg
35,37,25,8,2,37,33987,9930,29.22,100.0,71.43,22.86,5.71,2,3,6,high,1,DNMT3A_2805_block1.jpg_x256_y768.jpg,DNMT3A_2805_block1.jpg,260509-HPA_DNMT3a_Patches影像檔案\256\1\DNMT3A_2805_block1.jpg_x256_y768.jpg
61,63,48,9,4,63,61440,17723,28.85,100.0,78.69,14.75,6.56,2,3,6,high,1,DNMT3A_2805_block1.jpg_x512_y1024.jpg,DNMT3A_2805_block1.jpg,260509-HPA_DNMT3a_Patches影像檔案\256\1\DNMT3A_2805_block1.jpg_x512_y1024.jpg
49,50,42,5,2,50,59379,17183,28.94,100.0,85.71,10.2,4.08,2,3,6,high,1,DNMT3A_2805_block1.jpg_x512_y1280.jpg,DNMT3A_2805_block1.jpg,260509-HPA_DNMT3a_Patches影像檔案\256\1\DNMT3A_2805_block1.jpg_x512_y1280.jpg
48,60,40,6,2,60,60675,17702,29.18,100.0,83.33,12.5,4.17,2,3,6,high,1,DNMT3A_2805_block1.jpg_x512_y1536.jpg,DNMT3A_2805_block1.jpg,260509-HPA_DNMT3a_Patches影像檔案\256\1\DNMT3A_2805_block1.jpg_x512_y1536.jpg
37,43,28,6,3,43,60748,17592,28.96,100.0,75.68,16.22,8.11,2,3,6,high,1,DNMT3A_2805_block1.jpg_x512_y1792.jpg,DNMT3A_2805_block1.jpg,260509-HPA_DNMT3a_Patches影像檔案\256\1\DNMT3A_2805_block1.jpg_x512_y1792.jpg
51,53,37,7,7,53,55340,8636,15.61,100.0,72.55,13.73,13.73,3,3,9,high,1,DNMT3A_2805_block1.jpg_x512_y2048.jpg,DNMT3A_2805_block1.jpg,260509-HPA_DNMT3a_Patches影像檔案\256\1\DNMT3A_2805_block1.jpg_x512_y2048.jpg
19,20,17,0,2,20,17330,3321,19.16,100.0,89.47,0.0,10.53,2,3,6,high,1,DNMT3A_2805_block1.jpg_x512_y2304.jpg,DNMT3A_2805_block1.jpg,260509-HPA_DNMT3a_Patches影像檔案\256\1\DNMT3A_2805_block1.jpg_x512_y2304.jpg
56,48,49,6,1,48,51961,13359,25.71,100.0,87.5,10.71,1.79,2,3,6,high,1,DNMT3A_2805_block1.jpg_x512_y512.jpg,DNMT3A_2805_block1.jpg,260509-HPA_DNMT3a_Patches影像檔案\256\1\DNMT3A_2805_block1.jpg_x512_y512.jpg
51,54,42,4,5,54,62031,17252,27.81,100.0,82.35,7.84,9.8,2,3,6,high,1,DNMT3A_2805_block1.jpg_x512_y768.jpg,DNMT3A_2805_block1.jpg,260509-HPA_DNMT3a_Patches影像檔案\256\1\DNMT3A_2805_block1.jpg_x512_y768.jpg
57,72,43,11,3,72,61491,16450,26.75,100.0,75.44,19.3,5.26,2,3,6,high,1,DNMT3A_2805_block1.jpg_x768_y1024.jpg,DNMT3A_2805_block1.jpg,260509-HPA_DNMT3a_Patches影像檔案\256\1\DNMT3A_2805_block1.jpg_x768_y1024.jpg
67,58,50,13,4,58,60432,17450,28.88,100.0,74.63,19.4,5.97,2,3,6,high,1,DNMT3A_2805_block1.jpg_x768_y1280.jpg,DNMT3A_2805_block1.jpg,260509-HPA_DNMT3a_Patches影像檔案\256\1\DNMT3A_2805_block1.jpg_x768_y1280.jpg
53,53,39,11,3,53,60954,17719,29.07,100.0,73.58,20.75,5.66,2,3,6,high,1,DNMT3A_2805_block1.jpg_x768_y1536.jpg,DNMT3A_2805_block1.jpg,260509-HPA_DNMT3a_Patches影像檔案\256\1\DNMT3A_2805_block1.jpg_x768_y1536.jpg
43,58,37,5,1,58,57565,13614,23.65,100.0,86.05,11.63,2.33,2,3,6,high,1,DNMT3A_2805_block1.jpg_x768_y1792.jpg,DNMT3A_2805_block1.jpg,260509-HPA_DNMT3a_Patches影像檔案\256\1\DNMT3A_2805_block1.jpg_x768_y1792.jpg
36,41,28,5,3,41,52144,7766,14.89,100.0,77.78,13.89,8.33,2,3,6,high,1,DNMT3A_2805_block1.jpg_x768_y2048.jpg,DNMT3A_2805_block1.jpg,260509-HPA_DNMT3a_Patches影像檔案\256\1\DNMT3A_2805_block1.jpg_x768_y2048.jpg
33,39,23,4,6,39,52553,4645,8.84,100.0,69.7,12.12,18.18,3,3,9,high,1,DNMT3A_2805_block1.jpg_x768_y2304.jpg,DNMT3A_2805_block1.jpg,260509-HPA_DNMT3a_Patches影像檔案\256\1\DNMT3A_2805_block1.jpg_x768_y2304.jpg
35,37,27,6,2,37,34707,6420,18.5,100.0,77.14,17.14,5.71,2,3,6,high,1,DNMT3A_2805_block1.jpg_x768_y256.jpg,DNMT3A_2805_block1.jpg,260509-HPA_DNMT3a_Patches影像檔案\256\1\DNMT3A_2805_block1.jpg_x768_y256.jpg
12,11,10,2,0,11,15147,4231,27.93,100.0,83.33,16.67,0.0,2,3,6,high,1,DNMT3A_2805_block1.jpg_x768_y2560.jpg,DNMT3A_2805_block1.jpg,260509-HPA_DNMT3a_Patches影像檔案\256\1\DNMT3A_2805_block1.jpg_x768_y2560.jpg
64,69,55,5,4,69,61071,14681,24.04,100.0,85.94,7.81,6.25,2,3,6,high,1,DNMT3A_2805_block1.jpg_x768_y512.jpg,DNMT3A_2805_block1.jpg,260509-HPA_DNMT3a_Patches影像檔案\256\1\DNMT3A_2805_block1.jpg_x768_y512.jpg
66,67,56,8,2,67,61966,14035,22.65,100.0,84.85,12.12,3.03,2,3,6,high,1,DNMT3A_2805_block1.jpg_x768_y768.jpg,DNMT3A_2805_block1.jpg,260509-HPA_DNMT3a_Patches影像檔案\256\1\DNMT3A_2805_block1.jpg_x768_y768.jpg
17,20,13,1,3,20,15649,3528,22.54,100.0,76.47,5.88,17.65,3,3,9,high,1,DNMT3A_2898_block1.jpg_x0_y1024.jpg,DNMT3A_2898_block1.jpg,260509-HPA_DNMT3a_Patches影像檔案\256\1\DNMT3A_2898_block1.jpg_x0_y1024.jpg
30,38,19,5,6,38,49338,6754,13.69,100.0,63.33,16.67,20.0,3,3,9,high,1,DNMT3A_2898_block1.jpg_x1024_y1024.jpg,DNMT3A_2898_block1.jpg,260509-HPA_DNMT3a_Patches影像檔案\256\1\DNMT3A_2898_block1.jpg_x1024_y1024.jpg
20,32,19,0,1,32,52883,15627,29.55,100.0,95.0,0.0,5.0,1,3,3,low,1,DNMT3A_2898_block1.jpg_x1024_y1536.jpg,DNMT3A_2898_block1.jpg,260509-HPA_DNMT3a_Patches影像檔案\256\1\DNMT3A_2898_block1.jpg_x1024_y1536.jpg
36,48,28,6,2,48,57740,14012,24.27,100.0,77.78,16.67,5.56,2,3,6,high,1,DNMT3A_2898_block1.jpg_x1024_y1792.jpg,DNMT3A_2898_block1.jpg,260509-HPA_DNMT3a_Patches影像檔案\256\1\DNMT3A_2898_block1.jpg_x1024_y1792.jpg
43,51,20,11,12,51,51682,4409,8.53,100.0,46.51,25.58,27.91,3,3,9,high,1,DNMT3A_2898_block1.jpg_x1024_y2048.jpg,DNMT3A_2898_block1.jpg,260509-HPA_DNMT3a_Patches影像檔案\256\1\DNMT3A_2898_block1.jpg_x1024_y2048.jpg
43,51,28,11,4,51,47755,7998,16.75,100.0,65.12,25.58,9.3,2,3,6,high,1,DNMT3A_2898_block1.jpg_x1024_y2304.jpg,DNMT3A_2898_block1.jpg,260509-HPA_DNMT3a_Patches影像檔案\256\1\DNMT3A_2898_block1.jpg_x1024_y2304.jpg
25,38,21,4,0,37,44653,6004,13.45,97.37,84.0,16.0,0.0,2,3,6,high,1,DNMT3A_2898_block1.jpg_x1024_y256.jpg,DNMT3A_2898_block1.jpg,260509-HPA_DNMT3a_Patches影像檔案\256\1\DNMT3A_2898_block1.jpg_x1024_y256.jpg
30,38,19,6,5,38,43347,9443,21.78,100.0,63.33,20.0,16.67,3,3,9,high,1,DNMT3A_2898_block1.jpg_x1024_y2560.jpg,DNMT3A_2898_block1.jpg,260509-HPA_DNMT3a_Patches影像檔案\256\1\DNMT3A_2898_block1.jpg_x1024_y2560.jpg
23,32,17,5,1,32,28045,4559,16.26,100.0,73.91,21.74,4.35,2,3,6,high,1,DNMT3A_2898_block1.jpg_x1024_y768.jpg,DNMT3A_2898_block1.jpg,260509-HPA_DNMT3a_Patches影像檔案\256\1\DNMT3A_2898_block1.jpg_x1024_y768.jpg
24,34,16,3,5,34,31341,5606,17.89,100.0,66.67,12.5,20.83,3,3,9,high,1,DNMT3A_2898_block1.jpg_x1280_y1024.jpg,DNMT3A_2898_block1.jpg,260509-HPA_DNMT3a_Patches影像檔案\256\1\DNMT3A_2898_block1.jpg_x1280_y1024.jpg
41,50,34,5,2,50,51558,10576,20.51,100.0,82.93,12.2,4.88,2,3,6,high,1,DNMT3A_2898_block1.jpg_x1280_y1280.jpg,DNMT3A_2898_block1.jpg,260509-HPA_DNMT3a_Patches影像檔案\256\1\DNMT3A_2898_block1.jpg_x1280_y1280.jpg
33,39,22,5,6,39,51684,5596,10.83,100.0,66.67,15.15,18.18,3,3,9,high,1,DNMT3A_2898_block1.jpg_x1280_y1792.jpg,DNMT3A_2898_block1.jpg,260509-HPA_DNMT3a_Patches影像檔案\256\1\DNMT3A_2898_block1.jpg_x1280_y1792.jpg
35,49,27,3,5,49,46252,5793,12.52,100.0,77.14,8.57,14.29,3,3,9,high,1,DNMT3A_2898_block1.jpg_x1280_y2048.jpg,DNMT3A_2898_block1.jpg,260509-HPA_DNMT3a_Patches影像檔案\256\1\DNMT3A_2898_block1.jpg_x1280_y2048.jpg
30,36,17,7,6,36,42844,4651,10.86,100.0,56.67,23.33,20.0,3,3,9,high,1,DNMT3A_2898_block1.jpg_x1280_y2304.jpg,DNMT3A_2898_block1.jpg,260509-HPA_DNMT3a_Patches影像檔案\256\1\DNMT3A_2898_block1.jpg_x1280_y2304.jpg
18,27,13,4,1,27,46213,5936,12.84,100.0,72.22,22.22,5.56,2,3,6,high,1,DNMT3A_2898_block1.jpg_x1280_y256.jpg,DNMT3A_2898_block1.jpg,260509-HPA_DNMT3a_Patches影像檔案\256\1\DNMT3A_2898_block1.jpg_x1280_y256.jpg
28,36,17,6,5,35,35138,6018,17.13,97.22,60.71,21.43,17.86,3,3,9,high,1,DNMT3A_2898_block1.jpg_x1280_y2560.jpg,DNMT3A_2898_block1.jpg,260509-HPA_DNMT3a_Patches影像檔案\256\1\DNMT3A_2898_block1.jpg_x1280_y2560.jpg
39,45,29,3,7,45,44443,5154,11.6,100.0,74.36,7.69,17.95,3,3,9,high,1,DNMT3A_2898_block1.jpg_x1536_y1024.jpg,DNMT3A_2898_block1.jpg,260509-HPA_DNMT3a_Patches影像檔案\256\1\DNMT3A_2898_block1.jpg_x1536_y1024.jpg
33,42,28,3,2,41,54277,10966,20.2,97.62,84.85,9.09,6.06,2,3,6,high,1,DNMT3A_2898_block1.jpg_x1536_y1280.jpg,DNMT3A_2898_block1.jpg,260509-HPA_DNMT3a_Patches影像檔案\256\1\DNMT3A_2898_block1.jpg_x1536_y1280.jpg
38,46,24,7,7,46,55137,4293,7.79,100.0,63.16,18.42,18.42,3,3,9,high,1,DNMT3A_2898_block1.jpg_x1536_y1536.jpg,DNMT3A_2898_block1.jpg,260509-HPA_DNMT3a_Patches影像檔案\256\1\DNMT3A_2898_block1.jpg_x1536_y1536.jpg
40,44,30,7,3,44,50912,7131,14.01,100.0,75.0,17.5,7.5,2,3,6,high,1,DNMT3A_2898_block1.jpg_x1536_y1792.jpg,DNMT3A_2898_block1.jpg,260509-HPA_DNMT3a_Patches影像檔案\256\1\DNMT3A_2898_block1.jpg_x1536_y1792.jpg
38,44,28,7,3,44,47837,9104,19.03,100.0,73.68,18.42,7.89,2,3,6,high,1,DNMT3A_2898_block1.jpg_x1536_y2048.jpg,DNMT3A_2898_block1.jpg,260509-HPA_DNMT3a_Patches影像檔案\256\1\DNMT3A_2898_block1.jpg_x1536_y2048.jpg
36,47,33,2,1,47,45031,9261,20.57,100.0,91.67,5.56,2.78,2,3,6,high,1,DNMT3A_2898_block1.jpg_x1536_y2304.jpg,DNMT3A_2898_block1.jpg,260509-HPA_DNMT3a_Patches影像檔案\256\1\DNMT3A_2898_block1.jpg_x1536_y2304.jpg
30,42,16,4,10,42,48002,4245,8.84,100.0,53.33,13.33,33.33,3,3,9,high,1,DNMT3A_2898_block1.jpg_x1536_y256.jpg,DNMT3A_2898_block1.jpg,260509-HPA_DNMT3a_Patches影像檔案\256\1\DNMT3A_2898_block1.jpg_x1536_y256.jpg
29,41,23,5,1,41,34174,9240,27.04,100.0,79.31,17.24,3.45,2,3,6,high,1,DNMT3A_2898_block1.jpg_x1536_y2560.jpg,DNMT3A_2898_block1.jpg,260509-HPA_DNMT3a_Patches影像檔案\256\1\DNMT3A_2898_block1.jpg_x1536_y2560.jpg
33,38,18,10,5,38,45924,5462,11.89,100.0,54.55,30.3,15.15,3,3,9,high,1,DNMT3A_2898_block1.jpg_x1536_y512.jpg,DNMT3A_2898_block1.jpg,260509-HPA_DNMT3a_Patches影像檔案\256\1\DNMT3A_2898_block1.jpg_x1536_y512.jpg
34,41,22,10,2,41,41116,7672,18.66,100.0,64.71,29.41,5.88,2,3,6,high,1,DNMT3A_2898_block1.jpg_x1536_y768.jpg,DNMT3A_2898_block1.jpg,260509-HPA_DNMT3a_Patches影像檔案\256\1\DNMT3A_2898_block1.jpg_x1536_y768.jpg
47,52,38,5,4,52,54432,8555,15.72,100.0,80.85,10.64,8.51,2,3,6,high,1,DNMT3A_2898_block1.jpg_x1792_y1024.jpg,DNMT3A_2898_block1.jpg,260509-HPA_DNMT3a_Patches影像檔案\256\1\DNMT3A_2898_block1.jpg_x1792_y1024.jpg
40,41,28,7,5,41,50673,8365,16.51,100.0,70.0,17.5,12.5,3,3,9,high,1,DNMT3A_2898_block1.jpg_x1792_y1280.jpg,DNMT3A_2898_block1.jpg,260509-HPA_DNMT3a_Patches影像檔案\256\1\DNMT3A_2898_block1.jpg_x1792_y1280.jpg
31,34,20,4,7,34,53534,5395,10.08,100.0,64.52,12.9,22.58,3,3,9,high,1,DNMT3A_2898_block1.jpg_x1792_y1536.jpg,DNMT3A_2898_block1.jpg,260509-HPA_DNMT3a_Patches影像檔案\256\1\DNMT3A_2898_block1.jpg_x1792_y1536.jpg
23,35,19,2,2,35,51531,6401,12.42,100.0,82.61,8.7,8.7,2,3,6,high,1,DNMT3A_2898_block1.jpg_x1792_y1792.jpg,DNMT3A_2898_block1.jpg,260509-HPA_DNMT3a_Patches影像檔案\256\1\DNMT3A_2898_block1.jpg_x1792_y1792.jpg
22,26,14,6,2,26,34777,8306,23.88,100.0,63.64,27.27,9.09,2,3,6,high,1,DNMT3A_2898_block1.jpg_x1792_y2048.jpg,DNMT3A_2898_block1.jpg,260509-HPA_DNMT3a_Patches影像檔案\256\1\DNMT3A_2898_block1.jpg_x1792_y2048.jpg
22,27,17,2,3,27,34830,6793,19.5,100.0,77.27,9.09,13.64,3,3,9,high,1,DNMT3A_2898_block1.jpg_x1792_y2304.jpg,DNMT3A_2898_block1.jpg,260509-HPA_DNMT3a_Patches影像檔案\256\1\DNMT3A_2898_block1.jpg_x1792_y2304.jpg
35,44,26,8,1,44,48538,12069,24.87,100.0,74.29,22.86,2.86,2,3,6,high,1,DNMT3A_2898_block1.jpg_x1792_y256.jpg,DNMT3A_2898_block1.jpg,260509-HPA_DNMT3a_Patches影像檔案\256\1\DNMT3A_2898_block1.jpg_x1792_y256.jpg
36,40,23,7,6,39,48174,5472,11.36,97.5,63.89,19.44,16.67,3,3,9,high,1,DNMT3A_2898_block1.jpg_x1792_y512.jpg,DNMT3A_2898_block1.jpg,260509-HPA_DNMT3a_Patches影像檔案\256\1\DNMT3A_2898_block1.jpg_x1792_y512.jpg
45,57,34,8,3,57,50209,12472,24.84,100.0,75.56,17.78,6.67,2,3,6,high,1,DNMT3A_2898_block1.jpg_x1792_y768.jpg,DNMT3A_2898_block1.jpg,260509-HPA_DNMT3a_Patches影像檔案\256\1\DNMT3A_2898_block1.jpg_x1792_y768.jpg
54,51,37,10,7,51,59504,17056,28.66,100.0,68.52,18.52,12.96,3,3,9,high,1,DNMT3A_2898_block1.jpg_x2048_y1024.jpg,DNMT3A_2898_block1.jpg,260509-HPA_DNMT3a_Patches影像檔案\256\1\DNMT3A_2898_block1.jpg_x2048_y1024.jpg
28,36,14,10,4,36,45707,13316,29.13,100.0,50.0,35.71,14.29,3,3,9,high,1,DNMT3A_2898_block1.jpg_x2048_y1280.jpg,DNMT3A_2898_block1.jpg,260509-HPA_DNMT3a_Patches影像檔案\256\1\DNMT3A_2898_block1.jpg_x2048_y1280.jpg
26,41,19,2,5,41,52930,5620,10.62,100.0,73.08,7.69,19.23,3,3,9,high,1,DNMT3A_2898_block1.jpg_x2048_y1536.jpg,DNMT3A_2898_block1.jpg,260509-HPA_DNMT3a_Patches影像檔案\256\1\DNMT3A_2898_block1.jpg_x2048_y1536.jpg
19,25,11,5,3,25,50763,5452,10.74,100.0,57.89,26.32,15.79,3,3,9,high,1,DNMT3A_2898_block1.jpg_x2048_y1792.jpg,DNMT3A_2898_block1.jpg,260509-HPA_DNMT3a_Patches影像檔案\256\1\DNMT3A_2898_block1.jpg_x2048_y1792.jpg
29,34,28,0,1,34,47611,13626,28.62,100.0,96.55,0.0,3.45,1,3,3,low,1,DNMT3A_2898_block1.jpg_x2048_y2048.jpg,DNMT3A_2898_block1.jpg,260509-HPA_DNMT3a_Patches影像檔案\256\1\DNMT3A_2898_block1.jpg_x2048_y2048.jpg
19,23,13,4,2,23,26049,4641,17.82,100.0,68.42,21.05,10.53,3,3,9,high,1,DNMT3A_2898_block1.jpg_x2048_y2304.jpg,DNMT3A_2898_block1.jpg,260509-HPA_DNMT3a_Patches影像檔案\256\1\DNMT3A_2898_block1.jpg_x2048_y2304.jpg
21,29,16,4,1,29,22369,4794,21.43,100.0,76.19,19.05,4.76,2,3,6,high,1,DNMT3A_2898_block1.jpg_x2048_y256.jpg,DNMT3A_2898_block1.jpg,260509-HPA_DNMT3a_Patches影像檔案\256\1\DNMT3A_2898_block1.jpg_x2048_y256.jpg
41,49,33,5,3,49,50657,10340,20.41,100.0,80.49,12.2,7.32,2,3,6,high,1,DNMT3A_2898_block1.jpg_x2048_y768.jpg,DNMT3A_2898_block1.jpg,260509-HPA_DNMT3a_Patches影像檔案\256\1\DNMT3A_2898_block1.jpg_x2048_y768.jpg
99,39,0,50,49,39,62256,16434,26.4,100.0,0.0,50.51,49.49,3,3,9,high,1,DNMT3A_2898_block1.jpg_x2304_y1024.jpg,DNMT3A_2898_block1.jpg,260509-HPA_DNMT3a_Patches影像檔案\256\1\DNMT3A_2898_block1.jpg_x2304_y1024.jpg
63,33,4,36,23,33,59183,16559,27.98,100.0,6.35,57.14,36.51,3,3,9,high,1,DNMT3A_2898_block1.jpg_x2304_y1280.jpg,DNMT3A_2898_block1.jpg,260509-HPA_DNMT3a_Patches影像檔案\256\1\DNMT3A_2898_block1.jpg_x2304_y1280.jpg
28,41,21,5,2,41,47731,5518,11.56,100.0,75.0,17.86,7.14,2,3,6,high,1,DNMT3A_2898_block1.jpg_x2304_y1536.jpg,DNMT3A_2898_block1.jpg,260509-HPA_DNMT3a_Patches影像檔案\256\1\DNMT3A_2898_block1.jpg_x2304_y1536.jpg
24,30,16,4,4,30,41557,3666,8.82,100.0,66.67,16.67,16.67,3,3,9,high,1,DNMT3A_2898_block1.jpg_x2304_y1792.jpg,DNMT3A_2898_block1.jpg,260509-HPA_DNMT3a_Patches影像檔案\256\1\DNMT3A_2898_block1.jpg_x2304_y1792.jpg
19,19,11,5,3,19,21752,3278,15.07,100.0,57.89,26.32,15.79,3,3,9,high,1,DNMT3A_2898_block1.jpg_x2304_y2048.jpg,DNMT3A_2898_block1.jpg,260509-HPA_DNMT3a_Patches影像檔案\256\1\DNMT3A_2898_block1.jpg_x2304_y2048.jpg
32,32,24,5,3,32,30682,4837,15.76,100.0,75.0,15.62,9.38,2,3,6,high,1,DNMT3A_2898_block1.jpg_x2304_y512.jpg,DNMT3A_2898_block1.jpg,260509-HPA_DNMT3a_Patches影像檔案\256\1\DNMT3A_2898_block1.jpg_x2304_y512.jpg
44,26,8,24,12,26,58827,17049,28.98,100.0,18.18,54.55,27.27,3,3,9,high,1,DNMT3A_2898_block1.jpg_x2304_y768.jpg,DNMT3A_2898_block1.jpg,260509-HPA_DNMT3a_Patches影像檔案\256\1\DNMT3A_2898_block1.jpg_x2304_y768.jpg
50,56,36,14,0,56,48162,8864,18.4,100.0,72.0,28.0,0.0,2,3,6,high,1,DNMT3A_2898_block1.jpg_x2560_y1024.jpg,DNMT3A_2898_block1.jpg,260509-HPA_DNMT3a_Patches影像檔案\256\1\DNMT3A_2898_block1.jpg_x2560_y1024.jpg
23,28,12,7,4,28,31480,3894,12.37,100.0,52.17,30.43,17.39,3,3,9,high,1,DNMT3A_2898_block1.jpg_x2560_y1280.jpg,DNMT3A_2898_block1.jpg,260509-HPA_DNMT3a_Patches影像檔案\256\1\DNMT3A_2898_block1.jpg_x2560_y1280.jpg
28,31,22,4,2,31,25017,4550,18.19,100.0,78.57,14.29,7.14,2,3,6,high,1,DNMT3A_2898_block1.jpg_x2560_y768.jpg,DNMT3A_2898_block1.jpg,260509-HPA_DNMT3a_Patches影像檔案\256\1\DNMT3A_2898_block1.jpg_x2560_y768.jpg
32,41,19,10,3,41,56558,11989,21.2,100.0,59.38,31.25,9.38,2,3,6,high,1,DNMT3A_2898_block1.jpg_x256_y1024.jpg,DNMT3A_2898_block1.jpg,260509-HPA_DNMT3a_Patches影像檔案\256\1\DNMT3A_2898_block1.jpg_x256_y1024.jpg
32,40,22,6,4,40,52911,10295,19.46,100.0,68.75,18.75,12.5,3,3,9,high,1,DNMT3A_2898_block1.jpg_x256_y1280.jpg,DNMT3A_2898_block1.jpg,260509-HPA_DNMT3a_Patches影像檔案\256\1\DNMT3A_2898_block1.jpg_x256_y1280.jpg
29,33,21,6,2,33,55201,16220,29.38,100.0,72.41,20.69,6.9,2,3,6,high,1,DNMT3A_2898_block1.jpg_x256_y1792.jpg,DNMT3A_2898_block1.jpg,260509-HPA_DNMT3a_Patches影像檔案\256\1\DNMT3A_2898_block1.jpg_x256_y1792.jpg
44,53,29,7,8,53,41690,4351,10.44,100.0,65.91,15.91,18.18,3,3,9,high,1,DNMT3A_2898_block1.jpg_x256_y2048.jpg,DNMT3A_2898_block1.jpg,260509-HPA_DNMT3a_Patches影像檔案\256\1\DNMT3A_2898_block1.jpg_x256_y2048.jpg
33,47,17,9,7,47,45229,7070,15.63,100.0,51.52,27.27,21.21,3,3,9,high,1,DNMT3A_2898_block1.jpg_x256_y768.jpg,DNMT3A_2898_block1.jpg,260509-HPA_DNMT3a_Patches影像檔案\256\1\DNMT3A_2898_block1.jpg_x256_y768.jpg
36,40,17,12,7,40,57950,16912,29.18,100.0,47.22,33.33,19.44,3,3,9,high,1,DNMT3A_2898_block1.jpg_x512_y1024.jpg,DNMT3A_2898_block1.jpg,260509-HPA_DNMT3a_Patches影像檔案\256\1\DNMT3A_2898_block1.jpg_x512_y1024.jpg
76,45,39,28,9,45,58070,15946,27.46,100.0,51.32,36.84,11.84,3,3,9,high,1,DNMT3A_2898_block1.jpg_x512_y1280.jpg,DNMT3A_2898_block1.jpg,260509-HPA_DNMT3a_Patches影像檔案\256\1\DNMT3A_2898_block1.jpg_x512_y1280.jpg
64,37,29,26,9,37,60168,17011,28.27,100.0,45.31,40.62,14.06,3,3,9,high,1,DNMT3A_2898_block1.jpg_x512_y1536.jpg,DNMT3A_2898_block1.jpg,260509-HPA_DNMT3a_Patches影像檔案\256\1\DNMT3A_2898_block1.jpg_x512_y1536.jpg
43,23,27,10,6,23,56371,16079,28.52,100.0,62.79,23.26,13.95,3,3,9,high,1,DNMT3A_2898_block1.jpg_x512_y1792.jpg,DNMT3A_2898_block1.jpg,260509-HPA_DNMT3a_Patches影像檔案\256\1\DNMT3A_2898_block1.jpg_x512_y1792.jpg
31,31,11,12,8,31,48204,4322,8.97,100.0,35.48,38.71,25.81,3,3,9,high,1,DNMT3A_2898_block1.jpg_x512_y2048.jpg,DNMT3A_2898_block1.jpg,260509-HPA_DNMT3a_Patches影像檔案\256\1\DNMT3A_2898_block1.jpg_x512_y2048.jpg
28,35,14,9,5,35,36293,5091,14.03,100.0,50.0,32.14,17.86,3,3,9,high,1,DNMT3A_2898_block1.jpg_x512_y2304.jpg,DNMT3A_2898_block1.jpg,260509-HPA_DNMT3a_Patches影像檔案\256\1\DNMT3A_2898_block1.jpg_x512_y2304.jpg
33,48,22,7,4,48,49900,10307,20.66,100.0,66.67,21.21,12.12,3,3,9,high,1,DNMT3A_2898_block1.jpg_x512_y512.jpg,DNMT3A_2898_block1.jpg,260509-HPA_DNMT3a_Patches影像檔案\256\1\DNMT3A_2898_block1.jpg_x512_y512.jpg
27,40,18,6,3,40,51171,7296,14.26,100.0,66.67,22.22,11.11,3,3,9,high,1,DNMT3A_2898_block1.jpg_x512_y768.jpg,DNMT3A_2898_block1.jpg,260509-HPA_DNMT3a_Patches影像檔案\256\1\DNMT3A_2898_block1.jpg_x512_y768.jpg
33,41,27,3,3,41,50081,4938,9.86,100.0,81.82,9.09,9.09,2,3,6,high,1,DNMT3A_2898_block1.jpg_x768_y1024.jpg,DNMT3A_2898_block1.jpg,260509-HPA_DNMT3a_Patches影像檔案\256\1\DNMT3A_2898_block1.jpg_x768_y1024.jpg
16,39,13,2,1,39,53530,15892,29.69,100.0,81.25,12.5,6.25,2,3,6,high,1,DNMT3A_2898_block1.jpg_x768_y1280.jpg,DNMT3A_2898_block1.jpg,260509-HPA_DNMT3a_Patches影像檔案\256\1\DNMT3A_2898_block1.jpg_x768_y1280.jpg
51,20,4,35,12,20,45550,12674,27.82,100.0,7.84,68.63,23.53,3,3,9,high,1,DNMT3A_2898_block1.jpg_x768_y1536.jpg,DNMT3A_2898_block1.jpg,260509-HPA_DNMT3a_Patches影像檔案\256\1\DNMT3A_2898_block1.jpg_x768_y1536.jpg
30,35,20,6,4,35,56115,16524,29.45,100.0,66.67,20.0,13.33,3,3,9,high,1,DNMT3A_2898_block1.jpg_x768_y1792.jpg,DNMT3A_2898_block1.jpg,260509-HPA_DNMT3a_Patches影像檔案\256\1\DNMT3A_2898_block1.jpg_x768_y1792.jpg
46,58,25,14,7,58,52404,5828,11.12,100.0,54.35,30.43,15.22,3,3,9,high,1,DNMT3A_2898_block1.jpg_x768_y2048.jpg,DNMT3A_2898_block1.jpg,260509-HPA_DNMT3a_Patches影像檔案\256\1\DNMT3A_2898_block1.jpg_x768_y2048.jpg
38,49,23,10,5,49,51373,12723,24.77,100.0,60.53,26.32,13.16,3,3,9,high,1,DNMT3A_2898_block1.jpg_x768_y2304.jpg,DNMT3A_2898_block1.jpg,260509-HPA_DNMT3a_Patches影像檔案\256\1\DNMT3A_2898_block1.jpg_x768_y2304.jpg
23,23,13,5,5,23,28787,4948,17.19,100.0,56.52,21.74,21.74,3,3,9,high,1,DNMT3A_2898_block1.jpg_x768_y2560.jpg,DNMT3A_2898_block1.jpg,260509-HPA_DNMT3a_Patches影像檔案\256\1\DNMT3A_2898_block1.jpg_x768_y2560.jpg
20,24,11,6,3,24,34232,4233,12.37,100.0,55.0,30.0,15.0,3,3,9,high,1,DNMT3A_2898_block1.jpg_x768_y512.jpg,DNMT3A_2898_block1.jpg,260509-HPA_DNMT3a_Patches影像檔案\256\1\DNMT3A_2898_block1.jpg_x768_y512.jpg
36,54,25,7,4,54,50070,6654,13.29,100.0,69.44,19.44,11.11,2,3,6,high,1,DNMT3A_2898_block1.jpg_x768_y768.jpg,DNMT3A_2898_block1.jpg,260509-HPA_DNMT3a_Patches影像檔案\256\1\DNMT3A_2898_block1.jpg_x768_y768.jpg
18,31,1,9,8,27,59988,2587,4.31,87.1,5.56,50.0,44.44,3,3,9,high,1,DNMT3A_2898_block2.jpg_x1024_y1024.jpg,DNMT3A_2898_block2.jpg,260509-HPA_DNMT3a_Patches影像檔案\256\1\DNMT3A_2898_block2.jpg_x1024_y1024.jpg
16,44,5,1,10,34,58994,2654,4.5,77.27,31.25,6.25,62.5,3,3,9,high,1,DNMT3A_2898_block2.jpg_x1024_y512.jpg,DNMT3A_2898_block2.jpg,260509-HPA_DNMT3a_Patches影像檔案\256\1\DNMT3A_2898_block2.jpg_x1024_y512.jpg
0,56,0,0,0,47,61190,0,0.0,83.93,0.0,0.0,0.0,2,3,6,high,1,DNMT3A_2898_block2.jpg_x1024_y768.jpg,DNMT3A_2898_block2.jpg,260509-HPA_DNMT3a_Patches影像檔案\256\1\DNMT3A_2898_block2.jpg_x1024_y768.jpg
45,61,30,9,6,59,60662,6321,10.42,96.72,66.67,20.0,13.33,3,3,9,high,1,DNMT3A_2898_block2.jpg_x1280_y1024.jpg,DNMT3A_2898_block2.jpg,260509-HPA_DNMT3a_Patches影像檔案\256\1\DNMT3A_2898_block2.jpg_x1280_y1024.jpg
0,26,0,0,0,26,50380,0,0.0,100.0,0.0,0.0,0.0,3,3,9,high,1,DNMT3A_2898_block2.jpg_x1280_y2560.jpg,DNMT3A_2898_block2.jpg,260509-HPA_DNMT3a_Patches影像檔案\256\1\DNMT3A_2898_block2.jpg_x1280_y2560.jpg
66,67,45,10,11,67,58498,8286,14.16,100.0,68.18,15.15,16.67,3,3,9,high,1,DNMT3A_2898_block2.jpg_x1280_y512.jpg,DNMT3A_2898_block2.jpg,260509-HPA_DNMT3a_Patches影像檔案\256\1\DNMT3A_2898_block2.jpg_x1280_y512.jpg
0,101,0,0,0,98,62244,0,0.0,97.03,0.0,0.0,0.0,1,3,3,low,1,DNMT3A_2898_block2.jpg_x1280_y768.jpg,DNMT3A_2898_block2.jpg,260509-HPA_DNMT3a_Patches影像檔案\256\1\DNMT3A_2898_block2.jpg_x1280_y768.jpg
25,40,8,10,7,38,55331,3572,6.46,95.0,32.0,40.0,28.0,3,3,9,high,1,DNMT3A_2898_block2.jpg_x1536_y1024.jpg,DNMT3A_2898_block2.jpg,260509-HPA_DNMT3a_Patches影像檔案\256\1\DNMT3A_2898_block2.jpg_x1536_y1024.jpg
0,59,0,0,0,47,58028,0,0.0,79.66,0.0,0.0,0.0,2,3,6,high,1,DNMT3A_2898_block2.jpg_x1536_y512.jpg,DNMT3A_2898_block2.jpg,260509-HPA_DNMT3a_Patches影像檔案\256\1\DNMT3A_2898_block2.jpg_x1536_y512.jpg
52,66,33,9,10,58,59238,8514,14.37,87.88,63.46,17.31,19.23,3,3,9,high,1,DNMT3A_2898_block2.jpg_x1536_y768.jpg,DNMT3A_2898_block2.jpg,260509-HPA_DNMT3a_Patches影像檔案\256\1\DNMT3A_2898_block2.jpg_x1536_y768.jpg
39,42,33,1,5,41,27594,6131,22.22,97.62,84.62,2.56,12.82,3,3,9,high,1,DNMT3A_2898_block2.jpg_x2048_y256.jpg,DNMT3A_2898_block2.jpg,260509-HPA_DNMT3a_Patches影像檔案\256\1\DNMT3A_2898_block2.jpg_x2048_y256.jpg
46,49,13,17,16,49,50840,4554,8.96,100.0,28.26,36.96,34.78,3,3,9,high,1,DNMT3A_2898_block2.jpg_x512_y1280.jpg,DNMT3A_2898_block2.jpg,260509-HPA_DNMT3a_Patches影像檔案\256\1\DNMT3A_2898_block2.jpg_x512_y1280.jpg
47,54,19,12,16,52,62191,8495,13.66,96.3,40.43,25.53,34.04,3,3,9,high,1,DNMT3A_3257_block2.jpg_x1024_y1024.jpg,DNMT3A_3257_block2.jpg,260509-HPA_DNMT3a_Patches影像檔案\256\1\DNMT3A_3257_block2.jpg_x1024_y1024.jpg
49,61,19,15,15,57,62184,7377,11.86,93.44,38.78,30.61,30.61,3,3,9,high,1,DNMT3A_3257_block2.jpg_x1024_y1280.jpg,DNMT3A_3257_block2.jpg,260509-HPA_DNMT3a_Patches影像檔案\256\1\DNMT3A_3257_block2.jpg_x1024_y1280.jpg
0,63,0,0,0,56,62218,0,0.0,88.89,0.0,0.0,0.0,1,3,3,low,1,DNMT3A_3257_block2.jpg_x1024_y1536.jpg,DNMT3A_3257_block2.jpg,260509-HPA_DNMT3a_Patches影像檔案\256\1\DNMT3A_3257_block2.jpg_x1024_y1536.jpg
50,58,25,7,18,55,61792,8383,13.57,94.83,50.0,14.0,36.0,3,3,9,high,1,DNMT3A_3257_block2.jpg_x1024_y1792.jpg,DNMT3A_3257_block2.jpg,260509-HPA_DNMT3a_Patches影像檔案\256\1\DNMT3A_3257_block2.jpg_x1024_y1792.jpg
52,59,24,12,16,55,61336,8397,13.69,93.22,46.15,23.08,30.77,3,3,9,high,1,DNMT3A_3257_block2.jpg_x1024_y2048.jpg,DNMT3A_3257_block2.jpg,260509-HPA_DNMT3a_Patches影像檔案\256\1\DNMT3A_3257_block2.jpg_x1024_y2048.jpg
51,59,23,13,15,48,61789,11217,18.15,81.36,45.1,25.49,29.41,3,3,9,high,1,DNMT3A_3257_block2.jpg_x1024_y2304.jpg,DNMT3A_3257_block2.jpg,260509-HPA_DNMT3a_Patches影像檔案\256\1\DNMT3A_3257_block2.jpg_x1024_y2304.jpg
72,73,18,12,42,73,62257,4488,7.21,100.0,25.0,16.67,58.33,3,3,9,high,1,DNMT3A_3257_block2.jpg_x1024_y768.jpg,DNMT3A_3257_block2.jpg,260509-HPA_DNMT3a_Patches影像檔案\256\1\DNMT3A_3257_block2.jpg_x1024_y768.jpg
48,49,17,12,19,48,59457,7404,12.45,97.96,35.42,25.0,39.58,3,3,9,high,1,DNMT3A_3257_block2.jpg_x1280_y1024.jpg,DNMT3A_3257_block2.jpg,260509-HPA_DNMT3a_Patches影像檔案\256\1\DNMT3A_3257_block2.jpg_x1280_y1024.jpg
49,47,18,8,23,46,62187,6572,10.57,97.87,36.73,16.33,46.94,3,3,9,high,1,DNMT3A_3257_block2.jpg_x1280_y1280.jpg,DNMT3A_3257_block2.jpg,260509-HPA_DNMT3a_Patches影像檔案\256\1\DNMT3A_3257_block2.jpg_x1280_y1280.jpg
56,57,25,13,18,54,62247,10363,16.65,94.74,44.64,23.21,32.14,3,3,9,high,1,DNMT3A_3257_block2.jpg_x1280_y1536.jpg,DNMT3A_3257_block2.jpg,260509-HPA_DNMT3a_Patches影像檔案\256\1\DNMT3A_3257_block2.jpg_x1280_y1536.jpg
28,33,13,4,11,32,54276,4495,8.28,96.97,46.43,14.29,39.29,3,3,9,high,1,DNMT3A_3257_block2.jpg_x1280_y1792.jpg,DNMT3A_3257_block2.jpg,260509-HPA_DNMT3a_Patches影像檔案\256\1\DNMT3A_3257_block2.jpg_x1280_y1792.jpg
49,60,26,11,12,53,61140,9610,15.72,88.33,53.06,22.45,24.49,3,3,9,high,1,DNMT3A_3257_block2.jpg_x1280_y2048.jpg,DNMT3A_3257_block2.jpg,260509-HPA_DNMT3a_Patches影像檔案\256\1\DNMT3A_3257_block2.jpg_x1280_y2048.jpg
61,66,35,15,11,58,62251,10254,16.47,87.88,57.38,24.59,18.03,3,3,9,high,1,DNMT3A_3257_block2.jpg_x1280_y2304.jpg,DNMT3A_3257_block2.jpg,260509-HPA_DNMT3a_Patches影像檔案\256\1\DNMT3A_3257_block2.jpg_x1280_y2304.jpg
41,40,17,15,9,39,31700,6013,18.97,97.5,41.46,36.59,21.95,3,3,9,high,1,DNMT3A_3257_block2.jpg_x1280_y2560.jpg,DNMT3A_3257_block2.jpg,260509-HPA_DNMT3a_Patches影像檔案\256\1\DNMT3A_3257_block2.jpg_x1280_y2560.jpg
54,59,22,17,15,57,62175,10750,17.29,96.61,40.74,31.48,27.78,3,3,9,high,1,DNMT3A_3257_block2.jpg_x1536_y1024.jpg,DNMT3A_3257_block2.jpg,260509-HPA_DNMT3a_Patches影像檔案\256\1\DNMT3A_3257_block2.jpg_x1536_y1024.jpg
35,38,11,10,14,35,49410,7207,14.59,92.11,31.43,28.57,40.0,3,3,9,high,1,DNMT3A_3257_block2.jpg_x1536_y1280.jpg,DNMT3A_3257_block2.jpg,260509-HPA_DNMT3a_Patches影像檔案\256\1\DNMT3A_3257_block2.jpg_x1536_y1280.jpg
63,57,29,22,12,56,58738,10638,18.11,98.25,46.03,34.92,19.05,3,3,9,high,1,DNMT3A_3257_block2.jpg_x1536_y1536.jpg,DNMT3A_3257_block2.jpg,260509-HPA_DNMT3a_Patches影像檔案\256\1\DNMT3A_3257_block2.jpg_x1536_y1536.jpg
0,55,0,0,0,52,55251,0,0.0,94.55,0.0,0.0,0.0,1,3,3,low,1,DNMT3A_3257_block2.jpg_x1536_y1792.jpg,DNMT3A_3257_block2.jpg,260509-HPA_DNMT3a_Patches影像檔案\256\1\DNMT3A_3257_block2.jpg_x1536_y1792.jpg
56,59,28,18,10,52,61494,10552,17.16,88.14,50.0,32.14,17.86,3,3,9,high,1,DNMT3A_3257_block2.jpg_x1536_y2304.jpg,DNMT3A_3257_block2.jpg,260509-HPA_DNMT3a_Patches影像檔案\256\1\DNMT3A_3257_block2.jpg_x1536_y2304.jpg
0,18,0,0,0,18,16405,0,0.0,100.0,0.0,0.0,0.0,1,3,3,low,1,DNMT3A_3257_block2.jpg_x1792_y0.jpg,DNMT3A_3257_block2.jpg,260509-HPA_DNMT3a_Patches影像檔案\256\1\DNMT3A_3257_block2.jpg_x1792_y0.jpg
57,59,27,12,18,59,62159,7357,11.84,100.0,47.37,21.05,31.58,3,3,9,high,1,DNMT3A_3257_block2.jpg_x1792_y1024.jpg,DNMT3A_3257_block2.jpg,260509-HPA_DNMT3a_Patches影像檔案\256\1\DNMT3A_3257_block2.jpg_x1792_y1024.jpg
31,38,12,4,15,37,60804,5493,9.03,97.37,38.71,12.9,48.39,3,3,9,high,1,DNMT3A_3257_block2.jpg_x1792_y1280.jpg,DNMT3A_3257_block2.jpg,260509-HPA_DNMT3a_Patches影像檔案\256\1\DNMT3A_3257_block2.jpg_x1792_y1280.jpg
0,41,0,0,0,38,39784,0,0.0,92.68,0.0,0.0,0.0,1,3,3,low,1,DNMT3A_3257_block2.jpg_x1792_y1536.jpg,DNMT3A_3257_block2.jpg,260509-HPA_DNMT3a_Patches影像檔案\256\1\DNMT3A_3257_block2.jpg_x1792_y1536.jpg
0,49,0,0,0,47,52124,0,0.0,95.92,0.0,0.0,0.0,1,3,3,low,1,DNMT3A_3257_block2.jpg_x1792_y1792.jpg,DNMT3A_3257_block2.jpg,260509-HPA_DNMT3a_Patches影像檔案\256\1\DNMT3A_3257_block2.jpg_x1792_y1792.jpg
0,55,0,0,0,51,61565,0,0.0,92.73,0.0,0.0,0.0,1,3,3,low,1,DNMT3A_3257_block2.jpg_x1792_y2048.jpg,DNMT3A_3257_block2.jpg,260509-HPA_DNMT3a_Patches影像檔案\256\1\DNMT3A_3257_block2.jpg_x1792_y2048.jpg
43,46,11,16,16,38,56662,6317,11.15,82.61,25.58,37.21,37.21,3,3,9,high,1,DNMT3A_3257_block2.jpg_x1792_y2304.jpg,DNMT3A_3257_block2.jpg,260509-HPA_DNMT3a_Patches影像檔案\256\1\DNMT3A_3257_block2.jpg_x1792_y2304.jpg
35,47,6,7,22,46,58864,4220,7.17,97.87,17.14,20.0,62.86,3,3,9,high,1,DNMT3A_3257_block2.jpg_x1792_y256.jpg,DNMT3A_3257_block2.jpg,260509-HPA_DNMT3a_Patches影像檔案\256\1\DNMT3A_3257_block2.jpg_x1792_y256.jpg
47,61,16,13,18,55,62200,6944,11.16,90.16,34.04,27.66,38.3,3,3,9,high,1,DNMT3A_3257_block2.jpg_x1792_y768.jpg,DNMT3A_3257_block2.jpg,260509-HPA_DNMT3a_Patches影像檔案\256\1\DNMT3A_3257_block2.jpg_x1792_y768.jpg
48,51,24,14,10,50,60993,9943,16.3,98.04,50.0,29.17,20.83,3,3,9,high,1,DNMT3A_3257_block2.jpg_x2048_y1024.jpg,DNMT3A_3257_block2.jpg,260509-HPA_DNMT3a_Patches影像檔案\256\1\DNMT3A_3257_block2.jpg_x2048_y1024.jpg
36,44,10,8,18,42,59782,5054,8.45,95.45,27.78,22.22,50.0,3,3,9,high,1,DNMT3A_3257_block2.jpg_x2048_y1280.jpg,DNMT3A_3257_block2.jpg,260509-HPA_DNMT3a_Patches影像檔案\256\1\DNMT3A_3257_block2.jpg_x2048_y1280.jpg
46,52,19,8,19,48,54519,6070,11.13,92.31,41.3,17.39,41.3,3,3,9,high,1,DNMT3A_3257_block2.jpg_x2048_y1536.jpg,DNMT3A_3257_block2.jpg,260509-HPA_DNMT3a_Patches影像檔案\256\1\DNMT3A_3257_block2.jpg_x2048_y1536.jpg
54,56,17,13,24,55,61445,7874,12.81,98.21,31.48,24.07,44.44,3,3,9,high,1,DNMT3A_3257_block2.jpg_x2048_y1792.jpg,DNMT3A_3257_block2.jpg,260509-HPA_DNMT3a_Patches影像檔案\256\1\DNMT3A_3257_block2.jpg_x2048_y1792.jpg
35,42,12,5,18,39,57733,5407,9.37,92.86,34.29,14.29,51.43,3,3,9,high,1,DNMT3A_3257_block2.jpg_x2048_y2048.jpg,DNMT3A_3257_block2.jpg,260509-HPA_DNMT3a_Patches影像檔案\256\1\DNMT3A_3257_block2.jpg_x2048_y2048.jpg
22,28,7,4,11,26,59117,3924,6.64,92.86,31.82,18.18,50.0,3,3,9,high,1,DNMT3A_3257_block2.jpg_x2048_y512.jpg,DNMT3A_3257_block2.jpg,260509-HPA_DNMT3a_Patches影像檔案\256\1\DNMT3A_3257_block2.jpg_x2048_y512.jpg
51,56,26,7,18,56,62250,7341,11.79,100.0,50.98,13.73,35.29,3,3,9,high,1,DNMT3A_3257_block2.jpg_x2048_y768.jpg,DNMT3A_3257_block2.jpg,260509-HPA_DNMT3a_Patches影像檔案\256\1\DNMT3A_3257_block2.jpg_x2048_y768.jpg
42,42,12,11,19,42,62219,6299,10.12,100.0,28.57,26.19,45.24,3,3,9,high,1,DNMT3A_3257_block2.jpg_x2304_y1024.jpg,DNMT3A_3257_block2.jpg,260509-HPA_DNMT3a_Patches影像檔案\256\1\DNMT3A_3257_block2.jpg_x2304_y1024.jpg
42,48,17,10,15,48,62233,6196,9.96,100.0,40.48,23.81,35.71,3,3,9,high,1,DNMT3A_3257_block2.jpg_x2304_y1280.jpg,DNMT3A_3257_block2.jpg,260509-HPA_DNMT3a_Patches影像檔案\256\1\DNMT3A_3257_block2.jpg_x2304_y1280.jpg
48,60,21,8,19,56,60366,5391,8.93,93.33,43.75,16.67,39.58,3,3,9,high,1,DNMT3A_3257_block2.jpg_x2304_y1536.jpg,DNMT3A_3257_block2.jpg,260509-HPA_DNMT3a_Patches影像檔案\256\1\DNMT3A_3257_block2.jpg_x2304_y1536.jpg
44,45,21,7,16,39,49512,6562,13.25,86.67,47.73,15.91,36.36,3,3,9,high,1,DNMT3A_3257_block2.jpg_x2304_y1792.jpg,DNMT3A_3257_block2.jpg,260509-HPA_DNMT3a_Patches影像檔案\256\1\DNMT3A_3257_block2.jpg_x2304_y1792.jpg
24,32,11,3,10,30,31824,3532,11.1,93.75,45.83,12.5,41.67,3,3,9,high,1,DNMT3A_3257_block2.jpg_x256_y1024.jpg,DNMT3A_3257_block2.jpg,260509-HPA_DNMT3a_Patches影像檔案\256\1\DNMT3A_3257_block2.jpg_x256_y1024.jpg
35,36,12,8,15,29,43761,5487,12.54,80.56,34.29,22.86,42.86,3,3,9,high,1,DNMT3A_3257_block2.jpg_x256_y1280.jpg,DNMT3A_3257_block2.jpg,260509-HPA_DNMT3a_Patches影像檔案\256\1\DNMT3A_3257_block2.jpg_x256_y1280.jpg
16,27,2,4,10,20,34493,2771,8.03,74.07,12.5,25.0,62.5,3,3,9,high,1,DNMT3A_3257_block2.jpg_x256_y1536.jpg,DNMT3A_3257_block2.jpg,260509-HPA_DNMT3a_Patches影像檔案\256\1\DNMT3A_3257_block2.jpg_x256_y1536.jpg
21,24,7,6,8,22,21490,3405,15.84,91.67,33.33,28.57,38.1,3,3,9,high,1,DNMT3A_3257_block2.jpg_x256_y1792.jpg,DNMT3A_3257_block2.jpg,260509-HPA_DNMT3a_Patches影像檔案\256\1\DNMT3A_3257_block2.jpg_x256_y1792.jpg
18,27,5,4,9,20,23909,3643,15.24,74.07,27.78,22.22,50.0,3,3,9,high,1,DNMT3A_3257_block2.jpg_x256_y768.jpg,DNMT3A_3257_block2.jpg,260509-HPA_DNMT3a_Patches影像檔案\256\1\DNMT3A_3257_block2.jpg_x256_y768.jpg
60,70,26,15,19,61,60205,8494,14.11,87.14,43.33,25.0,31.67,3,3,9,high,1,DNMT3A_3257_block2.jpg_x512_y1024.jpg,DNMT3A_3257_block2.jpg,260509-HPA_DNMT3a_Patches影像檔案\256\1\DNMT3A_3257_block2.jpg_x512_y1024.jpg
44,48,18,9,17,44,59672,7254,12.16,91.67,40.91,20.45,38.64,3,3,9,high,1,DNMT3A_3257_block2.jpg_x512_y1280.jpg,DNMT3A_3257_block2.jpg,260509-HPA_DNMT3a_Patches影像檔案\256\1\DNMT3A_3257_block2.jpg_x512_y1280.jpg
57,53,26,12,19,51,62193,10635,17.1,96.23,45.61,21.05,33.33,3,3,9,high,1,DNMT3A_3257_block2.jpg_x512_y1536.jpg,DNMT3A_3257_block2.jpg,260509-HPA_DNMT3a_Patches影像檔案\256\1\DNMT3A_3257_block2.jpg_x512_y1536.jpg
51,61,19,12,20,60,61769,9764,15.81,98.36,37.25,23.53,39.22,3,3,9,high,1,DNMT3A_3257_block2.jpg_x512_y1792.jpg,DNMT3A_3257_block2.jpg,260509-HPA_DNMT3a_Patches影像檔案\256\1\DNMT3A_3257_block2.jpg_x512_y1792.jpg
0,59,0,0,0,57,54841,0,0.0,96.61,0.0,0.0,0.0,1,3,3,low,1,DNMT3A_3257_block2.jpg_x512_y2048.jpg,DNMT3A_3257_block2.jpg,260509-HPA_DNMT3a_Patches影像檔案\256\1\DNMT3A_3257_block2.jpg_x512_y2048.jpg
32,36,7,7,18,33,49752,4587,9.22,91.67,21.88,21.88,56.25,3,3,9,high,1,DNMT3A_3257_block2.jpg_x512_y768.jpg,DNMT3A_3257_block2.jpg,260509-HPA_DNMT3a_Patches影像檔案\256\1\DNMT3A_3257_block2.jpg_x512_y768.jpg
49,58,22,6,21,55,62202,7929,12.75,94.83,44.9,12.24,42.86,3,3,9,high,1,DNMT3A_3257_block2.jpg_x768_y1024.jpg,DNMT3A_3257_block2.jpg,260509-HPA_DNMT3a_Patches影像檔案\256\1\DNMT3A_3257_block2.jpg_x768_y1024.jpg
45,50,14,10,21,50,62225,7742,12.44,100.0,31.11,22.22,46.67,3,3,9,high,1,DNMT3A_3257_block2.jpg_x768_y1280.jpg,DNMT3A_3257_block2.jpg,260509-HPA_DNMT3a_Patches影像檔案\256\1\DNMT3A_3257_block2.jpg_x768_y1280.jpg
1,48,0,0,1,39,58278,18,0.03,81.25,0.0,0.0,100.0,3,3,9,high,1,DNMT3A_3257_block2.jpg_x768_y1536.jpg,DNMT3A_3257_block2.jpg,260509-HPA_DNMT3a_Patches影像檔案\256\1\DNMT3A_3257_block2.jpg_x768_y1536.jpg
58,65,31,11,16,61,62000,9321,15.03,93.85,53.45,18.97,27.59,3,3,9,high,1,DNMT3A_3257_block2.jpg_x768_y1792.jpg,DNMT3A_3257_block2.jpg,260509-HPA_DNMT3a_Patches影像檔案\256\1\DNMT3A_3257_block2.jpg_x768_y1792.jpg
58,67,24,17,17,63,62239,8735,14.03,94.03,41.38,29.31,29.31,3,3,9,high,1,DNMT3A_3257_block2.jpg_x768_y2048.jpg,DNMT3A_3257_block2.jpg,260509-HPA_DNMT3a_Patches影像檔案\256\1\DNMT3A_3257_block2.jpg_x768_y2048.jpg
29,32,11,7,11,29,46588,5028,10.79,90.62,37.93,24.14,37.93,3,3,9,high,1,DNMT3A_3257_block2.jpg_x768_y2304.jpg,DNMT3A_3257_block2.jpg,260509-HPA_DNMT3a_Patches影像檔案\256\1\DNMT3A_3257_block2.jpg_x768_y2304.jpg
32,38,7,10,15,36,55859,4589,8.22,94.74,21.88,31.25,46.88,3,3,9,high,1,DNMT3A_3257_block2.jpg_x768_y256.jpg,DNMT3A_3257_block2.jpg,260509-HPA_DNMT3a_Patches影像檔案\256\1\DNMT3A_3257_block2.jpg_x768_y256.jpg
40,44,19,9,12,43,57194,4808,8.41,97.73,47.5,22.5,30.0,3,3,9,high,1,DNMT3A_3257_block2.jpg_x768_y512.jpg,DNMT3A_3257_block2.jpg,260509-HPA_DNMT3a_Patches影像檔案\256\1\DNMT3A_3257_block2.jpg_x768_y512.jpg
34,41,10,10,14,40,54395,3317,6.1,97.56,29.41,29.41,41.18,3,3,9,high,1,DNMT3A_3257_block2.jpg_x768_y768.jpg,DNMT3A_3257_block2.jpg,260509-HPA_DNMT3a_Patches影像檔案\256\1\DNMT3A_3257_block2.jpg_x768_y768.jpg
